/*
MySQL Backup
Source Server Version: 5.0.27
Source Database: needink_db
Date: 12/23/2011 05:52:59
*/

SET FOREIGN_KEY_CHECKS=0;

-- ----------------------------
--  Table structure for `0_apv_details`
-- ----------------------------
DROP TABLE IF EXISTS `0_apv_details`;
CREATE TABLE `0_apv_details` (
  `counter` int(11) NOT NULL auto_increment,
  `apv_no` varchar(20) NOT NULL default '',
  `account` varchar(11) NOT NULL default '',
  `amount` double NOT NULL default '0',
  `doc_ref` varchar(20) default '',
  PRIMARY KEY  (`counter`),
  KEY `Type_and_Number` (`apv_no`)
) ENGINE=InnoDB DEFAULT CHARSET=latin1;

-- ----------------------------
--  Table structure for `0_apv_header`
-- ----------------------------
DROP TABLE IF EXISTS `0_apv_header`;
CREATE TABLE `0_apv_header` (
  `id` int(11) NOT NULL auto_increment,
  `ref` varchar(255) NOT NULL,
  `cust_supp` tinyint(4) NOT NULL,
  `cust_supp_id` varchar(50) NOT NULL,
  `invoice_no` varchar(20) NOT NULL default '0',
  `tran_date` date NOT NULL,
  `terms_indicator` int(11) NOT NULL,
  `due_date` date NOT NULL,
  `explanation` text,
  `type` int(10) unsigned default '45',
  `voucher_account` int(10) unsigned NOT NULL,
  `cv` int(10) unsigned NOT NULL default '0',
  `alloc` double default '0',
  PRIMARY KEY  (`id`),
  UNIQUE KEY `ref` (`ref`)
) ENGINE=InnoDB DEFAULT CHARSET=latin1;

-- ----------------------------
--  Table structure for `0_areas`
-- ----------------------------
DROP TABLE IF EXISTS `0_areas`;
CREATE TABLE `0_areas` (
  `area_code` int(11) NOT NULL auto_increment,
  `description` varchar(60) NOT NULL default '',
  `inactive` tinyint(1) NOT NULL default '0',
  PRIMARY KEY  (`area_code`),
  UNIQUE KEY `description` (`description`)
) ENGINE=MyISAM AUTO_INCREMENT=2 DEFAULT CHARSET=latin1;

-- ----------------------------
--  Table structure for `0_attachments`
-- ----------------------------
DROP TABLE IF EXISTS `0_attachments`;
CREATE TABLE `0_attachments` (
  `id` int(11) unsigned NOT NULL auto_increment,
  `description` varchar(60) NOT NULL default '',
  `type_no` int(11) NOT NULL default '0',
  `trans_no` int(11) NOT NULL default '0',
  `unique_name` varchar(60) NOT NULL default '',
  `tran_date` date NOT NULL default '0000-00-00',
  `filename` varchar(60) NOT NULL default '',
  `filesize` int(11) NOT NULL default '0',
  `filetype` varchar(60) NOT NULL default '',
  PRIMARY KEY  (`id`),
  KEY `type_no` (`type_no`,`trans_no`)
) ENGINE=MyISAM DEFAULT CHARSET=latin1;

-- ----------------------------
--  Table structure for `0_audit_trail`
-- ----------------------------
DROP TABLE IF EXISTS `0_audit_trail`;
CREATE TABLE `0_audit_trail` (
  `id` int(11) NOT NULL auto_increment,
  `type` smallint(6) unsigned NOT NULL default '0',
  `trans_no` int(11) NOT NULL default '0',
  `user` smallint(6) unsigned NOT NULL default '0',
  `stamp` timestamp NOT NULL default CURRENT_TIMESTAMP on update CURRENT_TIMESTAMP,
  `description` varchar(60) default NULL,
  `fiscal_year` int(11) NOT NULL,
  `gl_date` date NOT NULL default '0000-00-00',
  `gl_seq` int(11) unsigned default NULL,
  PRIMARY KEY  (`id`),
  KEY `fiscal_year` (`fiscal_year`,`gl_seq`)
) ENGINE=InnoDB DEFAULT CHARSET=latin1;

-- ----------------------------
--  Table structure for `0_bank_accounts`
-- ----------------------------
DROP TABLE IF EXISTS `0_bank_accounts`;
CREATE TABLE `0_bank_accounts` (
  `account_code` varchar(11) NOT NULL default '',
  `account_type` smallint(6) NOT NULL default '0',
  `bank_account_name` varchar(60) NOT NULL default '',
  `bank_account_number` varchar(100) NOT NULL default '',
  `bank_name` varchar(60) NOT NULL default '',
  `bank_address` tinytext,
  `bank_curr_code` char(3) NOT NULL default '',
  `dflt_curr_act` tinyint(1) NOT NULL default '0',
  `id` smallint(6) NOT NULL auto_increment,
  `last_reconciled_date` timestamp NOT NULL default '0000-00-00 00:00:00',
  `ending_reconcile_balance` double NOT NULL default '0',
  `inactive` tinyint(1) NOT NULL default '0',
  PRIMARY KEY  (`id`),
  KEY `bank_account_name` (`bank_account_name`),
  KEY `bank_account_number` (`bank_account_number`)
) ENGINE=MyISAM AUTO_INCREMENT=4 DEFAULT CHARSET=latin1;

-- ----------------------------
--  Table structure for `0_bank_trans`
-- ----------------------------
DROP TABLE IF EXISTS `0_bank_trans`;
CREATE TABLE `0_bank_trans` (
  `id` int(11) NOT NULL auto_increment,
  `type` smallint(6) default NULL,
  `trans_no` int(11) default NULL,
  `bank_act` varchar(11) default NULL,
  `ref` varchar(40) default NULL,
  `trans_date` date NOT NULL default '0000-00-00',
  `amount` double default NULL,
  `dimension_id` int(11) NOT NULL default '0',
  `dimension2_id` int(11) NOT NULL default '0',
  `person_type_id` int(11) NOT NULL default '0',
  `person_id` tinyblob,
  `reconciled` date default NULL,
  PRIMARY KEY  (`id`),
  KEY `bank_act` (`bank_act`,`ref`),
  KEY `type` (`type`,`trans_no`)
) ENGINE=InnoDB DEFAULT CHARSET=latin1;

-- ----------------------------
--  Table structure for `0_bank_trans_types`
-- ----------------------------
DROP TABLE IF EXISTS `0_bank_trans_types`;
CREATE TABLE `0_bank_trans_types` (
  `id` int(11) NOT NULL auto_increment,
  `name` varchar(60) NOT NULL default '',
  PRIMARY KEY  (`id`),
  UNIQUE KEY `name` (`name`)
) ENGINE=MyISAM AUTO_INCREMENT=3 DEFAULT CHARSET=latin1;

-- ----------------------------
--  Table structure for `0_bom`
-- ----------------------------
DROP TABLE IF EXISTS `0_bom`;
CREATE TABLE `0_bom` (
  `id` int(11) NOT NULL auto_increment,
  `parent` char(20) NOT NULL default '',
  `component` char(20) NOT NULL default '',
  `workcentre_added` int(11) NOT NULL default '0',
  `loc_code` char(5) NOT NULL default '',
  `quantity` double NOT NULL default '1',
  PRIMARY KEY  (`parent`,`component`,`workcentre_added`,`loc_code`),
  KEY `component` (`component`),
  KEY `id` (`id`),
  KEY `loc_code` (`loc_code`),
  KEY `parent` (`parent`,`loc_code`),
  KEY `Parent_2` (`parent`),
  KEY `workcentre_added` (`workcentre_added`)
) ENGINE=MyISAM AUTO_INCREMENT=8 DEFAULT CHARSET=latin1;

-- ----------------------------
--  Table structure for `0_bom_temp`
-- ----------------------------
DROP TABLE IF EXISTS `0_bom_temp`;
CREATE TABLE `0_bom_temp` (
  `id` int(11) NOT NULL auto_increment,
  `parent` char(20) NOT NULL default '',
  `component` char(20) NOT NULL default '',
  `workcentre_added` int(11) NOT NULL default '0',
  `loc_code` char(5) NOT NULL default '',
  `quantity` double NOT NULL default '1',
  PRIMARY KEY  (`parent`,`component`,`workcentre_added`,`loc_code`),
  KEY `component` (`component`),
  KEY `id` (`id`),
  KEY `loc_code` (`loc_code`),
  KEY `parent` (`parent`,`loc_code`),
  KEY `Parent_2` (`parent`),
  KEY `workcentre_added` (`workcentre_added`)
) ENGINE=MyISAM DEFAULT CHARSET=latin1;

-- ----------------------------
--  Table structure for `0_bottling`
-- ----------------------------
DROP TABLE IF EXISTS `0_bottling`;
CREATE TABLE `0_bottling` (
  `id` int(11) NOT NULL auto_increment,
  `from_units` varchar(32) default NULL,
  `val1` double default NULL,
  `to_units` varchar(32) default NULL,
  `val2` double default NULL,
  PRIMARY KEY  (`id`)
) ENGINE=InnoDB DEFAULT CHARSET=latin1 ROW_FORMAT=COMPACT;

-- ----------------------------
--  Table structure for `0_brands`
-- ----------------------------
DROP TABLE IF EXISTS `0_brands`;
CREATE TABLE `0_brands` (
  `id` int(11) NOT NULL auto_increment,
  `name` varchar(60) NOT NULL default '',
  `inactive` tinyint(1) NOT NULL default '0',
  PRIMARY KEY  (`id`),
  UNIQUE KEY `name` (`name`)
) ENGINE=MyISAM AUTO_INCREMENT=4 DEFAULT CHARSET=latin1;

-- ----------------------------
--  Table structure for `0_budget_trans`
-- ----------------------------
DROP TABLE IF EXISTS `0_budget_trans`;
CREATE TABLE `0_budget_trans` (
  `counter` int(11) NOT NULL auto_increment,
  `type` smallint(6) NOT NULL default '0',
  `type_no` bigint(16) NOT NULL default '1',
  `tran_date` date NOT NULL default '0000-00-00',
  `account` varchar(11) NOT NULL default '',
  `memo_` tinytext NOT NULL,
  `amount` double NOT NULL default '0',
  `dimension_id` int(11) default '0',
  `dimension2_id` int(11) default '0',
  `person_type_id` int(11) default NULL,
  `person_id` tinyblob,
  PRIMARY KEY  (`counter`),
  KEY `Type_and_Number` (`type`,`type_no`)
) ENGINE=InnoDB DEFAULT CHARSET=latin1;

-- ----------------------------
--  Table structure for `0_business_classification`
-- ----------------------------
DROP TABLE IF EXISTS `0_business_classification`;
CREATE TABLE `0_business_classification` (
  `id` int(10) unsigned NOT NULL auto_increment,
  `desc` varchar(45) NOT NULL,
  `inactive` tinyint(1) unsigned NOT NULL default '0',
  PRIMARY KEY  (`id`),
  UNIQUE KEY `desc` (`desc`)
) ENGINE=InnoDB DEFAULT CHARSET=latin1;

-- ----------------------------
--  Table structure for `0_business_type`
-- ----------------------------
DROP TABLE IF EXISTS `0_business_type`;
CREATE TABLE `0_business_type` (
  `id` int(10) unsigned NOT NULL auto_increment,
  `desc` varchar(45) NOT NULL,
  `inactive` tinyint(1) unsigned NOT NULL default '0',
  PRIMARY KEY  (`id`),
  UNIQUE KEY `desc` (`desc`)
) ENGINE=InnoDB DEFAULT CHARSET=latin1;

-- ----------------------------
--  Table structure for `0_chart_class`
-- ----------------------------
DROP TABLE IF EXISTS `0_chart_class`;
CREATE TABLE `0_chart_class` (
  `cid` int(11) NOT NULL default '0',
  `class_name` varchar(60) NOT NULL default '',
  `ctype` tinyint(1) NOT NULL default '0',
  `inactive` tinyint(1) NOT NULL default '0',
  PRIMARY KEY  (`cid`)
) ENGINE=MyISAM DEFAULT CHARSET=latin1;

-- ----------------------------
--  Table structure for `0_chart_master`
-- ----------------------------
DROP TABLE IF EXISTS `0_chart_master`;
CREATE TABLE `0_chart_master` (
  `account_code` varchar(11) NOT NULL default '',
  `account_code2` varchar(11) default '',
  `account_name` varchar(60) NOT NULL default '',
  `account_type` int(11) NOT NULL default '0',
  `inactive` tinyint(1) NOT NULL default '0',
  PRIMARY KEY  (`account_code`),
  KEY `account_code` (`account_code`),
  KEY `account_name` (`account_name`)
) ENGINE=MyISAM DEFAULT CHARSET=latin1;

-- ----------------------------
--  Table structure for `0_chart_types`
-- ----------------------------
DROP TABLE IF EXISTS `0_chart_types`;
CREATE TABLE `0_chart_types` (
  `id` int(11) NOT NULL auto_increment,
  `name` varchar(60) NOT NULL default '',
  `class_id` tinyint(1) NOT NULL default '0',
  `parent` int(11) NOT NULL default '-1',
  `inactive` tinyint(1) NOT NULL default '0',
  PRIMARY KEY  (`id`),
  KEY `name` (`name`)
) ENGINE=MyISAM AUTO_INCREMENT=13 DEFAULT CHARSET=latin1;

-- ----------------------------
--  Table structure for `0_check_account`
-- ----------------------------
DROP TABLE IF EXISTS `0_check_account`;
CREATE TABLE `0_check_account` (
  `account_id` int(11) NOT NULL auto_increment,
  `bank_ref` varchar(11) collate utf8_unicode_ci NOT NULL,
  `next_reference` varchar(100) collate utf8_unicode_ci NOT NULL,
  PRIMARY KEY  USING BTREE (`account_id`),
  UNIQUE KEY `bank_ref` (`bank_ref`)
) ENGINE=InnoDB DEFAULT CHARSET=utf8 COLLATE=utf8_unicode_ci ROW_FORMAT=DYNAMIC;

-- ----------------------------
--  Table structure for `0_check_trans`
-- ----------------------------
DROP TABLE IF EXISTS `0_check_trans`;
CREATE TABLE `0_check_trans` (
  `id` int(11) NOT NULL auto_increment,
  `check_ref` varchar(100) collate utf8_unicode_ci NOT NULL,
  `bank_trans_type` int(11) NOT NULL,
  `bank_trans_id` int(11) NOT NULL,
  `cheque_bank_id` int(11) NOT NULL,
  PRIMARY KEY  (`id`),
  UNIQUE KEY `cheque_ref` USING BTREE (`check_ref`,`cheque_bank_id`)
) ENGINE=InnoDB DEFAULT CHARSET=utf8 COLLATE=utf8_unicode_ci ROW_FORMAT=DYNAMIC;

-- ----------------------------
--  Table structure for `0_check_trans_20111220`
-- ----------------------------
DROP TABLE IF EXISTS `0_check_trans_20111220`;
CREATE TABLE `0_check_trans_20111220` (
  `id` int(11) NOT NULL auto_increment,
  `check_ref` varchar(100) collate utf8_unicode_ci NOT NULL,
  `bank_trans_id` int(11) NOT NULL,
  `cheque_bank_id` int(11) NOT NULL,
  PRIMARY KEY  (`id`),
  UNIQUE KEY `cheque_ref` USING BTREE (`check_ref`,`cheque_bank_id`)
) ENGINE=InnoDB DEFAULT CHARSET=utf8 COLLATE=utf8_unicode_ci ROW_FORMAT=DYNAMIC;

-- ----------------------------
--  Table structure for `0_check_voucher`
-- ----------------------------
DROP TABLE IF EXISTS `0_check_voucher`;
CREATE TABLE `0_check_voucher` (
  `id` int(11) NOT NULL auto_increment,
  `cv_no` varchar(20) default NULL,
  `cv_date` date default NULL,
  `cheque_no` varchar(40) default NULL,
  `apv_no` varchar(5000) default NULL,
  `amount` double default NULL,
  `payment_no` varchar(45) default '0',
  `memo_` text,
  PRIMARY KEY  (`id`)
) ENGINE=InnoDB DEFAULT CHARSET=latin1 ROW_FORMAT=DYNAMIC;

-- ----------------------------
--  Table structure for `0_cheque_details`
-- ----------------------------
DROP TABLE IF EXISTS `0_cheque_details`;
CREATE TABLE `0_cheque_details` (
  `id` int(10) unsigned NOT NULL auto_increment,
  `bank_trans_id` int(10) unsigned NOT NULL,
  `bank` varchar(50) NOT NULL,
  `branch` varchar(50) NOT NULL,
  `chk_number` varchar(50) NOT NULL,
  `chk_date` date NOT NULL default '0000-00-00',
  `receive` tinyint(1) unsigned NOT NULL default '0',
  `type` smallint(6) unsigned NOT NULL,
  PRIMARY KEY  (`id`)
) ENGINE=InnoDB DEFAULT CHARSET=latin1;

-- ----------------------------
--  Table structure for `0_comments`
-- ----------------------------
DROP TABLE IF EXISTS `0_comments`;
CREATE TABLE `0_comments` (
  `type` int(11) NOT NULL default '0',
  `id` int(11) NOT NULL default '0',
  `date_` date default '0000-00-00',
  `memo_` tinytext
) ENGINE=InnoDB DEFAULT CHARSET=latin1;

-- ----------------------------
--  Table structure for `0_company`
-- ----------------------------
DROP TABLE IF EXISTS `0_company`;
CREATE TABLE `0_company` (
  `coy_code` int(11) NOT NULL default '1',
  `coy_name` varchar(60) NOT NULL default '',
  `gst_no` varchar(25) NOT NULL default '',
  `coy_no` varchar(25) NOT NULL default '0',
  `tax_prd` int(11) NOT NULL default '1',
  `tax_last` int(11) NOT NULL default '1',
  `postal_address` tinytext NOT NULL,
  `phone` varchar(30) NOT NULL default '',
  `fax` varchar(30) NOT NULL default '',
  `email` varchar(100) NOT NULL default '',
  `coy_logo` varchar(100) NOT NULL default '',
  `domicile` varchar(55) NOT NULL default '',
  `curr_default` char(3) NOT NULL default '',
  `debtors_act` varchar(11) NOT NULL default '',
  `pyt_discount_act` varchar(11) NOT NULL default '',
  `creditors_act` varchar(11) NOT NULL default '',
  `bank_charge_act` varchar(11) NOT NULL default '',
  `exchange_diff_act` varchar(11) NOT NULL default '',
  `profit_loss_year_act` varchar(11) NOT NULL default '',
  `retained_earnings_act` varchar(11) NOT NULL default '',
  `freight_act` varchar(11) NOT NULL default '',
  `default_sales_act` varchar(11) NOT NULL default '',
  `default_sales_discount_act` varchar(11) NOT NULL default '',
  `default_prompt_payment_act` varchar(11) NOT NULL default '',
  `default_inventory_act` varchar(11) NOT NULL default '',
  `default_cogs_act` varchar(11) NOT NULL default '',
  `default_adj_act` varchar(11) NOT NULL default '',
  `default_inv_sales_act` varchar(11) NOT NULL default '',
  `default_assembly_act` varchar(11) NOT NULL default '',
  `payroll_act` varchar(11) NOT NULL default '',
  `allow_negative_stock` tinyint(1) NOT NULL default '0',
  `po_over_receive` int(11) NOT NULL default '10',
  `po_over_charge` int(11) NOT NULL default '10',
  `default_credit_limit` int(11) NOT NULL default '1000',
  `default_workorder_required` int(11) NOT NULL default '20',
  `default_dim_required` int(11) NOT NULL default '20',
  `past_due_days` int(11) NOT NULL default '30',
  `use_dimension` tinyint(1) default '0',
  `f_year` int(11) NOT NULL default '1',
  `no_item_list` tinyint(1) NOT NULL default '0',
  `no_customer_list` tinyint(1) NOT NULL default '0',
  `no_supplier_list` tinyint(1) NOT NULL default '0',
  `base_sales` int(11) NOT NULL default '-1',
  `foreign_codes` tinyint(1) NOT NULL default '0',
  `accumulate_shipping` tinyint(1) NOT NULL default '0',
  `legal_text` tinytext NOT NULL,
  `default_delivery_required` smallint(6) NOT NULL default '1',
  `version_id` varchar(11) NOT NULL default '',
  `time_zone` tinyint(1) NOT NULL default '0',
  `add_pct` int(5) NOT NULL default '-1',
  `round_to` int(5) NOT NULL default '1',
  `login_tout` smallint(6) NOT NULL default '600',
  `default_sales_ewt_act` varchar(11) NOT NULL default '',
  PRIMARY KEY  (`coy_code`)
) ENGINE=MyISAM DEFAULT CHARSET=latin1;

-- ----------------------------
--  Table structure for `0_contacts`
-- ----------------------------
DROP TABLE IF EXISTS `0_contacts`;
CREATE TABLE `0_contacts` (
  `id` int(11) NOT NULL auto_increment,
  `contact_name` varchar(60) NOT NULL,
  `phone_no` varchar(60) default NULL,
  `phone2_no` varchar(60) default NULL,
  `fax_no` varchar(60) default NULL,
  `fax2_no` varchar(60) default NULL,
  `email_address` varchar(60) default NULL,
  `person_id` int(11) default NULL,
  `contact_type` int(1) NOT NULL default '1',
  `role_id` int(11) default NULL,
  PRIMARY KEY  (`id`)
) ENGINE=InnoDB DEFAULT CHARSET=latin1;

-- ----------------------------
--  Table structure for `0_credit_status`
-- ----------------------------
DROP TABLE IF EXISTS `0_credit_status`;
CREATE TABLE `0_credit_status` (
  `id` int(11) NOT NULL auto_increment,
  `reason_description` char(100) NOT NULL default '',
  `dissallow_invoices` tinyint(1) NOT NULL default '0',
  `inactive` tinyint(1) NOT NULL default '0',
  PRIMARY KEY  (`id`),
  UNIQUE KEY `reason_description` (`reason_description`)
) ENGINE=MyISAM AUTO_INCREMENT=6 DEFAULT CHARSET=latin1;

-- ----------------------------
--  Table structure for `0_currencies`
-- ----------------------------
DROP TABLE IF EXISTS `0_currencies`;
CREATE TABLE `0_currencies` (
  `currency` varchar(60) NOT NULL default '',
  `curr_abrev` char(3) NOT NULL default '',
  `curr_symbol` varchar(10) NOT NULL default '',
  `country` varchar(100) NOT NULL default '',
  `hundreds_name` varchar(15) NOT NULL default '',
  `auto_update` tinyint(1) NOT NULL default '1',
  `inactive` tinyint(1) NOT NULL default '0',
  PRIMARY KEY  (`curr_abrev`)
) ENGINE=MyISAM DEFAULT CHARSET=latin1;

-- ----------------------------
--  Table structure for `0_cust_allocations`
-- ----------------------------
DROP TABLE IF EXISTS `0_cust_allocations`;
CREATE TABLE `0_cust_allocations` (
  `id` int(11) NOT NULL auto_increment,
  `amt` double unsigned default NULL,
  `date_alloc` date NOT NULL default '0000-00-00',
  `trans_no_from` int(11) default NULL,
  `trans_type_from` int(11) default NULL,
  `trans_no_to` int(11) default NULL,
  `trans_type_to` int(11) default NULL,
  PRIMARY KEY  (`id`)
) ENGINE=InnoDB DEFAULT CHARSET=latin1;

-- ----------------------------
--  Table structure for `0_cust_branch`
-- ----------------------------
DROP TABLE IF EXISTS `0_cust_branch`;
CREATE TABLE `0_cust_branch` (
  `branch_code` int(11) NOT NULL auto_increment,
  `debtor_no` int(11) NOT NULL default '0',
  `br_name` varchar(200) NOT NULL default '',
  `branch_ref` varchar(30) NOT NULL default '',
  `br_address` tinytext NOT NULL,
  `area` int(11) default NULL,
  `salesman` int(11) NOT NULL default '0',
  `phone` varchar(30) NOT NULL default '',
  `phone2` varchar(30) NOT NULL default '',
  `fax` varchar(30) NOT NULL default '',
  `contact_name` varchar(60) NOT NULL default '',
  `email` varchar(100) NOT NULL default '',
  `default_location` varchar(5) NOT NULL default '',
  `tax_group_id` int(11) default NULL,
  `sales_account` varchar(11) default NULL,
  `sales_discount_account` varchar(11) default NULL,
  `receivables_account` varchar(11) default NULL,
  `payment_discount_account` varchar(11) default NULL,
  `default_ship_via` int(11) NOT NULL default '1',
  `disable_trans` tinyint(4) NOT NULL default '0',
  `br_post_address` tinytext NOT NULL,
  `group_no` int(11) NOT NULL default '0',
  `notes` tinytext NOT NULL,
  `inactive` tinyint(1) NOT NULL default '0',
  `dimension_id` int(10) default '0',
  `dimension2_id` int(10) default '0',
  PRIMARY KEY  (`branch_code`,`debtor_no`),
  KEY `branch_code` (`branch_code`),
  KEY `br_name` (`br_name`)
) ENGINE=MyISAM AUTO_INCREMENT=2 DEFAULT CHARSET=latin1;

-- ----------------------------
--  Table structure for `0_debtors_master`
-- ----------------------------
DROP TABLE IF EXISTS `0_debtors_master`;
CREATE TABLE `0_debtors_master` (
  `debtor_no` int(11) NOT NULL auto_increment,
  `name` varchar(100) NOT NULL default '',
  `debtor_ref` varchar(30) NOT NULL,
  `address` tinytext,
  `email` varchar(100) NOT NULL default '',
  `tax_id` varchar(55) NOT NULL default '',
  `curr_code` char(3) NOT NULL default '',
  `sales_type` int(11) NOT NULL default '1',
  `dimension_id` int(11) NOT NULL default '0',
  `dimension2_id` int(11) NOT NULL default '0',
  `credit_status` int(11) NOT NULL default '0',
  `payment_terms` int(11) default NULL,
  `discount` double NOT NULL default '0',
  `pymt_discount` double NOT NULL default '0',
  `credit_limit` float NOT NULL default '1000',
  `notes` tinytext NOT NULL,
  `inactive` tinyint(1) NOT NULL default '0',
  PRIMARY KEY  (`debtor_no`),
  UNIQUE KEY `name` (`name`)
) ENGINE=MyISAM AUTO_INCREMENT=7 DEFAULT CHARSET=latin1;

-- ----------------------------
--  Table structure for `0_debtors_master_jomar`
-- ----------------------------
DROP TABLE IF EXISTS `0_debtors_master_jomar`;
CREATE TABLE `0_debtors_master_jomar` (
  `debtor_no` int(11) NOT NULL auto_increment,
  `name` varchar(100) NOT NULL default '',
  `debtor_ref` varchar(30) NOT NULL,
  `address` tinytext,
  `email` varchar(100) NOT NULL default '',
  `tax_id` varchar(55) NOT NULL default '',
  `curr_code` char(3) NOT NULL default '',
  `sales_type` int(11) NOT NULL default '1',
  `dimension_id` int(11) NOT NULL default '0',
  `dimension2_id` int(11) NOT NULL default '0',
  `credit_status` int(11) NOT NULL default '0',
  `payment_terms` int(11) default NULL,
  `discount` double NOT NULL default '0',
  `pymt_discount` double NOT NULL default '0',
  `credit_limit` float NOT NULL default '1000',
  `notes` tinytext NOT NULL,
  `designation` tinytext NOT NULL,
  `tel_no` varchar(30) NOT NULL,
  `fax_no` varchar(30) NOT NULL,
  `btype_id` int(11) NOT NULL,
  `bclass_id` int(11) NOT NULL,
  `inactive` tinyint(1) NOT NULL default '0',
  `office_address` tinytext,
  `dti_no` varchar(32) default NULL,
  `tin_no` varchar(32) default NULL,
  `no_of_yrs` int(11) default NULL,
  `no_of_employees` int(11) default NULL,
  `accnt_no` int(11) default NULL,
  PRIMARY KEY  (`debtor_no`),
  UNIQUE KEY `name` (`name`)
) ENGINE=MyISAM AUTO_INCREMENT=100 DEFAULT CHARSET=latin1;

-- ----------------------------
--  Table structure for `0_debtor_trans`
-- ----------------------------
DROP TABLE IF EXISTS `0_debtor_trans`;
CREATE TABLE `0_debtor_trans` (
  `trans_no` int(11) unsigned NOT NULL default '0',
  `type` smallint(6) unsigned NOT NULL default '0',
  `version` tinyint(1) unsigned NOT NULL default '0',
  `debtor_no` int(11) unsigned default NULL,
  `branch_code` int(11) NOT NULL default '-1',
  `tran_date` date NOT NULL default '0000-00-00',
  `due_date` date NOT NULL default '0000-00-00',
  `reference` varchar(60) NOT NULL default '',
  `tpe` int(11) NOT NULL default '0',
  `order_` int(11) NOT NULL default '0',
  `ov_amount` double NOT NULL default '0',
  `ov_gst` double NOT NULL default '0',
  `ov_freight` double NOT NULL default '0',
  `ov_freight_tax` double NOT NULL default '0',
  `ov_discount` double NOT NULL default '0',
  `alloc` double NOT NULL default '0',
  `rate` double NOT NULL default '1',
  `ship_via` int(11) default NULL,
  `trans_link` int(11) NOT NULL default '0',
  `dimension_id` int(11) NOT NULL default '0',
  `dimension2_id` int(11) NOT NULL default '0',
  `location` varchar(45) default NULL,
  `form_type_no` varchar(100) NOT NULL,
  `ewt` double NOT NULL default '0',
  `form_type` int(11) NOT NULL default '0',
  PRIMARY KEY  (`trans_no`,`type`),
  KEY `debtor_no` (`debtor_no`,`branch_code`)
) ENGINE=InnoDB DEFAULT CHARSET=latin1 ROW_FORMAT=DYNAMIC;

-- ----------------------------
--  Table structure for `0_debtor_trans_details`
-- ----------------------------
DROP TABLE IF EXISTS `0_debtor_trans_details`;
CREATE TABLE `0_debtor_trans_details` (
  `id` int(11) NOT NULL auto_increment,
  `debtor_trans_no` int(11) default NULL,
  `debtor_trans_type` int(11) default NULL,
  `stock_id` varchar(20) NOT NULL default '',
  `description` tinytext,
  `unit_price` double NOT NULL default '0',
  `unit_tax` double NOT NULL default '0',
  `quantity` double NOT NULL default '0',
  `discount_percent` double NOT NULL default '0',
  `standard_cost` double NOT NULL default '0',
  `qty_done` double NOT NULL default '0',
  PRIMARY KEY  (`id`)
) ENGINE=InnoDB DEFAULT CHARSET=latin1;

-- ----------------------------
--  Table structure for `0_dimensions`
-- ----------------------------
DROP TABLE IF EXISTS `0_dimensions`;
CREATE TABLE `0_dimensions` (
  `id` int(11) NOT NULL auto_increment,
  `reference` varchar(60) NOT NULL default '',
  `name` varchar(60) NOT NULL default '',
  `type_` tinyint(1) NOT NULL default '1',
  `closed` tinyint(1) NOT NULL default '0',
  `date_` date NOT NULL default '0000-00-00',
  `due_date` date NOT NULL default '0000-00-00',
  PRIMARY KEY  (`id`),
  UNIQUE KEY `reference` (`reference`)
) ENGINE=InnoDB DEFAULT CHARSET=latin1;

-- ----------------------------
--  Table structure for `0_exchange_rates`
-- ----------------------------
DROP TABLE IF EXISTS `0_exchange_rates`;
CREATE TABLE `0_exchange_rates` (
  `id` int(11) NOT NULL auto_increment,
  `curr_code` char(3) NOT NULL default '',
  `rate_buy` double NOT NULL default '0',
  `rate_sell` double NOT NULL default '0',
  `date_` date NOT NULL default '0000-00-00',
  PRIMARY KEY  (`id`),
  UNIQUE KEY `curr_code` (`curr_code`,`date_`)
) ENGINE=MyISAM AUTO_INCREMENT=9 DEFAULT CHARSET=latin1;

-- ----------------------------
--  Table structure for `0_fiscal_year`
-- ----------------------------
DROP TABLE IF EXISTS `0_fiscal_year`;
CREATE TABLE `0_fiscal_year` (
  `id` int(11) NOT NULL auto_increment,
  `begin` date default '0000-00-00',
  `end` date default '0000-00-00',
  `closed` tinyint(1) NOT NULL default '0',
  PRIMARY KEY  (`id`)
) ENGINE=InnoDB DEFAULT CHARSET=latin1;

-- ----------------------------
--  Table structure for `0_gl_trans`
-- ----------------------------
DROP TABLE IF EXISTS `0_gl_trans`;
CREATE TABLE `0_gl_trans` (
  `counter` int(11) NOT NULL auto_increment,
  `type` smallint(6) NOT NULL default '0',
  `type_no` bigint(16) NOT NULL default '1',
  `tran_date` date NOT NULL default '0000-00-00',
  `account` varchar(11) NOT NULL default '',
  `memo_` tinytext NOT NULL,
  `amount` double NOT NULL default '0',
  `dimension_id` int(11) NOT NULL default '0',
  `dimension2_id` int(11) NOT NULL default '0',
  `person_type_id` int(11) default NULL,
  `person_id` tinyblob,
  PRIMARY KEY  (`counter`),
  KEY `Type_and_Number` (`type`,`type_no`)
) ENGINE=InnoDB DEFAULT CHARSET=latin1;

-- ----------------------------
--  Table structure for `0_grn_batch`
-- ----------------------------
DROP TABLE IF EXISTS `0_grn_batch`;
CREATE TABLE `0_grn_batch` (
  `id` int(11) NOT NULL auto_increment,
  `supplier_id` int(11) NOT NULL default '0',
  `purch_order_no` int(11) default NULL,
  `reference` varchar(60) NOT NULL default '',
  `delivery_date` date NOT NULL default '0000-00-00',
  `loc_code` varchar(5) default NULL,
  PRIMARY KEY  (`id`)
) ENGINE=InnoDB DEFAULT CHARSET=latin1;

-- ----------------------------
--  Table structure for `0_grn_items`
-- ----------------------------
DROP TABLE IF EXISTS `0_grn_items`;
CREATE TABLE `0_grn_items` (
  `id` int(11) NOT NULL auto_increment,
  `grn_batch_id` int(11) default NULL,
  `po_detail_item` int(11) NOT NULL default '0',
  `item_code` varchar(20) NOT NULL default '',
  `description` tinytext,
  `qty_recd` double NOT NULL default '0',
  `quantity_inv` double NOT NULL default '0',
  PRIMARY KEY  (`id`)
) ENGINE=InnoDB DEFAULT CHARSET=latin1;

-- ----------------------------
--  Table structure for `0_groups`
-- ----------------------------
DROP TABLE IF EXISTS `0_groups`;
CREATE TABLE `0_groups` (
  `id` smallint(6) unsigned NOT NULL auto_increment,
  `description` varchar(60) NOT NULL default '',
  `inactive` tinyint(1) NOT NULL default '0',
  PRIMARY KEY  (`id`),
  UNIQUE KEY `description` (`description`)
) ENGINE=MyISAM AUTO_INCREMENT=4 DEFAULT CHARSET=latin1;

-- ----------------------------
--  Table structure for `0_isn_gen`
-- ----------------------------
DROP TABLE IF EXISTS `0_isn_gen`;
CREATE TABLE `0_isn_gen` (
  `trans_no` int(11) NOT NULL,
  `trans_type` int(11) NOT NULL,
  `stock_id` varchar(255) NOT NULL,
  `isn` varchar(255) NOT NULL,
  `loc_code` varchar(255) NOT NULL,
  `month` int(10) unsigned default NULL,
  `year` int(11) default NULL,
  `isn_no` int(11) default NULL,
  `cost` double default '0',
  `gross_price` double default '0',
  `unit_price` double default '0',
  `tpc` double default '0',
  `is_available` tinyint(1) default '1',
  `ssn` varchar(255) default NULL,
  `aic` varchar(255) default '',
  `inactive` tinyint(1) NOT NULL default '0',
  PRIMARY KEY  (`isn`,`loc_code`)
) ENGINE=InnoDB DEFAULT CHARSET=latin1;

-- ----------------------------
--  Table structure for `0_isn_trans`
-- ----------------------------
DROP TABLE IF EXISTS `0_isn_trans`;
CREATE TABLE `0_isn_trans` (
  `stock_id` varchar(255) NOT NULL,
  `isn` varchar(255) NOT NULL,
  `trans_no` int(10) unsigned NOT NULL,
  `trans_type` int(10) unsigned NOT NULL,
  `date` date NOT NULL,
  `movement_type` int(10) unsigned NOT NULL,
  `loc_code` varchar(45) NOT NULL,
  `id` int(10) unsigned NOT NULL auto_increment,
  PRIMARY KEY  USING BTREE (`id`)
) ENGINE=InnoDB DEFAULT CHARSET=latin1;

-- ----------------------------
--  Table structure for `0_item_codes`
-- ----------------------------
DROP TABLE IF EXISTS `0_item_codes`;
CREATE TABLE `0_item_codes` (
  `id` int(11) unsigned NOT NULL auto_increment,
  `item_code` varchar(20) NOT NULL,
  `stock_id` varchar(20) NOT NULL,
  `description` tinytext NOT NULL,
  `category_id` smallint(6) unsigned NOT NULL,
  `quantity` double NOT NULL default '1',
  `is_foreign` tinyint(1) NOT NULL default '0',
  `inactive` tinyint(1) NOT NULL default '0',
  PRIMARY KEY  (`id`),
  UNIQUE KEY `stock_id` (`stock_id`,`item_code`)
) ENGINE=MyISAM AUTO_INCREMENT=1017 DEFAULT CHARSET=latin1;

-- ----------------------------
--  Table structure for `0_item_codes_12`
-- ----------------------------
DROP TABLE IF EXISTS `0_item_codes_12`;
CREATE TABLE `0_item_codes_12` (
  `id` int(11) unsigned NOT NULL auto_increment,
  `item_code` varchar(20) NOT NULL,
  `stock_id` varchar(20) NOT NULL,
  `description` tinytext NOT NULL,
  `category_id` smallint(6) unsigned NOT NULL,
  `quantity` double NOT NULL default '1',
  `is_foreign` tinyint(1) NOT NULL default '0',
  `inactive` tinyint(1) NOT NULL default '0',
  PRIMARY KEY  (`id`),
  UNIQUE KEY `stock_id` (`stock_id`,`item_code`)
) ENGINE=MyISAM AUTO_INCREMENT=30 DEFAULT CHARSET=latin1;

-- ----------------------------
--  Table structure for `0_item_tax_types`
-- ----------------------------
DROP TABLE IF EXISTS `0_item_tax_types`;
CREATE TABLE `0_item_tax_types` (
  `id` int(11) NOT NULL auto_increment,
  `name` varchar(60) NOT NULL default '',
  `exempt` tinyint(1) NOT NULL default '0',
  `inactive` tinyint(1) NOT NULL default '0',
  PRIMARY KEY  (`id`),
  UNIQUE KEY `name` (`name`)
) ENGINE=InnoDB DEFAULT CHARSET=latin1;

-- ----------------------------
--  Table structure for `0_item_tax_type_exemptions`
-- ----------------------------
DROP TABLE IF EXISTS `0_item_tax_type_exemptions`;
CREATE TABLE `0_item_tax_type_exemptions` (
  `item_tax_type_id` int(11) NOT NULL default '0',
  `tax_type_id` int(11) NOT NULL default '0',
  PRIMARY KEY  (`item_tax_type_id`,`tax_type_id`)
) ENGINE=InnoDB DEFAULT CHARSET=latin1;

-- ----------------------------
--  Table structure for `0_item_units`
-- ----------------------------
DROP TABLE IF EXISTS `0_item_units`;
CREATE TABLE `0_item_units` (
  `abbr` varchar(20) NOT NULL,
  `name` varchar(40) NOT NULL,
  `decimals` tinyint(2) NOT NULL,
  `inactive` tinyint(1) NOT NULL default '0',
  PRIMARY KEY  (`abbr`),
  UNIQUE KEY `name` (`name`)
) ENGINE=MyISAM DEFAULT CHARSET=latin1;

-- ----------------------------
--  Table structure for `0_locations`
-- ----------------------------
DROP TABLE IF EXISTS `0_locations`;
CREATE TABLE `0_locations` (
  `loc_code` varchar(5) NOT NULL default '',
  `location_name` varchar(60) NOT NULL default '',
  `delivery_address` tinytext NOT NULL,
  `phone` varchar(30) NOT NULL default '',
  `phone2` varchar(30) NOT NULL default '',
  `fax` varchar(30) NOT NULL default '',
  `email` varchar(100) NOT NULL default '',
  `contact` varchar(30) NOT NULL default '',
  `inactive` tinyint(1) NOT NULL default '0',
  PRIMARY KEY  (`loc_code`)
) ENGINE=MyISAM DEFAULT CHARSET=latin1;

-- ----------------------------
--  Table structure for `0_loc_stock`
-- ----------------------------
DROP TABLE IF EXISTS `0_loc_stock`;
CREATE TABLE `0_loc_stock` (
  `loc_code` char(5) NOT NULL default '',
  `stock_id` char(20) NOT NULL default '',
  `reorder_level` bigint(20) NOT NULL default '0',
  PRIMARY KEY  (`loc_code`,`stock_id`),
  KEY `stock_id` (`stock_id`)
) ENGINE=InnoDB DEFAULT CHARSET=latin1;

-- ----------------------------
--  Table structure for `0_loc_stock_12`
-- ----------------------------
DROP TABLE IF EXISTS `0_loc_stock_12`;
CREATE TABLE `0_loc_stock_12` (
  `loc_code` char(5) NOT NULL default '',
  `stock_id` char(20) NOT NULL default '',
  `reorder_level` bigint(20) NOT NULL default '0',
  PRIMARY KEY  (`loc_code`,`stock_id`),
  KEY `stock_id` (`stock_id`)
) ENGINE=InnoDB DEFAULT CHARSET=latin1;

-- ----------------------------
--  Table structure for `0_movement_types`
-- ----------------------------
DROP TABLE IF EXISTS `0_movement_types`;
CREATE TABLE `0_movement_types` (
  `id` int(11) NOT NULL auto_increment,
  `name` varchar(60) NOT NULL default '',
  `inactive` tinyint(1) NOT NULL default '0',
  PRIMARY KEY  (`id`),
  UNIQUE KEY `name` (`name`)
) ENGINE=MyISAM AUTO_INCREMENT=2 DEFAULT CHARSET=latin1;

-- ----------------------------
--  Table structure for `0_payment_terms`
-- ----------------------------
DROP TABLE IF EXISTS `0_payment_terms`;
CREATE TABLE `0_payment_terms` (
  `terms_indicator` int(11) NOT NULL auto_increment,
  `terms` char(80) NOT NULL default '',
  `days_before_due` smallint(6) NOT NULL default '0',
  `day_in_following_month` smallint(6) NOT NULL default '0',
  `inactive` tinyint(1) NOT NULL default '0',
  PRIMARY KEY  (`terms_indicator`),
  UNIQUE KEY `terms` (`terms`)
) ENGINE=MyISAM AUTO_INCREMENT=15 DEFAULT CHARSET=latin1;

-- ----------------------------
--  Table structure for `0_pc_code`
-- ----------------------------
DROP TABLE IF EXISTS `0_pc_code`;
CREATE TABLE `0_pc_code` (
  `id` int(10) unsigned NOT NULL auto_increment,
  `loc_code` varchar(45) NOT NULL,
  `prefix` varchar(100) NOT NULL default '',
  `next_ref` varchar(100) NOT NULL,
  PRIMARY KEY  (`id`)
) ENGINE=InnoDB DEFAULT CHARSET=latin1 ROW_FORMAT=DYNAMIC;

-- ----------------------------
--  Table structure for `0_prices`
-- ----------------------------
DROP TABLE IF EXISTS `0_prices`;
CREATE TABLE `0_prices` (
  `id` int(11) NOT NULL auto_increment,
  `stock_id` varchar(20) NOT NULL default '',
  `sales_type_id` int(11) NOT NULL default '0',
  `curr_abrev` char(3) NOT NULL default '',
  `price` double NOT NULL default '0',
  PRIMARY KEY  (`id`),
  UNIQUE KEY `price` (`stock_id`,`sales_type_id`,`curr_abrev`)
) ENGINE=MyISAM DEFAULT CHARSET=latin1;

-- ----------------------------
--  Table structure for `0_printers`
-- ----------------------------
DROP TABLE IF EXISTS `0_printers`;
CREATE TABLE `0_printers` (
  `id` tinyint(3) unsigned NOT NULL auto_increment,
  `name` varchar(20) NOT NULL,
  `description` varchar(60) NOT NULL,
  `queue` varchar(20) NOT NULL,
  `host` varchar(40) NOT NULL,
  `port` smallint(11) unsigned NOT NULL,
  `timeout` tinyint(3) unsigned NOT NULL,
  PRIMARY KEY  (`id`),
  UNIQUE KEY `name` (`name`)
) ENGINE=MyISAM AUTO_INCREMENT=4 DEFAULT CHARSET=latin1;

-- ----------------------------
--  Table structure for `0_print_profiles`
-- ----------------------------
DROP TABLE IF EXISTS `0_print_profiles`;
CREATE TABLE `0_print_profiles` (
  `id` smallint(6) unsigned NOT NULL auto_increment,
  `profile` varchar(30) NOT NULL,
  `report` varchar(5) default NULL,
  `printer` tinyint(3) unsigned default NULL,
  PRIMARY KEY  (`id`),
  UNIQUE KEY `profile` (`profile`,`report`)
) ENGINE=MyISAM AUTO_INCREMENT=10 DEFAULT CHARSET=latin1;

-- ----------------------------
--  Table structure for `0_purch_data`
-- ----------------------------
DROP TABLE IF EXISTS `0_purch_data`;
CREATE TABLE `0_purch_data` (
  `supplier_id` int(11) NOT NULL default '0',
  `stock_id` char(20) NOT NULL default '',
  `price` double NOT NULL default '0',
  `suppliers_uom` char(50) NOT NULL default '',
  `conversion_factor` double NOT NULL default '1',
  `supplier_description` tinytext NOT NULL,
  PRIMARY KEY  (`supplier_id`,`stock_id`)
) ENGINE=MyISAM DEFAULT CHARSET=latin1;

-- ----------------------------
--  Table structure for `0_purch_orders`
-- ----------------------------
DROP TABLE IF EXISTS `0_purch_orders`;
CREATE TABLE `0_purch_orders` (
  `order_no` int(11) NOT NULL auto_increment,
  `supplier_id` int(11) NOT NULL default '0',
  `comments` tinytext,
  `ord_date` date NOT NULL default '0000-00-00',
  `reference` tinytext NOT NULL,
  `requisition_no` tinytext,
  `into_stock_location` varchar(5) NOT NULL default '',
  `delivery_address` tinytext NOT NULL,
  `is_approve` int(11) NOT NULL default '0',
  `date_approve` date NOT NULL default '0000-00-00',
  `approving_officer` varchar(100) default NULL,
  PRIMARY KEY  (`order_no`)
) ENGINE=InnoDB DEFAULT CHARSET=latin1;

-- ----------------------------
--  Table structure for `0_purch_order_details`
-- ----------------------------
DROP TABLE IF EXISTS `0_purch_order_details`;
CREATE TABLE `0_purch_order_details` (
  `po_detail_item` int(11) NOT NULL auto_increment,
  `order_no` int(11) NOT NULL default '0',
  `item_code` varchar(20) NOT NULL default '',
  `description` tinytext,
  `delivery_date` date NOT NULL default '0000-00-00',
  `qty_invoiced` double NOT NULL default '0',
  `unit_price` double NOT NULL default '0',
  `act_price` double NOT NULL default '0',
  `std_cost_unit` double NOT NULL default '0',
  `quantity_ordered` double NOT NULL default '0',
  `quantity_received` double NOT NULL default '0',
  PRIMARY KEY  (`po_detail_item`)
) ENGINE=InnoDB DEFAULT CHARSET=latin1;

-- ----------------------------
--  Table structure for `0_quick_entries`
-- ----------------------------
DROP TABLE IF EXISTS `0_quick_entries`;
CREATE TABLE `0_quick_entries` (
  `id` smallint(6) unsigned NOT NULL auto_increment,
  `type` tinyint(1) NOT NULL default '0',
  `description` varchar(60) NOT NULL,
  `base_amount` double NOT NULL default '0',
  `base_desc` varchar(60) default NULL,
  PRIMARY KEY  (`id`),
  KEY `description` (`description`)
) ENGINE=MyISAM DEFAULT CHARSET=latin1;

-- ----------------------------
--  Table structure for `0_quick_entry_lines`
-- ----------------------------
DROP TABLE IF EXISTS `0_quick_entry_lines`;
CREATE TABLE `0_quick_entry_lines` (
  `id` smallint(6) unsigned NOT NULL auto_increment,
  `qid` smallint(6) unsigned NOT NULL,
  `amount` double default '0',
  `action` varchar(2) NOT NULL,
  `dest_id` varchar(11) NOT NULL,
  `dimension_id` smallint(6) unsigned default NULL,
  `dimension2_id` smallint(6) unsigned default NULL,
  PRIMARY KEY  (`id`),
  KEY `qid` (`qid`)
) ENGINE=MyISAM DEFAULT CHARSET=latin1;

-- ----------------------------
--  Table structure for `0_recurrent_invoices`
-- ----------------------------
DROP TABLE IF EXISTS `0_recurrent_invoices`;
CREATE TABLE `0_recurrent_invoices` (
  `id` smallint(6) unsigned NOT NULL auto_increment,
  `description` varchar(60) NOT NULL default '',
  `order_no` int(11) unsigned NOT NULL,
  `debtor_no` int(11) unsigned default NULL,
  `group_no` smallint(6) unsigned default NULL,
  `days` int(11) NOT NULL default '0',
  `monthly` int(11) NOT NULL default '0',
  `begin` date NOT NULL default '0000-00-00',
  `end` date NOT NULL default '0000-00-00',
  `last_sent` date NOT NULL default '0000-00-00',
  PRIMARY KEY  (`id`),
  UNIQUE KEY `description` (`description`)
) ENGINE=InnoDB DEFAULT CHARSET=latin1;

-- ----------------------------
--  Table structure for `0_references`
-- ----------------------------
DROP TABLE IF EXISTS `0_references`;
CREATE TABLE `0_references` (
  `id` int(11) NOT NULL auto_increment,
  `name` varchar(60) default NULL,
  `contact_person` varchar(60) default NULL,
  `contact_no` varchar(32) default NULL,
  `account_no` varchar(60) default NULL,
  `type_id` int(11) default NULL,
  `person_id` int(11) default NULL,
  PRIMARY KEY  (`id`)
) ENGINE=InnoDB DEFAULT CHARSET=latin1;

-- ----------------------------
--  Table structure for `0_refs`
-- ----------------------------
DROP TABLE IF EXISTS `0_refs`;
CREATE TABLE `0_refs` (
  `id` int(11) NOT NULL default '0',
  `type` int(11) NOT NULL default '0',
  `reference` varchar(100) NOT NULL default '',
  PRIMARY KEY  (`id`,`type`)
) ENGINE=InnoDB DEFAULT CHARSET=latin1;

-- ----------------------------
--  Table structure for `0_refs_pc_code`
-- ----------------------------
DROP TABLE IF EXISTS `0_refs_pc_code`;
CREATE TABLE `0_refs_pc_code` (
  `id` int(11) NOT NULL default '0',
  `loc_code` int(11) NOT NULL default '0',
  `prefix` varchar(100) NOT NULL default '0',
  `reference` varchar(100) NOT NULL default '',
  PRIMARY KEY  (`id`,`loc_code`)
) ENGINE=InnoDB DEFAULT CHARSET=latin1;

-- ----------------------------
--  Table structure for `0_refs_so_forms`
-- ----------------------------
DROP TABLE IF EXISTS `0_refs_so_forms`;
CREATE TABLE `0_refs_so_forms` (
  `id` int(11) NOT NULL default '0',
  `type` int(11) NOT NULL default '0',
  `reference` varchar(100) NOT NULL default '',
  `cat_id` int(11) NOT NULL default '0',
  `loc_code` varchar(100) NOT NULL,
  PRIMARY KEY  USING BTREE (`id`,`type`,`cat_id`,`loc_code`)
) ENGINE=InnoDB DEFAULT CHARSET=latin1;

-- ----------------------------
--  Table structure for `0_refs_wo_forms`
-- ----------------------------
DROP TABLE IF EXISTS `0_refs_wo_forms`;
CREATE TABLE `0_refs_wo_forms` (
  `id` int(11) NOT NULL default '0',
  `type` int(11) NOT NULL default '0',
  `reference` varchar(100) NOT NULL default '',
  `cat_id` int(11) NOT NULL default '0',
  PRIMARY KEY  (`id`,`type`,`cat_id`)
) ENGINE=InnoDB DEFAULT CHARSET=latin1;

-- ----------------------------
--  Table structure for `0_salesman`
-- ----------------------------
DROP TABLE IF EXISTS `0_salesman`;
CREATE TABLE `0_salesman` (
  `salesman_code` int(11) NOT NULL auto_increment,
  `salesman_name` char(60) NOT NULL default '',
  `salesman_phone` char(30) NOT NULL default '',
  `salesman_fax` char(30) NOT NULL default '',
  `salesman_email` varchar(100) NOT NULL default '',
  `provision` double NOT NULL default '0',
  `break_pt` double NOT NULL default '0',
  `provision2` double NOT NULL default '0',
  `inactive` tinyint(1) NOT NULL default '0',
  PRIMARY KEY  (`salesman_code`),
  UNIQUE KEY `salesman_name` (`salesman_name`)
) ENGINE=MyISAM AUTO_INCREMENT=19 DEFAULT CHARSET=latin1;

-- ----------------------------
--  Table structure for `0_sales_forms`
-- ----------------------------
DROP TABLE IF EXISTS `0_sales_forms`;
CREATE TABLE `0_sales_forms` (
  `id` int(10) unsigned NOT NULL auto_increment,
  `loc_code` varchar(45) NOT NULL,
  `type_id` smallint(6) unsigned NOT NULL,
  `next_ref` varchar(100) NOT NULL,
  `category_id` int(11) default NULL,
  PRIMARY KEY  (`id`)
) ENGINE=InnoDB DEFAULT CHARSET=latin1 ROW_FORMAT=DYNAMIC;

-- ----------------------------
--  Table structure for `0_sales_form_category`
-- ----------------------------
DROP TABLE IF EXISTS `0_sales_form_category`;
CREATE TABLE `0_sales_form_category` (
  `id` int(10) unsigned NOT NULL auto_increment,
  `name` varchar(100) NOT NULL,
  `description` text,
  PRIMARY KEY  (`id`)
) ENGINE=InnoDB DEFAULT CHARSET=latin1;

-- ----------------------------
--  Table structure for `0_sales_form_trans_type`
-- ----------------------------
DROP TABLE IF EXISTS `0_sales_form_trans_type`;
CREATE TABLE `0_sales_form_trans_type` (
  `type_id` int(10) unsigned NOT NULL,
  `name` varchar(100) NOT NULL,
  PRIMARY KEY  (`type_id`)
) ENGINE=InnoDB DEFAULT CHARSET=latin1;

-- ----------------------------
--  Table structure for `0_sales_orders`
-- ----------------------------
DROP TABLE IF EXISTS `0_sales_orders`;
CREATE TABLE `0_sales_orders` (
  `order_no` int(11) NOT NULL,
  `trans_type` smallint(6) NOT NULL default '30',
  `version` tinyint(1) unsigned NOT NULL default '0',
  `type` tinyint(1) NOT NULL default '0',
  `debtor_no` int(11) NOT NULL default '0',
  `branch_code` int(11) NOT NULL default '0',
  `reference` varchar(100) NOT NULL default '',
  `customer_ref` tinytext NOT NULL,
  `comments` tinytext,
  `ord_date` date NOT NULL default '0000-00-00',
  `order_type` int(11) NOT NULL default '0',
  `ship_via` int(11) NOT NULL default '0',
  `delivery_address` tinytext NOT NULL,
  `contact_phone` varchar(30) default NULL,
  `contact_email` varchar(100) default NULL,
  `deliver_to` tinytext NOT NULL,
  `freight_cost` double NOT NULL default '0',
  `from_stk_loc` varchar(5) NOT NULL default '',
  `delivery_date` date NOT NULL default '0000-00-00',
  `is_consign` int(10) unsigned NOT NULL default '0',
  `is_approve` int(11) NOT NULL default '0',
  `date_approve` date NOT NULL default '0000-00-00',
  `approving_officer` varchar(100) default NULL,
  `so_form_type_no` varchar(100) NOT NULL,
  PRIMARY KEY  (`trans_type`,`order_no`)
) ENGINE=InnoDB DEFAULT CHARSET=latin1 ROW_FORMAT=DYNAMIC;

-- ----------------------------
--  Table structure for `0_sales_order_details`
-- ----------------------------
DROP TABLE IF EXISTS `0_sales_order_details`;
CREATE TABLE `0_sales_order_details` (
  `id` int(11) NOT NULL auto_increment,
  `order_no` int(11) NOT NULL default '0',
  `trans_type` smallint(6) NOT NULL default '30',
  `stk_code` varchar(20) NOT NULL default '',
  `description` tinytext,
  `qty_sent` double NOT NULL default '0',
  `unit_price` double NOT NULL default '0',
  `quantity` double NOT NULL default '0',
  `discount_percent` double NOT NULL default '0',
  PRIMARY KEY  (`id`)
) ENGINE=InnoDB DEFAULT CHARSET=latin1;

-- ----------------------------
--  Table structure for `0_sales_pos`
-- ----------------------------
DROP TABLE IF EXISTS `0_sales_pos`;
CREATE TABLE `0_sales_pos` (
  `id` smallint(6) unsigned NOT NULL auto_increment,
  `pos_name` varchar(30) NOT NULL,
  `cash_sale` tinyint(1) NOT NULL,
  `credit_sale` tinyint(1) NOT NULL,
  `pos_location` varchar(5) NOT NULL,
  `pos_account` smallint(6) unsigned NOT NULL,
  `inactive` tinyint(1) NOT NULL default '0',
  PRIMARY KEY  (`id`),
  UNIQUE KEY `pos_name` (`pos_name`)
) ENGINE=MyISAM AUTO_INCREMENT=3 DEFAULT CHARSET=latin1;

-- ----------------------------
--  Table structure for `0_sales_types`
-- ----------------------------
DROP TABLE IF EXISTS `0_sales_types`;
CREATE TABLE `0_sales_types` (
  `id` int(11) NOT NULL auto_increment,
  `sales_type` char(50) NOT NULL default '',
  `tax_included` int(1) NOT NULL default '0',
  `factor` double NOT NULL default '1',
  `inactive` tinyint(1) NOT NULL default '0',
  PRIMARY KEY  (`id`),
  UNIQUE KEY `sales_type` (`sales_type`)
) ENGINE=MyISAM AUTO_INCREMENT=3 DEFAULT CHARSET=latin1;

-- ----------------------------
--  Table structure for `0_security_roles`
-- ----------------------------
DROP TABLE IF EXISTS `0_security_roles`;
CREATE TABLE `0_security_roles` (
  `id` int(11) NOT NULL auto_increment,
  `role` varchar(30) NOT NULL,
  `description` varchar(50) default NULL,
  `sections` text,
  `areas` text,
  `inactive` tinyint(1) NOT NULL default '0',
  PRIMARY KEY  (`id`),
  UNIQUE KEY `role` (`role`)
) ENGINE=MyISAM AUTO_INCREMENT=22 DEFAULT CHARSET=latin1;

-- ----------------------------
--  Table structure for `0_shippers`
-- ----------------------------
DROP TABLE IF EXISTS `0_shippers`;
CREATE TABLE `0_shippers` (
  `shipper_id` int(11) NOT NULL auto_increment,
  `shipper_name` varchar(60) NOT NULL default '',
  `phone` varchar(30) NOT NULL default '',
  `phone2` varchar(30) NOT NULL default '',
  `contact` tinytext NOT NULL,
  `address` tinytext NOT NULL,
  `inactive` tinyint(1) NOT NULL default '0',
  PRIMARY KEY  (`shipper_id`),
  UNIQUE KEY `name` (`shipper_name`)
) ENGINE=MyISAM AUTO_INCREMENT=2 DEFAULT CHARSET=latin1;

-- ----------------------------
--  Table structure for `0_sql_trail`
-- ----------------------------
DROP TABLE IF EXISTS `0_sql_trail`;
CREATE TABLE `0_sql_trail` (
  `id` int(11) unsigned NOT NULL auto_increment,
  `sql` text NOT NULL,
  `result` tinyint(1) NOT NULL,
  `msg` varchar(255) NOT NULL,
  PRIMARY KEY  (`id`)
) ENGINE=MyISAM DEFAULT CHARSET=latin1;

-- ----------------------------
--  Table structure for `0_stock_category`
-- ----------------------------
DROP TABLE IF EXISTS `0_stock_category`;
CREATE TABLE `0_stock_category` (
  `category_id` int(11) NOT NULL auto_increment,
  `description` varchar(60) NOT NULL default '',
  `dflt_tax_type` int(11) NOT NULL default '1',
  `dflt_units` varchar(20) NOT NULL default 'each',
  `dflt_mb_flag` char(1) NOT NULL default 'B',
  `dflt_sales_act` varchar(11) NOT NULL default '',
  `dflt_cogs_act` varchar(11) NOT NULL default '',
  `dflt_inventory_act` varchar(11) NOT NULL default '',
  `dflt_adjustment_act` varchar(11) NOT NULL default '',
  `dflt_assembly_act` varchar(11) NOT NULL default '',
  `dflt_dim1` int(11) default NULL,
  `dflt_dim2` int(11) default NULL,
  `inactive` tinyint(1) NOT NULL default '0',
  `dflt_no_sale` tinyint(1) NOT NULL default '0',
  PRIMARY KEY  (`category_id`),
  UNIQUE KEY `description` (`description`)
) ENGINE=MyISAM AUTO_INCREMENT=8 DEFAULT CHARSET=latin1;

-- ----------------------------
--  Table structure for `0_stock_master`
-- ----------------------------
DROP TABLE IF EXISTS `0_stock_master`;
CREATE TABLE `0_stock_master` (
  `stock_id` varchar(20) NOT NULL default '',
  `category_id` int(11) NOT NULL default '0',
  `tax_type_id` int(11) NOT NULL default '0',
  `description` tinytext NOT NULL,
  `long_description` tinytext NOT NULL,
  `units` varchar(20) NOT NULL default 'each',
  `mb_flag` char(1) NOT NULL default 'B',
  `sales_account` varchar(11) NOT NULL default '',
  `cogs_account` varchar(11) NOT NULL default '',
  `inventory_account` varchar(11) NOT NULL default '',
  `adjustment_account` varchar(11) NOT NULL default '',
  `assembly_account` varchar(11) NOT NULL default '',
  `dimension_id` int(11) default NULL,
  `dimension2_id` int(11) default NULL,
  `actual_cost` double NOT NULL default '0',
  `last_cost` double NOT NULL default '0',
  `material_cost` double NOT NULL default '0',
  `labour_cost` double NOT NULL default '0',
  `overhead_cost` double NOT NULL default '0',
  `inactive` tinyint(1) NOT NULL default '0',
  `no_sale` tinyint(1) NOT NULL default '0',
  `serialize` tinyint(1) NOT NULL default '0',
  `brand_id` int(11) NOT NULL default '0',
  PRIMARY KEY  (`stock_id`)
) ENGINE=InnoDB DEFAULT CHARSET=latin1 ROW_FORMAT=DYNAMIC;

-- ----------------------------
--  Table structure for `0_stock_master_12`
-- ----------------------------
DROP TABLE IF EXISTS `0_stock_master_12`;
CREATE TABLE `0_stock_master_12` (
  `stock_id` varchar(20) NOT NULL default '',
  `category_id` int(11) NOT NULL default '0',
  `tax_type_id` int(11) NOT NULL default '0',
  `description` tinytext NOT NULL,
  `long_description` tinytext NOT NULL,
  `units` varchar(20) NOT NULL default 'each',
  `mb_flag` char(1) NOT NULL default 'B',
  `sales_account` varchar(11) NOT NULL default '',
  `cogs_account` varchar(11) NOT NULL default '',
  `inventory_account` varchar(11) NOT NULL default '',
  `adjustment_account` varchar(11) NOT NULL default '',
  `assembly_account` varchar(11) NOT NULL default '',
  `dimension_id` int(11) default NULL,
  `dimension2_id` int(11) default NULL,
  `actual_cost` double NOT NULL default '0',
  `last_cost` double NOT NULL default '0',
  `material_cost` double NOT NULL default '0',
  `labour_cost` double NOT NULL default '0',
  `overhead_cost` double NOT NULL default '0',
  `inactive` tinyint(1) NOT NULL default '0',
  `no_sale` tinyint(1) NOT NULL default '0',
  `serialize` tinyint(1) unsigned NOT NULL default '0',
  `brand_id` int(11) NOT NULL default '0',
  PRIMARY KEY  (`stock_id`)
) ENGINE=InnoDB DEFAULT CHARSET=latin1;

-- ----------------------------
--  Table structure for `0_stock_moves`
-- ----------------------------
DROP TABLE IF EXISTS `0_stock_moves`;
CREATE TABLE `0_stock_moves` (
  `trans_id` int(11) NOT NULL auto_increment,
  `trans_no` int(11) NOT NULL default '0',
  `stock_id` char(20) NOT NULL default '',
  `type` smallint(6) NOT NULL default '0',
  `loc_code` char(5) NOT NULL default '',
  `tran_date` date NOT NULL default '0000-00-00',
  `person_id` int(11) default NULL,
  `price` double NOT NULL default '0',
  `reference` char(40) NOT NULL default '',
  `qty` double NOT NULL default '1',
  `discount_percent` double NOT NULL default '0',
  `standard_cost` double NOT NULL default '0',
  `visible` tinyint(1) NOT NULL default '1',
  PRIMARY KEY  (`trans_id`),
  KEY `type` (`type`,`trans_no`)
) ENGINE=InnoDB DEFAULT CHARSET=latin1;

-- ----------------------------
--  Table structure for `0_stock_moves_temp`
-- ----------------------------
DROP TABLE IF EXISTS `0_stock_moves_temp`;
CREATE TABLE `0_stock_moves_temp` (
  `trans_id` int(11) NOT NULL auto_increment,
  `trans_no` int(11) NOT NULL default '0',
  `stock_id` char(20) NOT NULL default '',
  `type` smallint(6) NOT NULL default '0',
  `loc_code` char(5) NOT NULL default '',
  `tran_date` date NOT NULL default '0000-00-00',
  `person_id` int(11) default NULL,
  `price` double NOT NULL default '0',
  `reference` char(40) NOT NULL default '',
  `qty` double NOT NULL default '1',
  `discount_percent` double NOT NULL default '0',
  `standard_cost` double NOT NULL default '0',
  `visible` tinyint(1) NOT NULL default '1',
  PRIMARY KEY  (`trans_id`),
  KEY `type` (`type`,`trans_no`)
) ENGINE=InnoDB DEFAULT CHARSET=latin1;

-- ----------------------------
--  Table structure for `0_sup`
-- ----------------------------
DROP TABLE IF EXISTS `0_sup`;
CREATE TABLE `0_sup` (
  `id` int(10) unsigned NOT NULL auto_increment,
  `debtor_no` int(10) unsigned NOT NULL,
  `branch_code` int(10) unsigned NOT NULL,
  `company_name` varchar(100) default NULL,
  `address` text,
  `contact_person` varchar(100) NOT NULL,
  `tel_no` varchar(45) default NULL,
  `system_unit` text,
  `location` varchar(100) default NULL,
  `serial_no` varchar(100) NOT NULL,
  `accessories` varchar(100) default NULL,
  `customer_comment` text,
  `toner_cartridge` int(10) unsigned NOT NULL,
  `tsg_evaluation` text,
  `tsg_recommendation` text,
  `sup_no` int(10) unsigned NOT NULL,
  `received_date` date default '0000-00-00',
  `received_time` varchar(45) default '',
  `required_date` date default '0000-00-00',
  `required_time` varchar(45) default '',
  `type` int(10) unsigned default NULL,
  `assigned_tsg` varchar(100) NOT NULL,
  `started_date` date default '0000-00-00',
  `started_time` varchar(45) default '',
  `warranty` int(10) unsigned NOT NULL,
  `completed_date` date default '0000-00-00',
  `completed_time` varchar(45) default '',
  `conformed` varchar(100) NOT NULL,
  `status` int(11) default NULL,
  `repair_details` text,
  PRIMARY KEY  (`id`)
) ENGINE=InnoDB DEFAULT CHARSET=latin1;

-- ----------------------------
--  Table structure for `0_suppliers`
-- ----------------------------
DROP TABLE IF EXISTS `0_suppliers`;
CREATE TABLE `0_suppliers` (
  `supplier_id` int(11) NOT NULL auto_increment,
  `supp_name` varchar(60) NOT NULL default '',
  `supp_ref` varchar(30) NOT NULL default '',
  `address` tinytext NOT NULL,
  `supp_address` tinytext NOT NULL,
  `phone` varchar(30) NOT NULL default '',
  `phone2` varchar(30) NOT NULL default '',
  `fax` varchar(30) NOT NULL default '',
  `gst_no` varchar(25) NOT NULL default '',
  `contact` varchar(60) NOT NULL default '',
  `supp_account_no` varchar(40) NOT NULL default '',
  `email` varchar(100) NOT NULL default '',
  `website` varchar(100) NOT NULL default '',
  `bank_account` varchar(60) NOT NULL default '',
  `curr_code` char(3) default NULL,
  `payment_terms` int(11) default NULL,
  `dimension_id` int(11) default '0',
  `dimension2_id` int(11) default '0',
  `tax_group_id` int(11) default NULL,
  `credit_limit` double NOT NULL default '0',
  `purchase_account` varchar(11) default NULL,
  `payable_account` varchar(11) default NULL,
  `payment_discount_account` varchar(11) default NULL,
  `notes` tinytext NOT NULL,
  `inactive` tinyint(1) NOT NULL default '0',
  PRIMARY KEY  (`supplier_id`)
) ENGINE=MyISAM AUTO_INCREMENT=5 DEFAULT CHARSET=latin1;

-- ----------------------------
--  Table structure for `0_suppliers_jomar`
-- ----------------------------
DROP TABLE IF EXISTS `0_suppliers_jomar`;
CREATE TABLE `0_suppliers_jomar` (
  `supplier_id` int(11) NOT NULL auto_increment,
  `supp_name` varchar(60) NOT NULL,
  `supp_ref` varchar(30) NOT NULL,
  `supp_account_no` varchar(40) NOT NULL,
  `address` tinytext,
  `warehouse_address` tinytext,
  `plant_address` tinytext,
  `website` varchar(100) default NULL,
  `dti_registration_no` varchar(60) default NULL,
  `tin_no` varchar(60) default NULL,
  `btype_id` int(11) NOT NULL,
  `bclass_id` int(11) NOT NULL,
  `no_of_operation_yr` int(11) default NULL,
  `total_sales` double default NULL,
  `no_of_employees` int(11) default NULL,
  `bank_account` varchar(60) default NULL,
  `credit_limit` double default NULL,
  `curr_code` char(3) default NULL,
  `tax_group_id` int(11) default NULL,
  `payment_terms` int(11) default NULL,
  `dimension_id` int(11) default NULL,
  `capitalization` double default NULL,
  `no_of_business_yr` int(11) default NULL,
  `dimension2_id` int(11) default NULL,
  `payable_account` varchar(11) default NULL,
  `purchase_account` varchar(11) default NULL,
  `payment_discount_account` varchar(11) default NULL,
  `inactive` tinyint(1) default NULL,
  PRIMARY KEY  (`supplier_id`)
) ENGINE=InnoDB DEFAULT CHARSET=latin1;

-- ----------------------------
--  Table structure for `0_supp_allocations`
-- ----------------------------
DROP TABLE IF EXISTS `0_supp_allocations`;
CREATE TABLE `0_supp_allocations` (
  `id` int(11) NOT NULL auto_increment,
  `amt` double unsigned default NULL,
  `date_alloc` date NOT NULL default '0000-00-00',
  `trans_no_from` int(11) default NULL,
  `trans_type_from` int(11) default NULL,
  `trans_no_to` int(11) default NULL,
  `trans_type_to` int(11) default NULL,
  PRIMARY KEY  (`id`)
) ENGINE=InnoDB DEFAULT CHARSET=latin1;

-- ----------------------------
--  Table structure for `0_supp_invoice_items`
-- ----------------------------
DROP TABLE IF EXISTS `0_supp_invoice_items`;
CREATE TABLE `0_supp_invoice_items` (
  `id` int(11) NOT NULL auto_increment,
  `supp_trans_no` int(11) default NULL,
  `supp_trans_type` int(11) default NULL,
  `gl_code` varchar(11) NOT NULL default '0',
  `grn_item_id` int(11) default NULL,
  `po_detail_item_id` int(11) default NULL,
  `stock_id` varchar(20) NOT NULL default '',
  `description` tinytext,
  `quantity` double NOT NULL default '0',
  `unit_price` double NOT NULL default '0',
  `unit_tax` double NOT NULL default '0',
  `memo_` tinytext,
  PRIMARY KEY  (`id`)
) ENGINE=InnoDB DEFAULT CHARSET=latin1;

-- ----------------------------
--  Table structure for `0_supp_trans`
-- ----------------------------
DROP TABLE IF EXISTS `0_supp_trans`;
CREATE TABLE `0_supp_trans` (
  `trans_no` int(11) unsigned NOT NULL default '0',
  `type` smallint(6) unsigned NOT NULL default '0',
  `supplier_id` int(11) unsigned default NULL,
  `reference` tinytext NOT NULL,
  `supp_reference` varchar(60) NOT NULL default '',
  `tran_date` date NOT NULL default '0000-00-00',
  `due_date` date NOT NULL default '0000-00-00',
  `ov_amount` double NOT NULL default '0',
  `ov_discount` double NOT NULL default '0',
  `ov_gst` double NOT NULL default '0',
  `rate` double NOT NULL default '1',
  `alloc` double NOT NULL default '0',
  `ewt` double NOT NULL default '0',
  PRIMARY KEY  (`trans_no`,`type`),
  KEY `supplier_id` (`supplier_id`),
  KEY `SupplierID_2` (`supplier_id`,`supp_reference`),
  KEY `type` (`type`)
) ENGINE=InnoDB DEFAULT CHARSET=latin1;

-- ----------------------------
--  Table structure for `0_sup_part_used`
-- ----------------------------
DROP TABLE IF EXISTS `0_sup_part_used`;
CREATE TABLE `0_sup_part_used` (
  `id` int(10) unsigned NOT NULL auto_increment,
  `sup_no` int(11) default NULL,
  `stock_id` varchar(20) default '',
  `description` tinytext,
  `unit_price` double default '0',
  `quantity` double default '0',
  `comment` tinytext,
  PRIMARY KEY  (`id`)
) ENGINE=InnoDB DEFAULT CHARSET=latin1;

-- ----------------------------
--  Table structure for `0_sup_status`
-- ----------------------------
DROP TABLE IF EXISTS `0_sup_status`;
CREATE TABLE `0_sup_status` (
  `id` int(11) NOT NULL auto_increment,
  `description` varchar(100) default '',
  PRIMARY KEY  (`id`)
) ENGINE=InnoDB DEFAULT CHARSET=latin1;

-- ----------------------------
--  Table structure for `0_sup_type`
-- ----------------------------
DROP TABLE IF EXISTS `0_sup_type`;
CREATE TABLE `0_sup_type` (
  `id` int(10) unsigned NOT NULL auto_increment,
  `description` varchar(100) NOT NULL,
  PRIMARY KEY  (`id`)
) ENGINE=InnoDB DEFAULT CHARSET=latin1;

-- ----------------------------
--  Table structure for `0_sup_warranty`
-- ----------------------------
DROP TABLE IF EXISTS `0_sup_warranty`;
CREATE TABLE `0_sup_warranty` (
  `id` int(10) unsigned NOT NULL auto_increment,
  `description` varchar(100) NOT NULL,
  PRIMARY KEY  (`id`)
) ENGINE=InnoDB DEFAULT CHARSET=latin1;

-- ----------------------------
--  Table structure for `0_sys_types`
-- ----------------------------
DROP TABLE IF EXISTS `0_sys_types`;
CREATE TABLE `0_sys_types` (
  `type_id` smallint(6) NOT NULL default '0',
  `type_no` int(11) NOT NULL default '1',
  `next_reference` varchar(100) NOT NULL default '',
  PRIMARY KEY  (`type_id`)
) ENGINE=InnoDB DEFAULT CHARSET=latin1;

-- ----------------------------
--  Table structure for `0_tags`
-- ----------------------------
DROP TABLE IF EXISTS `0_tags`;
CREATE TABLE `0_tags` (
  `id` int(11) NOT NULL auto_increment,
  `type` smallint(6) NOT NULL,
  `name` varchar(30) NOT NULL,
  `description` varchar(60) default NULL,
  `inactive` tinyint(1) NOT NULL default '0',
  PRIMARY KEY  (`id`),
  UNIQUE KEY `type` (`type`,`name`)
) ENGINE=MyISAM AUTO_INCREMENT=2 DEFAULT CHARSET=latin1;

-- ----------------------------
--  Table structure for `0_tag_associations`
-- ----------------------------
DROP TABLE IF EXISTS `0_tag_associations`;
CREATE TABLE `0_tag_associations` (
  `record_id` varchar(11) NOT NULL,
  `tag_id` int(11) NOT NULL,
  UNIQUE KEY `record_id` (`record_id`,`tag_id`)
) ENGINE=MyISAM DEFAULT CHARSET=latin1;

-- ----------------------------
--  Table structure for `0_tax_groups`
-- ----------------------------
DROP TABLE IF EXISTS `0_tax_groups`;
CREATE TABLE `0_tax_groups` (
  `id` int(11) NOT NULL auto_increment,
  `name` varchar(60) NOT NULL default '',
  `tax_shipping` tinyint(1) NOT NULL default '0',
  `inactive` tinyint(1) NOT NULL default '0',
  PRIMARY KEY  (`id`),
  UNIQUE KEY `name` (`name`)
) ENGINE=InnoDB DEFAULT CHARSET=latin1;

-- ----------------------------
--  Table structure for `0_tax_group_items`
-- ----------------------------
DROP TABLE IF EXISTS `0_tax_group_items`;
CREATE TABLE `0_tax_group_items` (
  `tax_group_id` int(11) NOT NULL default '0',
  `tax_type_id` int(11) NOT NULL default '0',
  `rate` double NOT NULL default '0',
  PRIMARY KEY  (`tax_group_id`,`tax_type_id`)
) ENGINE=InnoDB DEFAULT CHARSET=latin1;

-- ----------------------------
--  Table structure for `0_tax_types`
-- ----------------------------
DROP TABLE IF EXISTS `0_tax_types`;
CREATE TABLE `0_tax_types` (
  `id` int(11) NOT NULL auto_increment,
  `rate` double NOT NULL default '0',
  `sales_gl_code` varchar(11) NOT NULL default '',
  `purchasing_gl_code` varchar(11) NOT NULL default '',
  `name` varchar(60) NOT NULL default '',
  `inactive` tinyint(1) NOT NULL default '0',
  PRIMARY KEY  (`id`)
) ENGINE=InnoDB DEFAULT CHARSET=latin1;

-- ----------------------------
--  Table structure for `0_toner_cartridge`
-- ----------------------------
DROP TABLE IF EXISTS `0_toner_cartridge`;
CREATE TABLE `0_toner_cartridge` (
  `id` int(10) unsigned NOT NULL auto_increment,
  `description` varchar(45) NOT NULL,
  PRIMARY KEY  (`id`)
) ENGINE=InnoDB DEFAULT CHARSET=latin1;

-- ----------------------------
--  Table structure for `0_trans_tax_details`
-- ----------------------------
DROP TABLE IF EXISTS `0_trans_tax_details`;
CREATE TABLE `0_trans_tax_details` (
  `id` int(11) NOT NULL auto_increment,
  `trans_type` smallint(6) default NULL,
  `trans_no` int(11) default NULL,
  `tran_date` date NOT NULL,
  `tax_type_id` int(11) NOT NULL default '0',
  `rate` double NOT NULL default '0',
  `ex_rate` double NOT NULL default '1',
  `included_in_price` tinyint(1) NOT NULL default '0',
  `net_amount` double NOT NULL default '0',
  `amount` double NOT NULL default '0',
  `memo` tinytext,
  PRIMARY KEY  (`id`)
) ENGINE=InnoDB DEFAULT CHARSET=latin1;

-- ----------------------------
--  Table structure for `0_useronline`
-- ----------------------------
DROP TABLE IF EXISTS `0_useronline`;
CREATE TABLE `0_useronline` (
  `id` int(11) NOT NULL auto_increment,
  `timestamp` int(15) NOT NULL default '0',
  `ip` varchar(40) NOT NULL default '',
  `file` varchar(100) NOT NULL default '',
  PRIMARY KEY  (`id`),
  KEY `timestamp` (`timestamp`)
) ENGINE=MyISAM DEFAULT CHARSET=latin1;

-- ----------------------------
--  Table structure for `0_users`
-- ----------------------------
DROP TABLE IF EXISTS `0_users`;
CREATE TABLE `0_users` (
  `id` smallint(6) NOT NULL auto_increment,
  `user_id` varchar(60) NOT NULL default '',
  `password` varchar(100) NOT NULL default '',
  `real_name` varchar(100) NOT NULL default '',
  `role_id` int(11) NOT NULL default '1',
  `phone` varchar(30) NOT NULL default '',
  `email` varchar(100) default NULL,
  `language` varchar(20) default NULL,
  `date_format` tinyint(1) NOT NULL default '0',
  `date_sep` tinyint(1) NOT NULL default '0',
  `tho_sep` tinyint(1) NOT NULL default '0',
  `dec_sep` tinyint(1) NOT NULL default '0',
  `theme` varchar(20) NOT NULL default 'default',
  `page_size` varchar(20) NOT NULL default 'A4',
  `prices_dec` smallint(6) NOT NULL default '2',
  `qty_dec` smallint(6) NOT NULL default '2',
  `rates_dec` smallint(6) NOT NULL default '4',
  `percent_dec` smallint(6) NOT NULL default '1',
  `show_gl` tinyint(1) NOT NULL default '1',
  `show_codes` tinyint(1) NOT NULL default '0',
  `show_hints` tinyint(1) NOT NULL default '0',
  `last_visit_date` datetime default NULL,
  `query_size` tinyint(1) default '10',
  `graphic_links` tinyint(1) default '1',
  `pos` smallint(6) default '1',
  `print_profile` varchar(30) NOT NULL default '1',
  `rep_popup` tinyint(1) default '1',
  `sticky_doc_date` tinyint(1) default '0',
  `startup_tab` varchar(20) NOT NULL default '',
  `inactive` tinyint(1) NOT NULL default '0',
  `default_location` varchar(100) default NULL,
  `can_access` int(11) NOT NULL default '0',
  PRIMARY KEY  (`id`),
  UNIQUE KEY `user_id` (`user_id`)
) ENGINE=MyISAM AUTO_INCREMENT=10 DEFAULT CHARSET=latin1;

-- ----------------------------
--  Table structure for `0_voided`
-- ----------------------------
DROP TABLE IF EXISTS `0_voided`;
CREATE TABLE `0_voided` (
  `type` int(11) NOT NULL default '0',
  `id` int(11) NOT NULL default '0',
  `date_` date NOT NULL default '0000-00-00',
  `memo_` tinytext NOT NULL,
  UNIQUE KEY `id` (`type`,`id`)
) ENGINE=InnoDB DEFAULT CHARSET=latin1;

-- ----------------------------
--  Table structure for `0_workcentres`
-- ----------------------------
DROP TABLE IF EXISTS `0_workcentres`;
CREATE TABLE `0_workcentres` (
  `id` int(11) NOT NULL auto_increment,
  `name` char(40) NOT NULL default '',
  `description` char(50) NOT NULL default '',
  `inactive` tinyint(1) NOT NULL default '0',
  PRIMARY KEY  (`id`),
  UNIQUE KEY `name` (`name`)
) ENGINE=MyISAM AUTO_INCREMENT=2 DEFAULT CHARSET=latin1;

-- ----------------------------
--  Table structure for `0_workorders`
-- ----------------------------
DROP TABLE IF EXISTS `0_workorders`;
CREATE TABLE `0_workorders` (
  `id` int(11) NOT NULL auto_increment,
  `wo_ref` varchar(60) NOT NULL default '',
  `loc_code` varchar(5) NOT NULL default '',
  `units_reqd` double NOT NULL default '1',
  `stock_id` varchar(20) NOT NULL default '',
  `date_` date NOT NULL default '0000-00-00',
  `type` tinyint(4) NOT NULL default '0',
  `required_by` date NOT NULL default '0000-00-00',
  `released_date` date NOT NULL default '0000-00-00',
  `units_issued` double NOT NULL default '0',
  `closed` tinyint(1) NOT NULL default '0',
  `released` tinyint(1) NOT NULL default '0',
  `additional_costs` double NOT NULL default '0',
  `form_type_no` varchar(100) NOT NULL default '',
  PRIMARY KEY  (`id`),
  UNIQUE KEY `wo_ref` (`wo_ref`)
) ENGINE=InnoDB DEFAULT CHARSET=latin1;

-- ----------------------------
--  Table structure for `0_wo_forms`
-- ----------------------------
DROP TABLE IF EXISTS `0_wo_forms`;
CREATE TABLE `0_wo_forms` (
  `id` int(10) unsigned NOT NULL auto_increment,
  `category_id` int(11) default NULL,
  `type_id` smallint(6) unsigned NOT NULL,
  `next_ref` varchar(100) NOT NULL,
  PRIMARY KEY  (`id`)
) ENGINE=InnoDB DEFAULT CHARSET=latin1 ROW_FORMAT=DYNAMIC;

-- ----------------------------
--  Table structure for `0_wo_form_trans_type`
-- ----------------------------
DROP TABLE IF EXISTS `0_wo_form_trans_type`;
CREATE TABLE `0_wo_form_trans_type` (
  `type_id` int(10) unsigned NOT NULL,
  `name` varchar(100) NOT NULL,
  PRIMARY KEY  (`type_id`)
) ENGINE=InnoDB DEFAULT CHARSET=latin1;

-- ----------------------------
--  Table structure for `0_wo_issues`
-- ----------------------------
DROP TABLE IF EXISTS `0_wo_issues`;
CREATE TABLE `0_wo_issues` (
  `issue_no` int(11) NOT NULL auto_increment,
  `workorder_id` int(11) NOT NULL default '0',
  `reference` varchar(100) default NULL,
  `issue_date` date default NULL,
  `loc_code` varchar(5) default NULL,
  `workcentre_id` int(11) default NULL,
  `form_type_no` varchar(100) NOT NULL default '',
  PRIMARY KEY  (`issue_no`)
) ENGINE=InnoDB DEFAULT CHARSET=latin1;

-- ----------------------------
--  Table structure for `0_wo_issue_items`
-- ----------------------------
DROP TABLE IF EXISTS `0_wo_issue_items`;
CREATE TABLE `0_wo_issue_items` (
  `id` int(11) NOT NULL auto_increment,
  `stock_id` varchar(40) default NULL,
  `issue_id` int(11) default NULL,
  `qty_issued` double default NULL,
  PRIMARY KEY  (`id`)
) ENGINE=InnoDB DEFAULT CHARSET=latin1;

-- ----------------------------
--  Table structure for `0_wo_manufacture`
-- ----------------------------
DROP TABLE IF EXISTS `0_wo_manufacture`;
CREATE TABLE `0_wo_manufacture` (
  `id` int(11) NOT NULL auto_increment,
  `reference` varchar(100) default NULL,
  `workorder_id` int(11) NOT NULL default '0',
  `quantity` double NOT NULL default '0',
  `date_` date NOT NULL default '0000-00-00',
  `form_type_no` varchar(100) NOT NULL default '',
  PRIMARY KEY  (`id`)
) ENGINE=InnoDB DEFAULT CHARSET=latin1;

-- ----------------------------
--  Table structure for `0_wo_requirements`
-- ----------------------------
DROP TABLE IF EXISTS `0_wo_requirements`;
CREATE TABLE `0_wo_requirements` (
  `id` int(11) NOT NULL auto_increment,
  `workorder_id` int(11) NOT NULL default '0',
  `stock_id` char(20) NOT NULL default '',
  `workcentre` int(11) NOT NULL default '0',
  `units_req` double NOT NULL default '1',
  `std_cost` double NOT NULL default '0',
  `loc_code` char(5) NOT NULL default '',
  `units_issued` double NOT NULL default '0',
  PRIMARY KEY  (`id`)
) ENGINE=InnoDB DEFAULT CHARSET=latin1;

-- ----------------------------
--  Table structure for `xx_reports`
-- ----------------------------
DROP TABLE IF EXISTS `xx_reports`;
CREATE TABLE `xx_reports` (
  `id` varchar(10) NOT NULL default '',
  `typ` varchar(10) NOT NULL default '',
  `attrib` text NOT NULL
) ENGINE=MyISAM DEFAULT CHARSET=latin1;

-- ----------------------------
--  Records 
-- ----------------------------
INSERT INTO `0_apv_details` VALUES ('1','1','5100','1500',''), ('2','1','5760','1500',''), ('3','1','5785','1500',''), ('4','1','2100','-4500','');
INSERT INTO `0_apv_header` VALUES ('1','1','0','Freight','','2011-12-21','11','2011-12-21','','45','2100','0','0');
INSERT INTO `0_areas` VALUES ('1','Default','0');
INSERT INTO `0_audit_trail` VALUES ('1','17','1','1','2011-12-20 17:24:21','','4','2011-12-20','0'), ('2','26','1','1','2011-12-20 17:25:03','','4','2011-12-20',NULL), ('3','26','1','1','2011-12-20 17:25:03','Released.','4','2011-12-20','0'), ('4','28','1','1','2011-12-20 17:25:09','','4','2011-12-20','0'), ('5','29','1','1','2011-12-20 17:25:15','Production.','4','2011-12-20','0'), ('6','18','1','1','2011-12-21 10:29:06','','4','2011-12-21','0'), ('7','18','2','1','2011-12-21 10:29:40','','4','2011-12-21','0'), ('8','25','1','1','2011-12-21 10:34:34','','4','2011-12-21','0'), ('9','20','1','1','2011-12-21 10:37:41','','4','2011-12-21','0'), ('10','22','1','1','2011-12-21 11:08:46','','4','2011-12-21','0'), ('11','18','3','1','2011-12-21 14:16:49','','4','2011-12-21','0'), ('12','25','2','1','2011-12-21 14:18:17','','4','2011-12-21','0'), ('13','25','3','1','2011-12-21 14:19:44','','4','2011-12-21','0'), ('14','18','4','1','2011-12-21 14:23:20','','4','2011-12-21','0'), ('15','25','4','1','2011-12-21 14:24:20','','4','2011-12-21','0'), ('16','30','1','1','2011-12-21 14:28:34','','4','2011-12-21','0'), ('17','13','1','1','2011-12-21 14:30:44','','4','2011-12-21','0'), ('18','26','2','1','2011-12-21 14:38:46','','4','2011-12-21',NULL), ('19','26','2','1','2011-12-21 14:38:46','Released.','4','2011-12-21','0'), ('20','28','2','1','2011-12-21 14:39:15','','4','2011-12-21','0'), ('21','29','2','1','2011-12-21 14:40:21','Production.','4','2011-12-21','0'), ('22','26','3','1','2011-12-21 14:41:36','','4','2011-12-21',NULL), ('23','26','3','1','2011-12-21 14:41:36','Released.','4','2011-12-21','0'), ('24','28','3','1','2011-12-21 14:41:40','','4','2011-12-21','0'), ('25','29','3','1','2011-12-21 14:41:51','Production.','4','2011-12-21','0'), ('26','16','1','1','2011-12-21 15:03:01','','4','2011-12-21','0'), ('27','166','1','1','2011-12-21 15:03:01','','4','2011-12-21','0');
INSERT INTO `0_bank_accounts` VALUES ('1000','1','Cash in Bank - Cebu','123456789','Cebu BDO','Cebu ','PHP','0','1','2011-12-21 00:00:00','0','0'), ('1010','0','Cash in Bank - Davao','789456321','Davao BDO','Davao','PHP','0','2','0000-00-00 00:00:00','0','0'), ('1060','1','TEMP Bank','','','','PHP','0','3','0000-00-00 00:00:00','0','0');
INSERT INTO `0_bank_trans` VALUES ('1','22','1','1','1','2011-12-21','-8','0','0','3','4','2011-12-21');
INSERT INTO `0_bank_trans_types` VALUES ('1','Cash'), ('2','Cheque');
INSERT INTO `0_bom` VALUES ('1','TNR-0001','EMP-0008','1','BCD','1'), ('2','TNR-0001','PRM-0377','1','BCD','1'), ('3','TNR-0001','PRM-0032','1','BCD','1'), ('4','TNR-0001','PRM-0058','1','BCD','1'), ('5','TNR-0001','PRM-0290','1','BCD','1'), ('6','TNR-0001','PRM-0269','1','BCD','1'), ('7','TNR-0001','PRM-0366','1','BCD','1');
INSERT INTO `0_bottling` VALUES ('1','kg','1','grm','1000');
INSERT INTO `0_brands` VALUES ('3','Canon','0');
INSERT INTO `0_business_classification` VALUES ('1','Manufacturer','0'), ('2','Exclusive Distributor','0'), ('3','Dealer/Trader','0');
INSERT INTO `0_business_type` VALUES ('1','Single Proprietorship','0'), ('2','Corporation','0'), ('3','Partnership','0'), ('4','ASA','0');
INSERT INTO `0_chart_class` VALUES ('1','Assets','1','0'), ('2','Liabilities','2','0'), ('3','Income','4','0'), ('4','Costs','6','0');
INSERT INTO `0_chart_master` VALUES ('1060','','Checking Account','1','0'), ('1065','','Petty Cash','1','0'), ('1200','','Accounts Receivables','1','0'), ('1205','','Allowance for doubtful accounts','1','0'), ('1510','','Inventory','2','0'), ('1520','','Stocks of Raw Materials','2','0'), ('1530','','Stocks of Work In Progress','2','0'), ('1540','','Stocks of Finsihed Goods','2','0'), ('1550','','Goods Received Clearing account','2','0'), ('1820','','Office Furniture &amp; Equipment','3','0'), ('1825','','Accum. Amort. -Furn. &amp; Equip.','3','0'), ('1840','','Vehicle','3','0'), ('1845','','Accum. Amort. -Vehicle','3','0'), ('2100','','Accounts Payable','4','0'), ('2110','','Accrued Income Tax - Federal','4','0'), ('2120','','Accrued Income Tax - State','4','0'), ('2130','','Accrued Franchise Tax','4','0'), ('2140','','Accrued Real &amp; Personal Prop Tax','4','0'), ('2145','','VAT input Tax','1','0'), ('2150','','VAT Output Tax','4','0'), ('2160','','Accrued Use Tax Payable','4','0'), ('2210','','Accrued Wages','4','0'), ('2220','','Accrued Comp Time','4','0'), ('2230','','Accrued Holiday Pay','4','0'), ('2240','','Accrued Vacation Pay','4','0'), ('2310','','Accr. Benefits - 401K','4','0'), ('2320','','Accr. Benefits - Stock Purchase','4','0'), ('2330','','Accr. Benefits - Med, Den','4','0'), ('2340','','Accr. Benefits - Payroll Taxes','4','0'), ('2350','','Accr. Benefits - Credit Union','4','0'), ('2360','','Accr. Benefits - Savings Bond','4','0'), ('2370','','Accr. Benefits - Garnish','4','0'), ('2380','','Accr. Benefits - Charity Cont.','4','0'), ('2620','','Bank Loans','5','0'), ('2680','','Loans from Shareholders','5','0'), ('3350','','Common Shares','6','0'), ('3590','','Retained Earnings - prior years','7','0'), ('4010','','Sales','8','0'), ('4430','','Shipping &amp; Handling','9','0'), ('4440','','Interest','9','0'), ('4450','','Foreign Exchange Gain','9','0'), ('4500','','Prompt Payment Discounts','9','0'), ('4510','','Discounts Given','9','0'), ('5010','','Cost of Goods Sold - Retail','10','0'), ('5020','','Material Usage Varaiance','10','0'), ('5030','','Consumable Materials','10','0'), ('5040','','Purchase price Variance','10','0'), ('5050','','Purchases of materials','10','0'), ('5060','','Discounts Received','10','0'), ('5100','','Freight','10','0'), ('5410','','Wages &amp; Salaries','11','0'), ('5420','','Wages - Overtime','11','0'), ('5430','','Benefits - Comp Time','11','0'), ('5440','','Benefits - Payroll Taxes','11','0'), ('5450','','Benefits - Workers Comp','11','0'), ('5460','','Benefits - Pension','11','0'), ('5470','','Benefits - General Benefits','11','0'), ('5510','','Inc Tax Exp - Federal','11','0'), ('5520','','Inc Tax Exp - State','11','0'), ('5530','','Taxes - Real Estate','11','0'), ('5540','','Taxes - Personal Property','11','0'), ('5550','','Taxes - Franchise','11','0'), ('5560','','Taxes - Foreign Withholding','11','0'), ('5610','','Accounting &amp; Legal','12','0'), ('5615','','Advertising &amp; Promotions','12','0'), ('5620','','Bad Debts','12','0'), ('5660','','Amortization Expense','12','0'), ('5685','','Insurance','12','0'), ('5690','','Interest &amp; Bank Charges','12','0'), ('5700','','Office Supplies','12','0'), ('5760','','Rent','12','0'), ('5765','','Repair &amp; Maintenance','12','0'), ('5780','','Telephone','12','0'), ('5785','','Travel &amp; Entertainment','12','0'), ('5790','','Utilities','12','0'), ('5795','','Registrations','12','0'), ('5800','','Licenses','12','0'), ('5810','','Foreign Exchange Loss','12','0'), ('9990','','Year Profit/Loss','12','0'), ('2500','','Expanded Witholding Tax Payables - Services','4','0'), ('2501','','Expanded Witholding Tax Payables - Goods','4','0'), ('2052','','Expanded Witholding Tax Receivables','1','0'), ('1000','','Cash in Bank - Cebu','1','0'), ('1010','','Cash in Bank - Davao','1','0'), ('4600','','EWT','9','0');
INSERT INTO `0_chart_types` VALUES ('1','Current Assets','1','-1','0'), ('2','Inventory Assets','1','-1','0'), ('3','Capital Assets','1','-1','0'), ('4','Current Liabilities','2','-1','0'), ('5','Long Term Liabilities','2','-1','0'), ('6','Share Capital','2','-1','0'), ('7','Retained Earnings','2','-1','0'), ('8','Sales Revenue','3','-1','0'), ('9','Other Revenue','3','-1','0'), ('10','Cost of Goods Sold','4','-1','0'), ('11','Payroll Expenses','4','-1','0'), ('12','General &amp; Administrative expenses','4','-1','0');
INSERT INTO `0_check_account` VALUES ('1','1060','1'), ('2','1000','100');
INSERT INTO `0_cheque_details` VALUES ('1','1','cash in bank','cebu','2314','2011-12-21','0','22');
INSERT INTO `0_comments` VALUES ('26','2','2011-12-21','release');
INSERT INTO `0_company` VALUES ('1','Need Ink Sales &amp; Services','206-149-524-003','','1','1','288 P. Rodriguez St., Poblacion, Lapu-Lapu City 6014, Cebu, Philippines','+6332 495 6954','+6332 340 4954','needink@gmail.com','','','PHP','1200','5060','2100','5690','4450','9990','3590','4430','4010','4510','4500','1510','5010','5040','4010','1530','5000','0','10','10','1000','20','20','30','1','4','1','0','0','1','0','0','','1','2.2','1','-1','1','1200','4600');
INSERT INTO `0_credit_status` VALUES ('1','Good History','0','0'), ('3','No more work until payment received','1','0'), ('4','In liquidation','1','0'), ('5','Prepaid','1','0');
INSERT INTO `0_currencies` VALUES ('US Dollars','USD','$','United States','Cents','1','0'), ('Phlippine Peso','PHP','PHP','Philippines','Hundreds','1','0');
INSERT INTO `0_cust_branch` VALUES ('1','6','sample','sample','','1','16','','','','Main Branch','','CEB','1','','4510','1200','4500','1','0','','0','','0','1','0');
INSERT INTO `0_debtors_master` VALUES ('6','sample','sample','','','','PHP','1','0','0','1','11','0','0','1000','','0');
INSERT INTO `0_debtors_master_jomar` VALUES ('8','Global Solutions Corporation','Global Solutions','4th Flr., Metro Gaisano Colon Car Park, Cebu City','globalsolutionscorporation@yahoo.com','238-177-280','PHP','1','0','0','1','12','0','0','30000','Andy Aba-a - Purchasing\n','','','','0','0','0',NULL,NULL,NULL,NULL,NULL,NULL), ('4','Ramon Aboitiz Foundation, Inc.','Ramon Aboitiz','35 Lopez Jeana St., Cebu City 6000','junaidarigonan@rafi.org.ph','000-562-188-000','PHP','1','0','0','1','12','0','0','50000','Junaida Rigonan - Purchasing\nMa. Rica Pitogo - Releasing','','','','0','0','0',NULL,NULL,NULL,NULL,NULL,NULL), ('7','Gardenia Bakeries Philippines, Inc.','Gardenia','Gardenia Lapu-Lapu Centre, ML Quezon National Highway, Pajo, Lapu-Lapu City 6015','koinoniahperez@gardenia.com.ph','004-526-681-001','PHP','1','0','0','1','12','0','0','50000','','','','','0','0','0',NULL,NULL,NULL,NULL,NULL,NULL), ('9','AYJ Global Construction Services','AYJ Global','ASY Bldg., Unit 2, A.C. Cortes, Mandaue City','ayj_global@yahoo.com','','PHP','1','0','0','1','12','0','0','40000','Jannina Canoy - Purchasing\nMylen Bahinting - Accounting','','','','0','0','0',NULL,NULL,NULL,NULL,NULL,NULL), ('10','JIE Money In Motion Inc.','JIE Money','Pooc, Talisay City, Cebu','','269-532-076','PHP','1','0','0','1','4','0','0','10000','Josmanwen Enriquez - Proprietor','','','','0','0','0',NULL,NULL,NULL,NULL,NULL,NULL), ('11','Fast Loading &amp; Safety Handling Cargo Services Inc.','Flash Cargo','Airport Road, Pusok, Lapu-Lapu City','','','PHP','1','0','0','1','12','0','0','30000','Vivencia Arocha - Purchasing','','','','0','0','0',NULL,NULL,NULL,NULL,NULL,NULL), ('12','Cordova Public College','Cordova Public College','Cordova Cebu','','','PHP','1','0','0','1','12','0','0','30000','Edgardo P. Casquejo','','','','0','0','0',NULL,NULL,NULL,NULL,NULL,NULL), ('13','Mabuhay Vinyl Corporation','Mabuhay Vinyl','J.M. Ceniza St., Looc, Mandaue City 6014','rmbarquiza@mvc.com.ph','000-164-009-001','PHP','1','0','0','1','12','0','0','30000','Eva Lyn Santillana - Marketing\nIan Mar Salaza - Accounting','','','','0','0','0',NULL,NULL,NULL,NULL,NULL,NULL), ('14','Toul Customs Brokerage','Toul Customs','Blk. 20, Lot 21, La Aldea Buena Mactan, Timpolok, Lapu-Lapu City','eruin.albuera@gmail.com','249-877-904-000','PHP','1','0','0','1','4','0','0','10000','Erwin Albuera - Treasury','','','','0','0','0',NULL,NULL,NULL,NULL,NULL,NULL), ('15','Maribago Blue Water Beach Resort','Maribago Blue Water','Maribago, Lapu-Lapu City 6014','','','PHP','1','0','0','1','4','0','0','30000','Aileen Icoy - Purchasing','','','','0','0','0',NULL,NULL,NULL,NULL,NULL,NULL), ('16','China Banking Corporation','Chinabank','F. Ramos St., Cebu City 6015','idyap@chinabank.ph','000-444-210','PHP','1','0','0','1','4','0','0','30000','Joselito Clarido - Purchasing','','','','0','0','0',NULL,NULL,NULL,NULL,NULL,NULL), ('17','Benthel Resort Hotel Corporation','Benthel Resort','Bantayan, Cordova, Cebu','benthelresorts@globelines.com.ph','004-750-331-000','PHP','1','0','0','1','12','0','0','30000','Danilo Baylomo - Purchasing\nJacqueline Baguio - Accounting','','','','0','0','0',NULL,NULL,NULL,NULL,NULL,NULL), ('18','Club Ocean Phils. Tour Services','Club Ocean','Rm. 304, MDTC Bldg., ML Quezon National Highway, Pajo, Lapu-Lapu City 6014','','','PHP','1','0','0','1','4','0','0','10000','Melisa Tecson - Reservation Staff','','','','0','0','0',NULL,NULL,NULL,NULL,NULL,NULL), ('19','Cebu Technological University','CTU','Barili, Cebu, Phils.','','','PHP','1','0','0','1','4','0','0','20000','Anne F. Cagigas - Supply Officer','','','','0','0','0',NULL,NULL,NULL,NULL,NULL,NULL), ('20','Puyat Steel Corporation','Puyat Steel','FF Cruz, Ouano Ave., North Reclamation Area, Mandaue City 6014','joey-tyl@yahoo.com','000-058-428-001','PHP','1','0','0','1','12','0','0','30000','Herchel Gesulga - Purchasing\nKeith Ortega - Accounting\nJorben Dacoma - Treasury\nChristopher Tahom - Warehouse','','','','0','0','0',NULL,NULL,NULL,NULL,NULL,NULL), ('21','Union Bank of the Philippines','Union Bank','Pusok, Lapu-Lapu City 6015','','','PHP','1','0','0','1','4','0','0','10000','Mar Steven Reyes','','','','0','0','0',NULL,NULL,NULL,NULL,NULL,NULL), ('22','Saint Dominic Savio School of Lapu-Lapu City','St. Dominic','New Road, Sangi, Pajo, Lapu-Lapu City 6015','vitasdlc@yahoo.com','','PHP','1','0','0','1','12','0','0','30000','Jovita Augusto - Directress','','','','0','0','0',NULL,NULL,NULL,NULL,NULL,NULL), ('23','Kasai Village Beach Resorts','Kasai Village','Tuble, Moal-Boal, Cebu 6032','info@kasaivillage.com','234-838-244-000','PHP','1','0','0','1','4','0','0','30000','Warlie Domosmog - Accounting Supervisor','','','','0','0','0',NULL,NULL,NULL,NULL,NULL,NULL), ('24','Mary Help of Christians School (Cebu) Inc.','Mary Help of Christians','Km. 17, Tunghaan, Minglanilla, Cebu','mhcscebuaccounting@yahoo.com','237-511-795-000','PHP','1','0','0','1','4','0','0','20000','Sr. Josephine - School Treasurer','','','','0','0','0',NULL,NULL,NULL,NULL,NULL,NULL), ('25','Estaca Bay Gardens Conference Resort','Estaca Bay','Km. 23, Estaca, Compostela, Cebu','','000-980-714-000','PHP','1','0','0','1','12','0','0','30000','Benito Anghis - Purchasing','','','','0','0','0',NULL,NULL,NULL,NULL,NULL,NULL), ('26','Mactan Wood Carving &amp; Gilding Corporation','Mactan Wood Carving','Creativa Bldg. 2, MEPZ 1, Gate 5, Lapu-Lapu City, Cebu, Phils.','info@mwcgco.com','402-668-071-000','PHP','1','0','0','1','12','0','0','30000','Joanna Cañete - Purchasing','','','','0','0','0',NULL,NULL,NULL,NULL,NULL,NULL), ('27','Cottonseed, Inc.','Cottonseed','Lamac, Consolacion, Cebu, Phils.','cottonseedinc@yahoo.com','','PHP','1','0','0','1','12','0','0','30000','Romington Uy - Purchasing\nRodney Alan Uy - Accounting/Receiving\nAldina Uy - Treasury','','','','0','0','0',NULL,NULL,NULL,NULL,NULL,NULL), ('28','Physician Diagnostics Services','Physician Diagnostics','108 F. Ramos St., Cebu City ','','','PHP','1','0','0','1','4','0','0','10000','Adjeanh Grengia - Purchasing Officer','','','','0','0','0',NULL,NULL,NULL,NULL,NULL,NULL), ('29','Esynergy Resources Corporation','Esynergy Resources','Rm. 401, Mondejar Bldg., City hall Road, Pusok, Lapu-Lapu City','e.synergy@yahoo.com','264.387.704.000','PHP','1','0','0','1','4','0','0','10000','Merla Sadava - President','','','','0','0','0',NULL,NULL,NULL,NULL,NULL,NULL), ('30','East Asia Utilities Corporation','East Asia','Mactan Economic Zone, Brgy. Ibo, Lapu-Lapu City 6014','','004-760-842-000','PHP','1','0','0','1','12','0','0','30000','Michelle Jumalon','','','','0','0','0',NULL,NULL,NULL,NULL,NULL,NULL), ('31','Abellana Law Office','Abellana Law','N. Bacalso Ave., Cebu City','','','PHP','1','0','0','1','4','0','0','10000','Lanie Lauron','','','','0','0','0',NULL,NULL,NULL,NULL,NULL,NULL), ('32','Pacific &amp; Premium Freight Logistics Int&#039;l., Inc.','Pacific &amp; Premium','Rm. 314 Jo A Bldg., North Road 6, North Reclamation Area, Cebu City','emilyceb-ppflintl@pldtdsl.net','297-331-997','PHP','1','0','0','1','12','0','0','30000','Emily Tayong - Purchasing/Treasury\nRoselyn Espadilla - Accouting\nShelah Jamero - Warehouse','','','','0','0','0',NULL,NULL,NULL,NULL,NULL,NULL), ('33','Dyno Finance Corporation','Dyno Finance','Dyno Bldg., Cebu J. Osmeña, Cebu City','','','PHP','1','0','0','1','12','0','0','30000','Mark Coligado - Purchasing','','','','0','0','0',NULL,NULL,NULL,NULL,NULL,NULL), ('34','Mactan Cebu Institute of Technology','Mactan Cebu Institute','Gen. Aviation Road, Basak, Lapu-Lapu City 6015','joyb_143@yahoo.com','400-457-181-000','PHP','1','0','0','1','12','0','0','30000','Emediza Deloza - Purchasing\nGena Tuason - Accounting\nJoergena Paragoso - Treasury\n','','','','0','0','0',NULL,NULL,NULL,NULL,NULL,NULL), ('35','Movenpick Resort &amp; Spa Cebu','Movenpick','Punta Engaño, Mactan, Lapu-Lapu City 6014','','','PHP','1','0','0','1','12','0','0','90000','Marybel Aracan - Purchasing','','','','0','0','0',NULL,NULL,NULL,NULL,NULL,NULL), ('36','Kimwa Construction Corporation','Kimwa Construction','North Reclamation Area, Subangdaku, Mandaue City 6014','','','PHP','1','0','0','1','12','0','0','30000','Cocoy - Admin Head','','','','0','0','0',NULL,NULL,NULL,NULL,NULL,NULL), ('37','Philippine Phosphate Fertilizer Corporation','Philphos','LIDE, Libertad, Isabel Leyte','','','PHP','1','0','0','1','12','0','0','50000','Lito Abelido - Purchasing','','','','0','0','0',NULL,NULL,NULL,NULL,NULL,NULL), ('38','Plantation Bay Resort &amp; Spa','Plantation Bay','Maigondon, Lapu-Lapu City','','','PHP','1','0','0','1','4','0','0','20000','Cherry Allego - MIS Manager','','','','0','0','0',NULL,NULL,NULL,NULL,NULL,NULL), ('39','Antulang Beach Resort','Antulang Beach','c/o: Acme Traders Compound, Bagacay, Dumaguete City','info@antulang.com','','PHP','1','0','0','1','12','0','0','30000','Janeth Navarro - Purchasing','','','','0','0','0',NULL,NULL,NULL,NULL,NULL,NULL), ('40','Rulls Cellphones &amp; Accessories, Inc.','Rulls Cellphones','Palm Hills Access Road, Basak, Mandaue City 6014','rfcanizar@yahoo.com','287-630-372','PHP','1','0','0','1','4','0','0','20000','Ruperto F. Cañizar, Jr. - President','','','','0','0','0',NULL,NULL,NULL,NULL,NULL,NULL), ('41','Sunstar Publishing Incorporated','Sunstar','P. Del Rosario St., Cebu City 6000','','','PHP','1','0','0','1','12','0','0','30000','Meldrid Vista - Purchasing','','','','0','0','0',NULL,NULL,NULL,NULL,NULL,NULL), ('42','Coca-Cola Bottlers Philippines Inc.','Coca-Cola','','','','PHP','1','0','0','1','4','0','0','30000','Doods Banadora - Purchasing','','','','0','0','0',NULL,NULL,NULL,NULL,NULL,NULL), ('43','Tipolo National High School','Tipolo National HS','Tipolo, Mandaue City 6014','mercy_demoral@yahoo.com','','PHP','1','0','0','1','12','0','0','30000','Mercedita Demoral - Principal III','','','','0','0','0',NULL,NULL,NULL,NULL,NULL,NULL), ('44','Alegre Beach Resort','Alegre Beach','Calumboyan, Sogod, Cebu','purchase@alegrebeachresort.com','000-256-233-000','PHP','1','0','0','1','12','0','0','30000','Allan Remegado - IT Head\r\nKeith Monsanto - Purchasing\r\nRaul Rosas - Accounting\r\nOwen Quinain - Treasury','','','','0','0','0',NULL,NULL,NULL,NULL,NULL,NULL), ('45','Palompon Community Multi-Purpose Cooperative, Inc.','PACCI','Rizal St., Palompon, Leyte','paccimpc@yahoo.com','','PHP','1','0','0','1','4','0','0','30000','Joel Pusay','','','','0','0','0',NULL,NULL,NULL,NULL,NULL,NULL), ('46','Cebu Belmont, Inc.','Cebu Belmont','M.C. Briones St., Highway, Maguikay, Mandaue City','cbimerchandising@gmail.com','000-067-311-000','PHP','1','0','0','1','12','0','0','30000','Elvie Divinagracia - Purchasing\nFlory Ann Bacayo - Accounting\nMyrna Demape - Treasury\nRamil Asugnar - Warehouse','','','','0','0','0',NULL,NULL,NULL,NULL,NULL,NULL), ('47','Fantaztic Fine Foods Corp.','Fantaztic Fine Foods','244 Plaridel St., Alang-Alang, Mandaue City 6014','fantaztic_group@yahoo.com.ph','252-205-057-000','PHP','1','0','0','1','12','0','0','30000','Geisha Talingting - Purchasing/Accounting','','','','0','0','0',NULL,NULL,NULL,NULL,NULL,NULL), ('48','Rose Pharmacy','Rose Pharmacy','16 Emilio Osmeña, Guadalupe, Cebu City','','','PHP','1','0','0','1','4','0','0','10000','Dodie Pakibot - Purchasing Head','','','','0','0','0',NULL,NULL,NULL,NULL,NULL,NULL), ('49','POEC Consultancy International, Inc.','POEC Consultancy','Unit 2, 2/F Grand Orchard South, Mambaling, Cebu City ','cherilyn@poec.net','243-040-213','PHP','1','0','0','1','4','0','0','30000','Cherilyn Mutia - Purchasing\nCharmen Jacolbe - Accounting\n','','','','0','0','0',NULL,NULL,NULL,NULL,NULL,NULL), ('50','Budget Builders Inc.','Budget Builders','235 N. Bacalso Ave., Mambaling, Cebu City ','','','PHP','1','0','0','1','12','0','0','30000','Emediza Deloza - Purchasing\nGena Tuason - Accounting','','','','0','0','0',NULL,NULL,NULL,NULL,NULL,NULL), ('51','Prohomes Development Inc.','Prohomes','14th Flr., Ayala Life - FGU Bldg., Cebu Business Park, Cebu City','','235-410-503-000','PHP','1','0','0','1','12','0','0','30000','Mae Reducto - Purchasing\nJojie Tajanlangit - Accounting','','','','0','0','0',NULL,NULL,NULL,NULL,NULL,NULL), ('52','Mactan Cebu International Airport Authority','MCIAA','MCIAA, Airport Road, Lapu-Lapu City','','','PHP','1','0','0','1','12','0','0','30000','Michael Bacarisas - BAC\nCatherine Sepulveda - Accounting\nBing Cosejo - Treasury','','','','0','0','0',NULL,NULL,NULL,NULL,NULL,NULL), ('53','Municipality of Dalaguete','Mun. of Dalaguete','Dalaguete Cebu','','','PHP','1','0','0','1','12','0','0','30000','Danny Russel Lumayag','','','','0','0','0',NULL,NULL,NULL,NULL,NULL,NULL), ('54','Nominated Freight Inc.','Nominated Freight','Casuntingan, Mandaue City','','','PHP','1','0','0','1','4','0','0','10000','Pamona Villa - Procurement Officer','','','','0','0','0',NULL,NULL,NULL,NULL,NULL,NULL), ('55','4A Agroscience Corp.','4A Agroscience','Rm. 304, N&amp;N Cortes Arcade, A.C. Cortes Ave., Mandaue City 6014','4aagrosciencecorp@gmail.com','401-451-897-0000','PHP','1','0','0','1','12','0','0','30000','Maribeth Araño - Purchasing','somewhere down the roadd....\n','637-1234','1234567','3','1','0','Somewhheeeere....','432','234','15','255','2'), ('56','Gemphil Technologies, Inc.','Gemphil Tech.','Cebu Light Industrial Park, Washington Road, Basak, Lapu-Lapu City 6015','wong_gtechcebu@yahoo.com.ph','001-395-054-001','PHP','1','0','0','1','12','0','0','30000','Womana Reynes - HROD Assistant\n','','','','0','0','0',NULL,NULL,NULL,NULL,NULL,NULL), ('57','Cityscape Hotel &amp; Management, Inc.','Cityscape Hotel','H. Cortes corner Ayala Access Road, Subangdaku, Mandaue City','cityscapehotels@gmail.com','404-225-509-000','PHP','1','0','0','1','12','0','0','30000','Marissa Antonio - Accounting','','','','0','0','0',NULL,NULL,NULL,NULL,NULL,NULL), ('58','NK Logistics','NK Logistics','Rm. 215, N &amp; N Arcade, A.C. Cortes Ave., Mandaue City 6014','nklogistics@yahoo.com','163-814-515-000','PHP','1','0','0','1','12','0','0','30000','Minerva Lacbanes - Purchasing/Accounting','','','','0','0','0',NULL,NULL,NULL,NULL,NULL,NULL), ('59','Mitch International Recruitment Agency, Inc.','Mitch International','3rd Flr., Dumaguete Bank, ML Quezon Ave., Pusok, Lapu-Lapu City ','anz0831_yuson@yahoo.com','007-029-854','PHP','1','0','0','1','4','0','0','10000','Leislee Ann Yuson - documentation officer','','','','0','0','0',NULL,NULL,NULL,NULL,NULL,NULL), ('60','Mega Text Philippines, Inc.','Mega Text Phils.','45 Capitol West Bldg., Don Gil Garcia cor. Escario St., Cebu City','jean.lim@megatextphils.com','','PHP','1','0','0','1','4','0','0','10000','Reina Calinawan - Admin','','','','0','0','0',NULL,NULL,NULL,NULL,NULL,NULL), ('61','Pharmacare &amp; Medical Systems Co.','Pharmacare','All Son&#039;s Inn Bldg., 129 Gen. Echavez St., Cebu City','','','PHP','1','0','0','1','12','0','0','30000','Miechell Navares - Purchasing/Accounting\nVanessa Edusma - Treasury','','','','0','0','0',NULL,NULL,NULL,NULL,NULL,NULL), ('62','United Appliance Sales Enterprises','United Appliance','208 LK Bldg., Subangdaku, Mandaue City','','100-069-578-000','PHP','1','0','0','1','12','0','0','30000','Edvel Ritchie Alforque - Purchasing\nElena Catulpos - Accounting','','','','0','0','0',NULL,NULL,NULL,NULL,NULL,NULL), ('63','CTAM Multi-Purpose Cooperative','CTAM','646 C. Kimson Bldg., V. Rama Ave., Cebu City','ikacal2003@yahoo.com','270-262-174-000','PHP','1','0','0','1','4','0','0','10000','Boy Fortilla - Purchasing','','','','0','0','0',NULL,NULL,NULL,NULL,NULL,NULL), ('64','Cebu Castle Peak Hotel Corp.','Castle Peak','F. Cabahug Cor. Pres. Quezon St., Mabolo, Cebu City','reservations@castlepeakhotel.net','200-340-143-000','PHP','1','0','0','1','12','0','0','30000','Maricel Paano - Purchasing\nArmelo Jayde\nDennis\nElizabeth Taranza - Treasury','','','','0','0','0',NULL,NULL,NULL,NULL,NULL,NULL), ('65','Macs Printing Services','Macs Printing','9E-6 2nd St., Guadalajara Village, Guadalupe, Cebu City','macs_printing@yahoo.com','103-791-898-000','PHP','1','0','0','1','12','0','0','1000','Vicente Cebrecus - Owner','','','','0','0','0',NULL,NULL,NULL,NULL,NULL,NULL), ('66','Enterprise Bank, Inc.','Enterprise Bank','National Highway, Lawaan, Talisay City, Cebu','','','PHP','1','0','0','1','4','0','0','10000','Aldrin Bantilan - Branch Head','','','','0','0','0',NULL,NULL,NULL,NULL,NULL,NULL), ('68','Biopath Diagnostic Incorporated','Biopath Diagnostic','Mango Avenue, Cebu City','','','PHP','1','0','0','1','4','0','0','10000','Dave Bacalso - Purchasing','','','','0','0','0',NULL,NULL,NULL,NULL,NULL,NULL), ('69','Maria Luisa Homes, Inc.','Maria Luisa','#21 Paseo Annabelle, Ma. Luisa Estate Park, Banilad, Cebu City 6000','chona@marialuisahomes.com','231-775-414-000','PHP','1','0','0','1','12','0','0','30000','Chona Umpad - Purchasing\nAldamarie Pangandoyon - Accounting\n','','','','0','0','0',NULL,NULL,NULL,NULL,NULL,NULL), ('70','Rotonda Computer Sales &amp; Services','Rotonda Computer','202-A MJ Cuenco St., Brgy. T. Padilla, Cebu City','grace_antido@yahoo.com','287-924-377-000','PHP','1','0','0','1','12','0','0','30000','Grace / Menia - Purchasing/Accounting','','','','0','0','0',NULL,NULL,NULL,NULL,NULL,NULL), ('71','TWA Inc., Flying V','Flying V','Whitegold Compound, A. Soriano St., North Reclamation Area, Cebu City','dayama.Balbuena@flyingv.com','','PHP','1','0','0','1','12','0','0','30000','Dana Sanez - purchasing','','','','0','0','0',NULL,NULL,NULL,NULL,NULL,NULL), ('72','Munipality of Cordova','Mun. of Cordova','Cordova, Cebu','sb2007cordova@yahoo.com','','PHP','1','0','0','1','12','0','0','30000','Paul Tagsip - SB Secretary','','','','0','0','0',NULL,NULL,NULL,NULL,NULL,NULL), ('73','M. Lhuillier Food Products, Inc.','M. Lhuillier Food','H. Abellana St., Canduman, Mandaue City 6014','info@mlfood.com','000-066-492-000','PHP','1','0','0','1','12','0','0','30000','Sybil Domingo - Purchasing\nSangen Racaza - Accounting/Treasury\n','','','','0','0','0',NULL,NULL,NULL,NULL,NULL,NULL), ('74','Softouch Corporation','Softouch Corp.','M1 Business Center, North Reclamation Area, Mandaue City 6014','','003-876-017-000','PHP','1','0','0','1','12','0','0','30000','Marie Michelle Doña - Purchasing\nOdylene Jalop - Accounting\nBelen Fetiluna - Treasury','','','','0','0','0',NULL,NULL,NULL,NULL,NULL,NULL), ('75','Visayas State University','Visayas State Univ.','Isabel, Leyte','','201-381-986-000','PHP','1','0','0','1','4','0','0','50000','Dominga Villarmino - Purchasing\nQueen Atupan - Accounting','','','','0','0','0',NULL,NULL,NULL,NULL,NULL,NULL), ('76','Civil Service Commission - Field VII Office','Civil Service Commission','Sudlon, Lahug, Cebu City','','','PHP','1','0','0','1','4','0','0','50000','Ricardo Gabule Jr. - IT Head','','','','0','0','0',NULL,NULL,NULL,NULL,NULL,NULL), ('77','Stockton Health Services, Inc. / Myhealth Clinic','Myhealth Clinic','3rd Level, Robinsons Cybergate mall, Cebu City','www.myhealth.ph','007-419-439','PHP','1','0','0','1','12','0','0','30000','Marnellie Baraga - Purchasing\nMaria Angela Caprecho - Accounting','','','','0','0','0',NULL,NULL,NULL,NULL,NULL,NULL), ('78','CP Kelco A Huber Company','CP Kelco','6020, Abugon, Sibonga, Cebu Phils.','www.cpkelco.com','','PHP','1','0','0','1','12','0','0','30000','James Pongasy','','','','0','0','0',NULL,NULL,NULL,NULL,NULL,NULL), ('79','CSY Outsourcing Inc.','CSY Outsourcing','7th Flr., Pineer House Cebu, Cebu Business Park, Cebu City','cbutaslac@asi_dev2.com','289-380-161-000','PHP','1','0','0','1','12','0','0','30000','Christy Butaslac - Purchasing\nRhea Grace Ferrolino - Accounting','','','','0','0','0',NULL,NULL,NULL,NULL,NULL,NULL), ('80','All Food Asia Inc.','All Food Asia','Echavez St., Sudlon, Maguikay, Mandaue City 6014','alfa@alfa.com.ph','206-841-531-000','PHP','1','0','0','1','12','0','0','30000','Billy Quiliquite - Purchasing\nJonahel Talip - Accounting\nMonesa Zapata - Treasury\n','','','','0','0','0',NULL,NULL,NULL,NULL,NULL,NULL), ('81','Aunts Company Limited','Aunts Co. Ltd.','E&amp;P Arcade Bldg., Rm. #20, 2nd Flr., Basak, Lapu-Lapu City 6015','','','PHP','1','0','0','1','4','0','0','10000','Reynan Mane - Purchasing','','','','0','0','0',NULL,NULL,NULL,NULL,NULL,NULL), ('82','Goji Industry Philippines Corporation','Goji Industry','4th St., Blk. B4, 2nd Ave., MEPZ 1, Lapu-Lapu City ','purchase@goji.co.jp','004-264-961-000','PHP','1','0','0','1','12','0','0','30000','April Joy Fernandez - Purchasing\nFermine Melendres - Accounting','','','','0','0','0',NULL,NULL,NULL,NULL,NULL,NULL), ('83','Coffee Centrale - The Bean Co., Inc.','Coffee Centrale','2/F R.E Benitez Bldg., F. Ramos St., Cebu City 6000','','','PHP','1','0','0','1','12','0','0','30000','Pamela Mae Montesclaros - Purchasing\nJuna Domato - Accounting\nAnna Andrea Sollosa - Treasury','','','','0','0','0',NULL,NULL,NULL,NULL,NULL,NULL), ('84','Muramoto Audio-Visual Philippines Inc.','Maple','MEPZ 1, Lapu-Lapu City','','','PHP','1','0','0','1','12','0','0','30000','Myrna Pronco - Purchasing\nDebie','','','','0','0','0',NULL,NULL,NULL,NULL,NULL,NULL), ('85','Marco Polo Hotel','Marco Polo','C.M. Recto St., 8000, Davao City, Phils.','davao@marcopolohotels.com','','PHP','1','0','0','1','12','0','0','30000','Chris Paño - IT Manager\nCharlito Geonzon - Payables Head\nVolter Perez - Purchasing\n','','','','0','0','0',NULL,NULL,NULL,NULL,NULL,NULL), ('86','Montuerto Law Office','Montuerto Law','FGU Bldg., Cebu Business Park, Cebu City','','106-124-444-006','PHP','1','0','0','1','12','0','0','30000','Ms. Beth - Manager','','','','0','0','0',NULL,NULL,NULL,NULL,NULL,NULL), ('87','MSY Holdings Corporation','MSY Holdings','Suite 501, Cebu Holdings Center, Cebu Business Park, Cebu City','msyholdings.com','257-700-141-000','PHP','1','0','0','1','12','0','0','30000','Diane Tequillo - Purchasing\nLiza Benemerito - Accounting\nFebelyn Mangubat - Treasury\nKaril Cagbabanua - Receiving','','','','0','0','0',NULL,NULL,NULL,NULL,NULL,NULL), ('88','Hafele Philippines Inc.','Hafele Phils.','Larrazabal St., North Reclamation Area, Subangdaku, Mandaue City','info@hafele.com.ph','001-707-726-000','PHP','1','0','0','1','12','0','0','30000','Ma. Socorro Virginia Jamero - Purchasing','','','','0','0','0',NULL,NULL,NULL,NULL,NULL,NULL), ('89','Eli Global Philippines Resource Operations Center Inc.','Eli Global','Ground Flr., Bigfoot Bldg., F. Ramos St., Cebu City','rayep@eliresearch.com','007-260-915-000','PHP','1','0','0','1','12','0','0','30000','Raye Padit - Purchasing\nGeff Untal - Accounting','','','','0','0','0',NULL,NULL,NULL,NULL,NULL,NULL), ('90','LEYTE NORMAL UNIVERSITY','LEYTE NORMAL','TABLOBAN, CITY','','','PHP','1','0','0','1','4','0','0','10000','','','','','0','0','0',NULL,NULL,NULL,NULL,NULL,NULL), ('91','Citi Appliance','Citi Appliance','Sanciangko St., Cebu City','','','PHP','1','0','0','1','4','0','0','10000','','','','','0','0','0',NULL,NULL,NULL,NULL,NULL,NULL), ('92','Ethnic Ventures, Inc.','Ethnic Ventures','#32 Pres. Quirino St., Villa Aurora Subd., Kasambagan, Cebu City','','200-032-760-000','PHP','1','0','0','1','12','0','0','30000','','','','','0','0','0',NULL,NULL,NULL,NULL,NULL,NULL), ('93','Rusco Motors','Rusco','Maximo Patalingjug Ave., Lapu-Lapu City','','','PHP','1','0','0','1','4','0','0','10000','','','','','0','0','0',NULL,NULL,NULL,NULL,NULL,NULL), ('94','Cebu Southbay Automobiles, Inc. (Mazda)','Cebu Southbay','120 Juan Luna Ave., Mabolo, Cebu City','sanny@mazdacebu.com','006-591-170-000','PHP','1','0','0','1','12','0','0','30000','Sanny Tamado - Purchasing\nJeneveth Degamo - Accounting\nLeah Mata - Treasury','','','','0','0','0',NULL,NULL,NULL,NULL,NULL,NULL), ('95','Don Bosco Youth Center, Inc.','Don Bosco Youth','L. Flores St., Pasil, Cebu City','dinah_oroc@yahoo.com','001-136-641-000','PHP','1','0','0','1','12','0','0','30000','Dinah A. Oroc - Purchasing','','','','0','0','0',NULL,NULL,NULL,NULL,NULL,NULL), ('96','Light Year Trucking','Light Year','5th St., West Port Center, Careta, Cebu City','corahonoridez@yahoo.com','129-158-056V','PHP','1','0','0','1','12','0','0','30000','Kvyn Honoridez - Purchasing\nCora Honoridez - Accounting','','','','0','0','0',NULL,NULL,NULL,NULL,NULL,NULL), ('97','IDS Philippines, Inc.','IDS Phils.','A.C. Cortes Ave., Mandaue City 6014','','','PHP','1','0','0','1','12','0','0','30000','','','','','0','0','0',NULL,NULL,NULL,NULL,NULL,NULL), ('98','Futura Group Corporation','Futura Group','Pahiyas Drive, MEPZ II, Basak, Lapu-Lapu City 6015','info@futuragroup.com','005-107-192-000','PHP','1','0','0','1','12','0','0','30000','Corazon Ponce - Purchasing\nFrahlyn Castro - Accounting\nVivian Mateo - Treasury','','','','0','0','0',NULL,NULL,NULL,NULL,NULL,NULL), ('99','Fast Autoworld Philippines Corp. (Mitsubishi)','Fast Autoworld','M.C. Briones St., Highway, Maguikay, Mandaue City 6014','','','PHP','1','0','0','1','12','0','0','30000','Jonah Ann Baluntang - Purchasing\nRio Dano - Accounting\nSchilla Montera - Treasury','','','','0','0','0',NULL,NULL,NULL,NULL,NULL,NULL);
INSERT INTO `0_debtor_trans` VALUES ('1','13','0','6','1','2011-12-21','2011-12-22','1','1','1','12','0','0','0','0','0','1','1','0','0','0','CEB','1','0','0');
INSERT INTO `0_debtor_trans_details` VALUES ('1','1','13','PRT-0002','HP P1102 LASERJET PRINTER ','12','1.2857','1','0','10','0');
INSERT INTO `0_dimensions` VALUES ('1','1','Need Ink - Cebu','1','0','2011-12-08','2011-12-31'), ('2','2','Need Ink - Manila','1','0','2011-12-08','2011-12-31'), ('3','3','Need Ink - Davao','1','0','2011-12-08','2011-12-31'), ('4','4','Need Ink - Cagayan de Oro	','1','0','2011-12-08','2011-12-31'), ('5','5','Need Ink - Bacolod','1','0','2011-12-08','2011-12-31'), ('6','6','Need Ink - Pasig','1','0','2011-12-08','2011-12-31'), ('7','7','Need Ink - Makati','1','0','2011-12-08','2011-12-31');
INSERT INTO `0_exchange_rates` VALUES ('1','USD','46.6630380171','46.6630380171','2010-06-09'), ('2','USD','43.009764093792','43.009764093792','2010-10-26'), ('3','USD','43.101681460634','43.101681460634','2010-10-28'), ('4','USD','44.036784641313','44.036784641313','2010-11-23'), ('5','USD','44.329678638941','44.329678638941','2010-11-29'), ('6','USD','43.418742921857','43.418742921857','2011-03-25'), ('7','USD','42.6388693573','42.6388693573','2011-07-22'), ('8','USD','41.9347901492','41.9347901492','2011-08-02');
INSERT INTO `0_fiscal_year` VALUES ('1','2008-01-01','2008-12-31','1'), ('2','2009-01-01','2009-12-31','1'), ('3','2010-01-01','2010-12-31','1'), ('4','2011-01-01','2011-12-31','0');
INSERT INTO `0_gl_trans` VALUES ('1','17','1','2011-12-20','5040','','-4500','0','0',NULL,NULL), ('2','17','1','2011-12-20','1510','','4500','0','0',NULL,NULL), ('3','26','1','2011-12-20','1510','','-45','0','0',NULL,NULL), ('4','26','1','2011-12-20','1510','','45','0','0',NULL,NULL), ('5','20','1','2011-12-21','2100','','-10','0','0','3','4'), ('6','20','1','2011-12-21','1510','','8.93','0','0','3','4'), ('7','20','1','2011-12-21','2145','','1.07','0','0','3','4'), ('8','22','1','2011-12-21','2100','','10','0','0','3','4'), ('9','22','1','2011-12-21','1000','','-8','0','0','3','4'), ('10','22','1','2011-12-21','4600','','-2','0','0','3','4'), ('11','45','1','2011-12-21','5100','','1500','2','0','0','Freight'), ('12','45','1','2011-12-21','5760','','1500','3','0','0','Freight'), ('13','45','1','2011-12-21','5785','','1500','4','0','0','Freight'), ('14','45','1','2011-12-21','2100','','-4500','0','0','0','Freight'), ('15','13','1','2011-12-21','5010','','10','1','0','2','6'), ('16','13','1','2011-12-21','1510','','-10','0','0','2','6'), ('17','26','2','2011-12-21','1510','','-225','0','0',NULL,NULL), ('18','26','2','2011-12-21','1510','','225','0','0',NULL,NULL), ('19','26','3','2011-12-21','1510','','-45','0','0',NULL,NULL), ('20','26','3','2011-12-21','1510','','45','0','0',NULL,NULL);
INSERT INTO `0_grn_batch` VALUES ('1','4','2','1','2011-12-21','CEB'), ('2','4','3','2','2011-12-21','CEB'), ('3','4','3','3','2011-12-21','CEB'), ('4','4','4','4','2011-12-21','CEB');
INSERT INTO `0_grn_items` VALUES ('1','1','3','PRM-0032','SCC, HP1012DBLADE, DOCTOR BLADE FOR HP 12A, 15A, 24A, 13A, FX9','1','1'), ('2','2','4','PRM-0029','SCC, AXDBLADE, DOCTOR BLADE FOR HP 06A, 92A, FX3','5','0'), ('3','3','4','PRM-0029','SCC, AXDBLADE, DOCTOR BLADE FOR HP 06A, 92A, FX3','5','0'), ('4','4','5','PRT-0002','HP P1102 LASERJET PRINTER ','2','0');
INSERT INTO `0_groups` VALUES ('1','Small','0'), ('2','Medium','0'), ('3','Large','0');
INSERT INTO `0_isn_gen` VALUES ('4','25','PRT-0002','printer1','CEB','12','2011',NULL,'0','0','0','0','0','','1324132','0'), ('4','25','PRT-0002','printer2','BCD','12','2011',NULL,'0','0','0','0','1','','','0'), ('1','29','TNR-0001','TONER1000','BCD','12','2011',NULL,'0','0','0','0','1','','','0'), ('2','29','TNR-0001','TONER1001','BCD','12','2011',NULL,'0','0','0','0','1','','','0'), ('2','29','TNR-0001','TONER1002','BCD','12','2011',NULL,'0','0','0','0','1','','','0'), ('2','29','TNR-0001','TONER1003','BCD','12','2011',NULL,'0','0','0','0','1','','','0'), ('2','29','TNR-0001','TONER1004','BCD','12','2011',NULL,'0','0','0','0','1','','','0'), ('2','29','TNR-0001','TONER1005','BCD','12','2011',NULL,'0','0','0','0','1','','','0'), ('3','29','TNR-0001','TONER1006','BCD','12','2011',NULL,'0','0','0','0','1','','','0');
INSERT INTO `0_isn_trans` VALUES ('TNR-0001','TONER1000','1','29','2011-12-20','1','BCD','1'), ('PRT-0002','printer1','4','25','2011-12-21','1','CEB','2'), ('PRT-0002','printer2','4','25','2011-12-21','1','CEB','3'), ('PRT-0002','printer1','1','13','2011-12-21','0','CEB','4'), ('TNR-0001','TONER1001','2','29','2011-12-21','1','BCD','5'), ('TNR-0001','TONER1002','2','29','2011-12-21','1','BCD','6'), ('TNR-0001','TONER1003','2','29','2011-12-21','1','BCD','7'), ('TNR-0001','TONER1004','2','29','2011-12-21','1','BCD','8'), ('TNR-0001','TONER1005','2','29','2011-12-21','1','BCD','9'), ('TNR-0001','TONER1006','3','29','2011-12-21','1','BCD','10'), ('PRT-0002','printer2','1','16','2011-12-21','0','CEB','11'), ('PRT-0002','printer2','1','16','2011-12-21','1','BCD','12');
INSERT INTO `0_item_codes` VALUES ('109','TNR-0020','TNR-0020','OPTIMUM, OPT-49A, TONER CARTRIDGE ','1','1','0','0'), ('4','PRT-0001','PRT-0001','CANON LBP-2900 LASER PRINTER ','2','1','0','0'), ('115','TNR-0026','TNR-0026','OPTIMUM, OPT-10A, TONER CARTRIDGE ','1','1','0','0'), ('110','TNR-0021','TNR-0021','OPTIMUM, OPT-38A, TONER CARTRIDGE ','1','1','0','0'), ('111','TNR-0022','TNR-0022','OPTIMUM, OPT-42A, TONER CARTRIDGE ','1','1','0','0'), ('112','TNR-0023','TNR-0023','OPTIMUM, OPT-45A, TONER CARTRIDGE ','1','1','0','0'), ('113','TNR-0024','TNR-0024','OPTIMUM, OPT-39A, TONER CARTRIDGE ','1','1','0','0'), ('114','TNR-0025','TNR-0025','OPTIMUM, OPT-11A, TONER CARTRIDGE ','1','1','0','0'), ('13','PRT-0002','PRT-0002','HP P1102 LASERJET PRINTER ','2','1','0','0'), ('14','PRT-0003','PRT-0003',' HP 2300 LASERJET PRINTER ','2','1','0','0'), ('15','PRT-0004','PRT-0004','HP 5000 LASERJET PRINTER ','2','1','0','0'), ('16','PRT-0005','PRT-0005','HP 4000 LASERJET PRINTER ','2','1','0','0'), ('17','PRT-0006','PRT-0006','HP 2300N LASERJET PRINTER ','2','1','0','0'), ('18','PRT-0007','PRT-0007','HP 5000N LASERJET PRINTER ','2','1','0','0'), ('19','PRT-0008','PRT-0008','HP 4000N LASERJET PRINTER ','2','1','0','0'), ('20','PRT-0009','PRT-0009',' HP M1212NF LASERJET PRINTER','2','1','0','0'), ('21','PRT-0010','PRT-0010','HP M1132 LASERJET PRINTER ','2','1','0','0'), ('22','PRP-0001','PRP-0001','BSH-2600-PL, Bushing, Left, Pressure Roller','3','1','0','0'), ('23','PRP-0002','PRP-0002','BSH-P1008-LOW, Bushing, Pressure Roller','3','1','0','0'), ('24','PRP-0003','PRP-0003','RA0-1094-000, Bushing, Pressure Roller','3','1','0','0'), ('25','PRP-0004','PRP-0004','RA0-1095-000, Bushing, Pressure Roller','3','1','0','0'), ('26','PRP-0005','PRP-0005','BSH-1010-P, Bushing, Pressure Roller','3','1','0','0'), ('27','PRP-0006','PRP-0006','RB2-2973-000, Bushing, Pressure Roller','3','1','0','0'), ('28','PRT-0011','PRT-0011','HP 1010 LASERJET PRINTER ','2','1','0','0'), ('29','PRT-0012','PRT-0012','HP 1020 LASERJET PRINTER ','2','1','0','0'), ('116','TNR-0027','TNR-0027','OPTIMUM, OPT-16A, TONER CARTRIDGE ','1','1','0','0'), ('117','TNR-0028','TNR-0028','OPTIMUM, OPT-53A, TONER CARTRIDGE ','1','1','0','0'), ('118','TNR-0029','TNR-0029','OPTIMUM, OPT-51A, TONER CARTRIDGE ','1','1','0','0'), ('119','TNR-0030','TNR-0030','OPTIMUM, OPT-FX9, TONER CARTRIDGE ','1','1','0','0'), ('120','TNR-0031','TNR-0031','OPTIMUM, OPT-36A, TONER CARTRIDGE ','1','1','0','0'), ('121','TNR-0032','TNR-0032','OPTIMUM, OPT-85A, TONER CARTRIDGE ','1','1','0','0'), ('122','TNR-0033','TNR-0033','OPTIMUM, OPT-78A, TONER CARTRIDGE ','1','1','0','0'), ('123','TNR-0034','TNR-0034','OPTIMUM, OPT-ML2010, TONER CARTRIDGE ','1','1','0','0'), ('124','TNR-0035','TNR-0035','OPTIMUM, OPT-ML1610, TONER CARTRIDGE ','1','1','0','0'), ('125','TNR-0036','TNR-0036','OPTIMUM, OPT-D108, TONER CARTRIDGE ','1','1','0','0'), ('126','TNR-0037','TNR-0037','OPTIMUM, OPT-SCX4521, TONER CARTRIDGE ','1','1','0','0'), ('127','TNR-0038','TNR-0038','OPTIMUM, OPT-D109, TONER CARTRIDGE ','1','1','0','0'), ('128','TNR-0039','TNR-0039','OPTIMUM, OPT-SCX4200, TONER CARTRIDGE ','1','1','0','0'), ('129','TNR-0040','TNR-0040','OPTIMUM, OPT-PE220, TONER CARTRIDGE ','1','1','0','0'), ('130','TNR-0041','TNR-0041','OPTIMUM, OPT-X3124, TONER CARTRIDGE ','1','1','0','0'), ('131','TNR-0042','TNR-0042','OPTIMUM, OPT-TK100, TONER CARTRIDGE ','1','1','0','0'), ('132','TNR-0043','TNR-0043','OPTIMUM, OPT-TK410, TONER CARTRIDGE ','1','1','0','0'), ('133','TNR-0044','TNR-0044','OPTIMUM, OPT-05A, TONER CARTRIDGE','1','1','0','0'), ('134','TNR-0045','TNR-0045','OPTIMUM, OPT-55A, TONER CARTRIDGE ','1','1','0','0'), ('135','TNR-0046','TNR-0046','OPTIMUM, OPT-TN2130, TONER CARTRIDGE ','1','1','0','0'), ('136','TNR-0047','TNR-0047','OPTIMUM, OPT-SCX4725, TONER CARTRIDGE ','1','1','0','0'), ('137','TNR-0048','TNR-0048','OPTIMUM, OPT-6000A - BLACK, TONER CARTRIDGE','1','1','0','0'), ('138','TNR-0049','TNR-0049','OPTIMUM, OPT-6001A - CYAN, TONER CARTRIDGE','1','1','0','0'), ('139','TNR-0050','TNR-0050','OPTIMUM, OPT-541A - CYAN, TONER CARTRIDGE','1','1','0','0'), ('140','TNR-0051','TNR-0051','OPTIMUM, OPT-6002A - YELLOW, TONER CARTRIDGE','1','1','0','0'), ('141','TNR-0052','TNR-0052','OPTIMUM, OPT-6003A - MAGENTA, TONER CARTRIDGE','1','1','0','0'), ('142','TNR-0053','TNR-0053','OPTIMUM, OPT-540A - BLACK, TONER CARTRIDGE','1','1','0','0'), ('143','TNR-0054','TNR-0054','OPTIMUM, OPT-542A - YELLOW, TONER CARTRIDGE','1','1','0','0'), ('144','TNR-0055','TNR-0055','OPTIMUM, OPT-543A - MAGENTA, TONER CARTRIDGE','1','1','0','0'), ('145','TNR-0056','TNR-0056','OPTIMUM, OPT-530A - BLACK, TONER CARTRIDGE','1','1','0','0'), ('146','TNR-0057','TNR-0057','OPTIMUM, OPT-531A - CYAN, TONER CARTRIDGE','1','1','0','0'), ('90','TNR-0001','TNR-0001','OPTIMUM, OPT-12A, TONER CARTRIDGE','1','1','0','0'), ('91','TNR-0002','TNR-0002','OPTIMUM, OPT-35A, TONER CARTRIDGE','1','1','0','0'), ('92','TNR-0003','TNR-0003','OPTIMUM, OPT-D105L, TONER CARTRIDGE','1','1','0','0'), ('93','TNR-0004','TNR-0004','OPTIMUM, OPT-TN2150, TONER CARTRIDGE ','1','1','0','0'), ('94','TNR-0005','TNR-0005','OPTIMUM, OPT-D209L, TONER CARTRIDGE ','1','1','0','0'), ('95','TNR-0006','TNR-0006','OPTIMUM, OPT-85AO, TONER CARTRIDGE ','1','1','0','0'), ('96','TNR-007','TNR-007','OPTIMUM, OPT-TN2025, TONER CARTRIDGE ','1','1','0','0'), ('97','TNR-008','TNR-008','OPTIMUM, OPT-NPG25, TONER CARTRIDGE ','1','1','0','0'), ('98','TNR-009','TNR-009','OPTIMUM, OPT-NPG28, TONER CARTRIDGE ','1','1','0','0'), ('99','TNR-0010','TNR-0010','OPTIMUM, OPT-D104, TONER CARTRIDGE ','1','1','0','0'), ('100','TNR-0011','TNR-0011','OPTIMUM, OPT-98A, TONER CARTRIDGE ','1','1','0','0'), ('101','TNR-0012','TNR-0012','OPTIMUM, OPT-92A, TONER CARTRIDGE ','1','1','0','0'), ('102','TNR-0013','TNR-0013','OPTIMUM, OPT-15A, TONER CARTRIDGE ','1','1','0','0'), ('103','TNR-0014','TNR-0014','OPTIMUM, OPT-96A, TONER CARTRIDGE ','1','1','0','0'), ('104','TNR-0015','TNR-0015','OPTIMUM, OPT-27X, TONER CARTRIDGE ','1','1','0','0'), ('105','TNR-0016','TNR-0016','OPTIMUM, OPT-29X, TONER CARTRIDGE ','1','1','0','0'), ('106','TNR-0017','TNR-0017','OPTIMUM, OPT-61X, TONER CARTRIDGE ','1','1','0','0'), ('107','TNR-0018','TNR-0018','OPTIMUM, OPT-13A, TONER CARTRIDGE ','1','1','0','0'), ('108','TNR-0019','TNR-0019','OPTIMUM, OPT-24A, TONER CARTRIDGE ','1','1','0','0'), ('158','PRM-0002','PRM-0002','BOX, 430X160X300 MM, LARGE','4','1','0','0'), ('157','PRM-0001','PRM-0001','BOX, 343X102X135 MM, EXTRA SMALL','4','1','0','0'), ('147','TNR-0058','TNR-0058','OPTIMUM, OPT-532A - YELLOW, TONER CARTRIDGE','1','1','0','0'), ('148','TNR-0059','TNR-0059','OPTIMUM, OPT-533A - MAGENTA, TONER CARTRIDGE','1','1','0','0'), ('149','TNR-0060','TNR-0060','OPTIMUM, OPT-C1110K - BLACK, TONER CARTRIDGE','1','1','0','0'), ('150','TNR-0061','TNR-0061','OPTIMUM, OPT-C1110C - CYAN, TONER CARTRIDGE','1','1','0','0'), ('151','TNR-0062','TNR-0062','OPTIMUM, OPT-C1110Y - YELLOW, TONER CARTRIDGE','1','1','0','0'), ('152','TNR-0063','TNR-0063','OPTIMUM, OPT-C1110M - MAGENTA, TONER CARTRIDGE','1','1','0','0'), ('153','TNR-0064','TNR-0064','OPTIMUM, OPT-320A - BLACK, TONER CARTRIDGE','1','1','0','0'), ('154','TNR-0065','TNR-0065','OPTIMUM, OPT-321A - CYAN, TONER CARTRIDGE','1','1','0','0'), ('155','TNR-0066','TNR-0066','OPTIMUM, OPT-322A - YELLOW, TONER CARTRIDGE','1','1','0','0'), ('156','TNR-0067','TNR-0067','OPTIMUM, OPT-323A - MAGENTA, TONER CARTRIDGE','1','1','0','0'), ('161','PRM-0003','PRM-0003','BOX, 430X140X250 MM, MEDIUM','4','1','0','0'), ('162','PRM-0005','PRM-0005','BOX, 343X125X173 MM, SMALL','4','1','0','0'), ('163','PRM-0006','PRM-0006','BOX, 490X170X270 MM, EXTRA-LARGE','4','1','0','0'), ('164','PRP-0007','PRP-0007','RG9-1542-000, TRANSFER ROLLER, HP 5100','3','1','0','0'), ('165','PRP-0008','PRP-0008','RG9-2660-HE, HEATING ELEMENT, (220v), HP 4000/4050','3','1','0','0'), ('166','PRP-0009','PRP-0009','RH7-4054-000, HEATING LAMP, (115V, 750W), HP 4+/5','3','1','0','0'), ('167','PRP-0010','PRP-0010','RH7-4055-000, HEATING LAMP (240V, 750W), HP 4+/5','3','1','0','0'), ('168','PRP-0011','PRP-0011','RH7-4074-000, HEATING LAMP, (240V, 500W), HP 5SI/8000','3','1','0','0'), ('169','PRP-0012','PRP-0012','RH7-4128-000, HEATING LAMP, UPPER (220V, 600W), HP 8100/8150','3','1','0','0'), ('170','PRP-0013','PRP-0013','RH7-4129-000, HEATING LAMP, LOWER (220V, 450W), HP 8100/8150','3','1','0','0'), ('171','PRP-0014','PRP-0014','RH7-7150-000, THERMISTOR, HP 4200','3','1','0','0'), ('172','PRP-0015','PRP-0015','RL1-0007-000, SEPARATION PAD, HP 4200/4345','3','1','0','0'), ('173','PRP-0016','PRP-0016','RL1-0019-000, PICK-UP ROLLER TRAY 1, HP 4200/4300/4345','3','1','0','0');
INSERT INTO `0_item_codes` VALUES ('174','PRP-0017','PRP-0017','RL1-0024-FM3, FUSER FILM SLEEVE, HP 4250/4300','3','1','0','0'), ('175','PRP-0018','PRP-0018','RL1-0266-000, PICK-UP ROLLER, HP 1010/1020/1022','3','1','0','0'), ('176','PRP-0019','PRP-0019','RL1-0540-000, PICK-UP ROLLER TRAY 2 HP 1160/1320/P2015','3','1','0','0'), ('177','PRP-0020','PRP-0020','RL1-0542-000, PICK-UP ROLLER TRAY 2, HP 2400/2420','3','1','0','0'), ('178','PRP-0021','PRP-0021','RL1-0568-000, PICK-UP ROLLER MP TRAY, HP 2400/2420/P3005','3','1','0','0'), ('179','PRP-0022','PRP-0022','RL1-1370-000, PICK-UP ROLLER, HP P3005','3','1','0','0'), ('180','PRP-0023','PRP-0023','RL1-1497-000, PICK-UP ROLLER, HP P1505','3','1','0','0'), ('181','PRP-0024','PRP-0024','RM1-0005-000, DROP DOWN TRAY 1 ASSEMBLY, HP 4200','3','1','0','0'), ('182','PRP-0025','PRP-0025','RM1-0013-FM3, FUSER FILM SLEEVE, HP 4200','3','1','0','0'), ('183','PRP-0026','PRP-0026','RM1-0014-HE, HEATING ELEMENT (220V), HP 4200','3','1','0','0'), ('184','PRP-0027','PRP-0027','RM1-0036-000, PICK-UP ROLLER TRAY 2, HP 4200/4250/4345','3','1','0','0'), ('185','PRP-0028','PRP-0028','RM1-0037-000, PICK-UP ROLLER TRAY 2, HP 4200/4250/4345','3','1','0','0'), ('186','PRP-0029','PRP-0029','RM1-0043-060, SWING PLATE KIT ASSEMBLY, HP 4200','3','1','0','0'), ('187','PRP-0030','PRP-0030','RM1-0102-HE, HEATING ELEMENT (220V), HP 4300','3','1','0','0'), ('188','PRP-0031','PRP-0031','RM1-0354-FM3, FUSER FILM SLEEVE, HP 2300','3','1','0','0'), ('189','PRP-0032','PRP-0032','RM1-0355-HE, HEATING ELEMENT (220V), HP 2300','3','1','0','0'), ('190','PRP-0033','PRP-0033','RM1-0550-000, ROLLER TRANSFER ASSEMBLY','3','1','0','0'), ('191','PRP-0034','PRP-0034','RM1-0561-HE, HEATING ELEMENT (220V), HP 1300','3','1','0','0'), ('192','PRP-0035','PRP-0035','RM1-0648-000, SEPARATION PAD ASSEMBLY, HP 1010/1015/1020','3','1','0','0'), ('193','PRP-0036','PRP-0036','RM1-0649-FM3, FUSER FILM SLEEVE, HP 1010/1020','3','1','0','0'), ('194','PRP-0037','PRP-0037','RM1-0655-HE, HEATING ELEMENT (220V), HP 1010/1020/3015/3030','3','1','0','0'), ('195','PRP-0038','PRP-0038','RM1-0658-000, TRANSFER ROLLER ASSEMBLY, HP 1010','3','1','0','0'), ('196','PRP-0039','PRP-0039','RM1-0731-000, PICK-UP ROLLER, HP 3500/3700/5200','3','1','0','0'), ('197','PRP-0040','PRP-0040','RM1-1083-HE, HEATING ELEMENT (220V), HP 4250','3','1','0','0'), ('198','PRP-0041','PRP-0041','RM1-1110-000, TRANSFER ROLLER, HP 4250','3','1','0','0'), ('199','PRP-0042','PRP-0042','RM1-1289-FM3, FUSER FILM SLEEVE, HP 1160/1320','3','1','0','0'), ('200','PRP-0043','PRP-0043','RM1-1298-000, SEPARATION PAD ASSEMBLY','3','1','0','0'), ('201','PRP-0044','PRP-0044','RM1-1298-PAD, SEPARATION PAD ONLY, HP 1160/1320/2400/2420','3','1','0','0'), ('202','PRP-0045','PRP-0045','RM1-1471-000, TRANSFER ROLLER','3','1','0','0'), ('203','PRP-0046','PRP-0046','RM1-1491-FM3, FUSER FILM SLEEVE, HP 2400','3','1','0','0'), ('204','PRP-0047','PRP-0047','RM1-2048-PAD, SEPARATION PAD, HP 1022/3050','3','1','0','0'), ('205','PRP-0048','PRP-0048','RM1-2050-HE, HEATING ELEMENT (220V), HP 1022/3050','3','1','0','0'), ('206','PRP-0049','PRP-0049','RM1-2462-000, SEPARATION PAD TRAY 1, HP 5200','3','1','0','0'), ('207','PRP-0050','PRP-0050','RM1-2522-FM3, FUSER FILM SLEEVE, HP 5000/5100/5200','3','1','0','0'), ('208','PRP-0051','PRP-0051','RM1-2546-000, SEPARATION PAD TRAY 2, HP 5200','3','1','0','0'), ('209','PRP-0052','PRP-0052','RM1-3740-FM3, FUSER FILM SLEEVE, HP P3005','3','1','0','0'), ('210','PRP-0053','PRP-0053','RM1-3741-HE, HEATING ELEMENT (220V), HP P3005','3','1','0','0'), ('211','PRP-0054','PRP-0054','RM1-4208-FM3, METAL FUSER FILM SLEEVE, HP P1505','3','1','0','0'), ('212','PRP-0055','PRP-0055','RM1-4247-FM3, FUSER FILM SLEEVE, HP P2015','3','1','0','0'), ('213','PRP-0056','PRP-0056','RM1-4279-000, TRANSFER ROLLER, HP P2015','3','1','0','0'), ('214','PRP-0057','PRP-0057','RS5-0228-000, GEAR (25T), HP 4/4+/5','3','1','0','0'), ('215','PRP-0058','PRP-0058','RC1-5568-000, LEVER, RIGHT TENSION, HP 1022','3','1','0','0'), ('216','PRP-0059','PRP-0059','RC1-7440-000, GUIDE, UPPER DELIVERY, HP 5200','3','1','0','0'), ('217','PRP-0060','PRP-0060','RC2-0429-000, EXIT GUIDE, FUSER LOWER, HP P2015','3','1','0','0'), ('218','PRP-0061','PRP-0061','RF0-1002-000, FUSER PRESSURE ROLLER, HP 1000/1200','3','1','0','0'), ('219','PRP-0062','PRP-0062','RF0-1008-000, PICK-UP ROLLER MP TRAY, HP 1000/1200','3','1','0','0'), ('220','PRP-0063','PRP-0063','RF0-1014-000, SEPARATION PAD, HP 1000/1200/1300','3','1','0','0'), ('221','PRP-0064','PRP-0064','RF5-0343-000, SEPARATION PAD, HP 4/4+/5/5P/6/6P','3','1','0','0'), ('222','PRP-0065','PRP-0065','RF5-0350-000, FIXING COUPLER, HP 4/4+/5','3','1','0','0'), ('223','PRP-0066','PRP-0066','RF5-1455-000, SEPARATION PAD, HP 5SI/8000','3','1','0','0'), ('224','PRP-0067','PRP-0067','RF5-1516-000, FUSER PRESSURE ROLLER, HP 5L','3','1','0','0'), ('225','PRP-0068','PRP-0068','RF5-1834-000, FEED/SEPARATION ROLLER, HP 5SI/8000','3','1','0','0'), ('226','PRP-0069','PRP-0069','RF5-1835-000, PICK-UP ROLLER, HP 5SI/8000/8100','3','1','0','0'), ('227','PRP-0070','PRP-0070','RF5-1885-000, FEED/SEPARATION ROLLER, HP 4000/4050','3','1','0','0'), ('228','PRP-0071','PRP-0071','RF5-2400-000, SEPARATION PAD TRAY 1, HP 5000','3','1','0','0'), ('229','PRP-0072','PRP-0072','RF5-2409-CLN, SWING (14T) GEAR/METAL BRACKET','3','1','0','0'), ('230','PRP-0073','PRP-0073','RF5-2490-000, FEED/SEPARATION ROLLER, HP 4000/4050','3','1','0','0'), ('231','PRP-0074','PRP-0074','RF5-2601-000, FUSER PRESSURE ROLLER, HP 2100','3','1','0','0'), ('232','PRP-0075','PRP-0075','RF5-2703-000, SEPARATION PAD, HP 8100/8150','3','1','0','0'), ('233','PRP-0076','PRP-0076','RF5-2708-000, PICK-UP ROLLER TRAY 2, HP 8100/8150','3','1','0','0'), ('234','PRP-0077','PRP-0077','RF5-2823-000, FUSER PRESSURE ROLLER, HP 1100/3200','3','1','0','0'), ('235','PRP-0078','PRP-0078','RF5-2886-000, SEPARATION ARM, HP 1100/3200','3','1','0','0'), ('236','PRP-0079','PRP-0079','RF5-3086-000, SEPARATION PAD TRAY 1, HP 4100','3','1','0','0'), ('237','PRP-0080','PRP-0080','RF5-3116-000, ARM PAPER SENSOR T1, HP 4100','3','1','0','0'), ('238','PRP-0081','PRP-0081','RF5-3272-000, SEPARATION PAD ASSEMBLY TRAY 1, HP','3','1','0','0'), ('239','PRP-0082','PRP-0082','RF5-3739-000, PICK-UP ROLLER TRAY 2, HP 4600/4650/','3','1','0','0'), ('240','PRP-0083','PRP-0083','RF5-3750-000, SEPARATION PAD, HP 4600/4650','3','1','0','0'), ('241','PRP-0084','PRP-0084','RF5-4119-000, SEPARATION PAD TRAY 1, HP 5100','3','1','0','0'), ('242','PRP-0085','PRP-0085','RF5-4120-000, SEPARATION PAD TRAY 2, HP 5100','3','1','0','0'), ('243','PRP-0086','PRP-0086','RF5-4258-000, SEPARATION PAD TRAY 2, HP 2300/2500','3','1','0','0'), ('244','PRP-0087','PRP-0087','RF9-1394-000, TRANSFER ROLLER W/ GEAR, HP 8100','3','1','0','0'), ('245','PRP-0088','PRP-0088','RG5-2661-FM3, FUSER FILM SLEEVE, HP 4000/4050','3','1','0','0'), ('246','PRP-0089','PRP-0089','RG5-3579-000, TRANSFER ROLLER W/ GEAR, HP 5000','3','1','0','0'), ('247','PRP-0090','PRP-0090','RG5-3718-000, PICK-UP ROLLER MP TRAY, HP 4000/4050','3','1','0','0'), ('248','PRP-0091','PRP-0091','RG5-4128-000, PICK-UP ASSEMBLY MP TRAY, HP 2100','3','1','0','0'), ('249','PRP-0092','PRP-0092','RG5-4132-FM3, FUSER FILM SLEEVE, HP 2100','3','1','0','0'), ('250','PRP-0093','PRP-0093','RG5-4132-HE, HEATING ELEMENT (110V), HP 2100','3','1','0','0'), ('251','PRP-0094','PRP-0094','RG5-4133-HE, HEATING ELEMENT (220V), HP 2100','3','1','0','0'), ('252','PRP-0095','PRP-0095','RG5-4589-FM3, FUSER FILM SLEEVE, HP 1100','3','1','0','0'), ('253','PRP-0096','PRP-0096','RG5-4657-000, TRANSFER ROLLER W/ GEAR','3','1','0','0'), ('254','PRP-0097','PRP-0097','RG5-4950-HE, HEATING ELEMENT (220V), HP 1100/3200','3','1','0','0'), ('255','PRP-0098','PRP-0098','RG5-5068-FM3, FUSER FILM SLEEVE, HP 4100','3','1','0','0'), ('256','PRP-0099','PRP-0099','RG5-5069-HE, HEATING ELEMENT (220V), HP 4100','3','1','0','0'), ('257','PRP-0100','PRP-0100','RG5-5281-000, SEPARATION PAD, HP 4000/4100','3','1','0','0'), ('258','PRP-0101','PRP-0101','RG5-5560-FM3, FUSER FILM SLEEVE, HP 2200','3','1','0','0'), ('259','PRP-0102','PRP-0102','RG5-5570-HE, HEATING ELEMENT (220V), HP 2200','3','1','0','0'), ('260','PRP-0103','PRP-0103','RG5-7061-HE, HEATING ELEMENT (220V), HP 5100','3','1','0','0'), ('261','PRP-0104','PRP-0104','RG9-1483-000, TRANSFER ROLLER, HP 1000/1200','3','1','0','0'), ('262','PRP-0105','PRP-0105','RG9-1485-000, SEPARATION PAD W/ SPRING TRAY 2, HP ','3','1','0','0'), ('263','PRP-0106','PRP-0106','RG9-1493-FM3, FUSER FILM SLEEVE, HP 1000/1200','3','1','0','0'), ('264','PRP-0107','PRP-0107','RG9-1494-HE, HEATING ELEMENT (220V), HP 1200','3','1','0','0'), ('265','PRP-0108','PRP-0108','RG9-1529-000, PICK-UP ROLLER TRAY 1, HP 4600/4650','3','1','0','0'), ('266','PRP-0109','PRP-0109','2A806010, PICK-UP ROLLER, KM-1500','3','1','0','0'), ('267','PRP-0110','PRP-0110','2A820160, GEAR, UPPER ROLLER (33T), KM-1500','3','1','0','0'), ('268','PRP-0111','PRP-0111','2A820360, UPPER PICKER FINGER, KM-1500','3','1','0','0'), ('269','PRP-0112','PRP-0112','2BY20010, UPPER FUSER ROLLER, KM-1500','3','1','0','0'), ('270','PRP-0113','PRP-0113','2DC20060, LOWER PRESSURE ROLLER, KM-1500','3','1','0','0'), ('271','PRP-0114','PRP-0114','2FM14060, TRANSFER ROLLER, KM-1500','3','1','0','0'), ('272','PRP-0115','PRP-0115','2FM68320, SEPARATION PAD UNIT, KM-1500','3','1','0','0'), ('273','PRP-0116','PRP-0116','5851-2766, SWING PLATE KIT, HP 4200','3','1','0','0');
INSERT INTO `0_item_codes` VALUES ('274','PRP-0117','PRP-0117','5EZPB2412120702, HEATER LAMP, KM-1500','3','1','0','0'), ('275','PRP-0118','PRP-0118','ARM-4200-T1, ARM TRAY 1, HP 4200/4250/4300','3','1','0','0'), ('276','PRP-0119','PRP-0119','BIN-1320-ASM, LOWER TOP BIN ROLLER ASSEMBLY, HP 1320','3','1','0','0'), ('277','PRP-0120','PRP-0120','BSH-1320-PL, BUSHING PRESSURE ROLLER LEFT, HP 1320','3','1','0','0'), ('278','PRP-0121','PRP-0121','BSH-1320-PR, BUSHING PRESSURE ROLLER RIGHT, HP 1320','3','1','0','0'), ('279','PRP-0122','PRP-0122','BSH-2400-PL, BUSHING, PRESSURE ROLLER LEFT, HP 2400/2420','3','1','0','0'), ('280','PRP-0123','PRP-0123','BSH-2400-PR, BUSHING, PRESSURE ROLLER RIGHT, HP 2400/2420','3','1','0','0'), ('281','EMP-0001','EMP-0001','HP, Q7553X, EMPTY CARTRIDGE, 53X','5','1','0','0'), ('282','EMP-0002','EMP-0002','HP, C3903A, EMPTY CARTIDGE, 03A','5','1','0','0'), ('283','EMP-0003','EMP-0003','HP, CE505A, EMPTY CARTRIDGE, 05A','5','1','0','0'), ('284','EMP-0004','EMP-0004','HP, C3906A, EMPTY CARTRIDGE, 06A','5','1','0','0'), ('285','EMP-0005','EMP-0005','HP, C3909A, EMPTY CARTRIDGE, 09A','5','1','0','0'), ('286','EMP-0006','EMP-0006','HP, Q2610A, EMPTY CARTRIDGE, 10A','5','1','0','0'), ('287','EMP-0007','EMP-0007','HP, Q6511A, EMPTY CARTRIDGE, 11A','5','1','0','0'), ('288','EMP-0008','EMP-0008','HP, Q2612A, EMPTY CARTRIDGE, 12A','5','1','0','0'), ('289','EMP-0009','EMP-0009','HP, Q2613A, EMPTY CARTRIDGE, 13A','5','1','0','0'), ('290','EMP-0010','EMP-0010','HP, C7115A, EMPTY CARTRIDGE, 15A','5','1','0','0'), ('291','EMP-0011','EMP-0011','HP, Q7516A, EMPTY CARTRIDGE, 16A','5','1','0','0'), ('292','EMP-0012','EMP-0012','HP, Q2624A, EMPTY CARTRIDGE, 24A','5','1','0','0'), ('293','EMP-0013','EMP-0013','HP, C4127X, EMPTY CARTRIDGE, 27X','5','1','0','0'), ('294','EMP-0014','EMP-0014','HP, C4129X, EMPTY CARTRIDGE, 29X','5','1','0','0'), ('295','EMP-0015','EMP-0015','HP, CB435A, EMPTY CARTRIDGE, 35A','5','1','0','0'), ('296','EMP-0016','EMP-0016','HP, CB436A, EMPTY CARTRIDGE, 36A','5','1','0','0'), ('297','EMP-0017','EMP-0017','HP, Q1338A, EMPTY CARTRIDGE, 38A','5','1','0','0'), ('298','EMP-0018','EMP-0018','HP, Q1339A, EMPTY CARTRIDGE, 39A','5','1','0','0'), ('299','EMP-0019','EMP-0019','HP, Q5942A, EMPTY CARTRIDGE, 42A','5','1','0','0'), ('300','EMP-0020','EMP-0020','HP, Q5945A, EMPTY CARTRIDGE, 45A','5','1','0','0'), ('301','EMP-0021','EMP-0021','HP, Q5949A, EMPTY CARTRIDGE, 49A','5','1','0','0'), ('302','EMP-0022','EMP-0022','HP, Q7551A, EMPTY CARTRIDGE, 51A','5','1','0','0'), ('303','EMP-0023','EMP-0023','HP, Q7553A, EMPTY CARTRIDGE, 53A','5','1','0','0'), ('304','EMP-0024','EMP-0024','HP, CE255A, EMPTY CARTRIDGE, 55A','5','1','0','0'), ('305','EMP-0025','EMP-0025','HP, Q6000A, EMPTY CARTRIDGE, 6000A, BLACK','5','1','0','0'), ('309','EMP-0026','EMP-0026','HP, Q6001A, EMPTY CARTRIDGE, 6001A, CYAN','5','1','0','0'), ('307','EMP-0027','EMP-0027','HP, Q6002A, EMPTY CARTRIDGE, 6002A, YELLOW','5','1','0','0'), ('308','EMP-0028','EMP-0028','HP, Q6003A, EMPTY CARTRIDGE, 6003A, MAGENTA','5','1','0','0'), ('310','EMP-0029','EMP-0029','HP, C8061X, EMPTY CARTRIDGE, 61X','5','1','0','0'), ('311','EMP-0030','EMP-0030','HP, CC364A, EMPTY CARTRIDGE, 64A','5','1','0','0'), ('312','EMP-0031','EMP-0031','HP, 92274A, EMPTY CARTRIDGE, 74A','5','1','0','0'), ('313','EMP-0032','EMP-0032','HP, CE278A, EMPTY CARTRIDGE, 78A','5','1','0','0'), ('314','EMP-0033','EMP-0033','HP, C4182X, EMPTY CARTRIDGE, 82X','5','1','0','0'), ('315','EMP-0034','EMP-0034','HP, CE285A, EMPTY CARTRIDGE, 85A','5','1','0','0'), ('316','EMP-0035','EMP-0035','HP, C4092A, EMPTY CARTRIDGE, 92A','5','1','0','0'), ('317','EMP-0036','EMP-0036','HP, C4096A, EMPTY CARTRIDGE, 96A','5','1','0','0'), ('318','EMP-0037','EMP-0037','HP, 92298A, EMPTY CARTRIDGE, 98A','5','1','0','0'), ('319','EMP-0038','EMP-0038','HP, 320A, EMPTY CARTRIDGE, BLACK','5','1','0','0'), ('320','EMP-0039','EMP-0039','HP, 321A, EMPTY CARTRIDGE, CYAN','5','1','0','0'), ('321','EMP-0040','EMP-0040','HP, 322A, EMPTY CARTRIDGE, YELLOW','5','1','0','0'), ('322','EMP-0041','EMP-0041','HP, 323A, EMPTY CARTRIDGE, MAGENTA','5','1','0','0'), ('323','EMP-0042','EMP-0042','HP, CC530, EMPTY CARTRIDGE, 530A, BLACK','5','1','0','0'), ('324','EMP-0043','EMP-0043','HP, CC531, EMPTY CARTRIDGE, 531A, CYAN','5','1','0','0'), ('325','EMP-0044','EMP-0044','HP, CC532, EMPTY CARTRIDGE, 532A, YELLOW','5','1','0','0'), ('326','EMP-0045','EMP-0045','HP, CC533, EMPTY CARTRIDGE, 533A, MAGENTA','5','1','0','0'), ('327','EMP-0046','EMP-0046','HP, CB540, EMPTY CARTRIDGE, 540A, BLACK','5','1','0','0'), ('328','EMP-0047','EMP-0047','HP, CB541, EMPTY CARTRIDGE, 541A, CYAN','5','1','0','0'), ('329','EMP-0048','EMP-0048','HP, CB542, EMPTY CARTRIDGE, 542A, YELLOW','5','1','0','0'), ('330','EMP-0049','EMP-0049','HP, CB543, EMPTY CARTRIDGE, 543A, MAGENTA','5','1','0','0'), ('331','EMP-0050','EMP-0050','SAMSUNG, MLT-D209, EMPTY CARTRIDGE, D209','5','1','0','0'), ('332','EMP-0051','EMP-0051','SAMSUNG, MLT-D104S, EMPTY CARTRIDGE, D104','5','1','0','0'), ('333','EMP-0052','EMP-0052','SAMSUNG, SF-560, EMPTY CARTRIDGE, SF560','5','1','0','0'), ('334','EMP-0053','EMP-0053','SASMSUNG, MLT-D105, EMPTY CARTRIDGE, D105','5','1','0','0'), ('335','EMP-0054','EMP-0054','SAMSUNG, ML-1710, EMPTY CARTRIDGE, 1710','5','1','0','0'), ('384','EMP-0055','EMP-0055','SAMSUNG, SCX-4521, EMPTY CARTRIDGE','5','1','0','0'), ('337','EMP-0056','EMP-0056','SAMSUNG, CLT-409, EMPTY CARTRIDGE, BLACK','5','1','0','0'), ('338','EMP-0057','EMP-0057','SAMSUNG, CLT-407, EMPTY CARTRIDGE, BLACK','5','1','0','0'), ('339','EMP-0058','EMP-0058','SAMSUNG, CLT-409, EMPTY CARTRIDGE, CYAN','5','1','0','0'), ('340','EMP-0059','EMP-0059','SAMSUNG, CLT-409, EMPTY CARTRIDGE, MAGENTA','5','1','0','0'), ('341','EMP-0060','EMP-0060','SAMSUNG, ML-1610D, EMPTY CARTRIDGE, 1610','5','1','0','0'), ('342','EMP-0061','EMP-0061','SAMSUNG, ML-2010, EMPTY CARTRIDGE, 2010','5','1','0','0'), ('343','EMP-0062','EMP-0062','SAMSUNG, ML-3050, EMPTY CARTRIDGE, 3050','5','1','0','0'), ('344','EMP-0063','EMP-0063','SAMSUNG, PE220, EMPTY CARTRIDGE','5','1','0','0'), ('345','EMP-0064','EMP-0064','SAMSUNG, SCX-4200, EMPTY CARTRIDGE','5','1','0','0'), ('346','EMP-0065','EMP-0065','SAMSUNG, SCX-4216, EMPTY CARTRIDGE','5','1','0','0'), ('347','EMP-0066','EMP-0066','SAMSUNG, SCX-4300, EMPTY CARTRIDGE','5','1','0','0'), ('348','EMP-0067','EMP-0067','SAMSUNG, SF-5100D3, EMPTY CARTRIDGE','5','1','0','0'), ('349','EMP-0068','EMP-0068','SAMSUNG, CLT-409, EMPTY CARTRIDGE, YELLOW','5','1','0','0'), ('350','EMP-0069','EMP-0069','SAMSUNG, CLT-407, EMPTY CARTRIDGE, YELLOW','5','1','0','0'), ('351','EMP-0070','EMP-0070','BROTHER, TN-2025, EMPTY CARTRIDGE','5','1','0','0'), ('352','EMP-0071','EMP-0071','BROTHER, DR-2025, EMPTY CARTRIDGE','5','1','0','0'), ('353','EMP-0072','EMP-0072','BROTHER, TN-2150, EMPTY CARTRIDGE','5','1','0','0'), ('354','EMP-0073','EMP-0073','BROTHER, TN-4100, EMPTY CARTRIDGE','5','1','0','0'), ('355','EMP-0074','EMP-0074','BROTHER, TN-3290, EMPTY CARTRIDGE','5','1','0','0'), ('356','EMP-0075','EMP-0075','BROTHER, TN-3250,EMPTY CARTRIDGE','5','1','0','0'), ('357','EMP-0076','EMP-0076','BROTHER, TN-240, EMPTY CARTRIDGE, BLACK','5','1','0','0'), ('358','EMP-0077','EMP-0077','BROTHER, TN-240, EMPTY CARTRIDGE, CYAN','5','1','0','0'), ('359','EMP-0078','EMP-0078','BROTHER, TN-240, EMPTY CARTRIDGE, MAGENTA','5','1','0','0'), ('360','EMP-0079','EMP-0079','BROTHER, TN-2130, EMPTY CARTRIDGE','5','1','0','0'), ('361','EMP-0080','EMP-0080','BROTHER, TN-3145, EMPTY CARTRIDGE','5','1','0','0'), ('362','EMP-0081','EMP-0081','BROTHER, TN-240, EMPTY CARTRIDGE, YELLOW','5','1','0','0'), ('363','EMP-0082','EMP-0082','CANON, 315 II, EMPTY CARTRIDGE','5','1','0','0'), ('364','EMP-0083','EMP-0083','CANON, 312, EMPTY CARTRIDGE','5','1','0','0'), ('365','EMP-0084','EMP-0084','CANON, CARTRIDGE-W, EMPTY CARTRIDGE','5','1','0','0'), ('366','EMP-0085','EMP-0085','CANON, CARTRIDGE U, EMPTY CARTRIDGE','5','1','0','0'), ('367','EMP-0086','EMP-0086','CANON, FX3, EMPTY CARTRIDGE','5','1','0','0'), ('368','EMP-0087','EMP-0087','CANON, FX9, EMPTY CARTRIDGE','5','1','0','0'), ('369','EMP-0088','EMP-0088','FUJI, 203, EMPTY CARTRIDGE','5','1','0','0'), ('370','EMP-0089','EMP-0089','KYOCERA, TK-410, EMPTY CARTRIDGE','5','1','0','0'), ('371','EMP-0090','EMP-0090','KYOCERA, TK-135, EMPTY CARTRIDGE','5','1','0','0'), ('372','EMP-0091','EMP-0091','OPTIMUM, OPT-SCX4200, EMPTY CARTRIDGE','5','1','0','0'), ('373','EMP-0092','EMP-0092','OPTIMUM, OPT-1710, EMPTY CARTRIDGE','5','1','0','0'), ('374','EMP-0093','EMP-0093','OPTIMUM, OPT-78A, EMPTY CARTRIDGE','5','1','0','0');
INSERT INTO `0_item_codes` VALUES ('375','EMP-0094','EMP-0094','OPTIMUM, OPT-85A, EMPTY CARTRIDGE','5','1','0','0'), ('376','EMP-0095','EMP-0095','OPTIMUM, OPT-530A, EMPTY CARTRIDGE, BLACK','5','1','0','0'), ('377','EMP-0096','EMP-0096','OPTIMUM, OPT-531A, EMPTY CARTRIDGE, CYAN','5','1','0','0'), ('378','EMP-0097','EMP-0097','OPTIMUM, OPT-532A, EMPTY CARTRIDGE, YELLOW','5','1','0','0'), ('379','EMP-0098','EMP-0098','OPTIMUM, OPT-533A, EMPTY CARTRIDGE, MAGENTA','5','1','0','0'), ('380','EMP-0099','EMP-0099','OPTIMUM, OPT-C1110B, EMPTY CARTRIDGE, BLACK','5','1','0','0'), ('381','EMP-0100','EMP-0100','OPTIMUM, OPT-C1110C, EMPTY CARTRIDGE, CYAN','5','1','0','0'), ('382','EMP-0101','EMP-0101','OPTIMUM, OPT-C1110Y, EMPTY CARTRIDGE, YELLOW','5','1','0','0'), ('383','EMP-0102','EMP-0102','OPTIMUM, OPT-C1110M, EMPTY CARTRIDGE, MAGENTA','5','1','0','0'), ('385','EMP-0103','EMP-0103','OPTIMUM, OPT-03A, EMPTY CARTRIDGE','5','1','0','0'), ('386','EMP-0104','EMP-0104','OPTIMUM, OPT-06A, EMPTY CARTRIDGE','5','1','0','0'), ('387','EMP-0105','EMP-0105','OPTIMUM, OPT-09A, EMPTY CARTRIDGE','5','1','0','0'), ('388','EMP-0106','EMP-0106','OPTIMUM, OPT-10A, EMPTY CARTRIDGE','5','1','0','0'), ('389','EMP-0107','EMP-0107','OPTIMUM, OPT-11A, EMPTY CARTRIDGE','5','1','0','0'), ('390','EMP-0108','EMP-0108','OPTIMUM, OPT-12A, EMPTY CARTRIDGE','5','1','0','0'), ('391','EMP-0109','EMP-0109','OPTIMUM, OPT-13A, EMPTY CARTRIDGE','5','1','0','0'), ('392','EMP-0110','EMP-0110','OPTIMUM, OPT-15A, EMPTY CARTRIDGE','5','1','0','0'), ('393','EMP-0111','EMP-0111','OPTIMUM, OPT-1610, EMPTY CARTRIDGE','5','1','0','0'), ('394','EMP-0112','EMP-0112','OPTIMUM, OPT-1640, EMPTY CARTRIDGE','5','1','0','0'), ('395','EMP-0113','EMP-0113','OPTIMUM, OPT-2010, EMPTY CARTRIDGE','5','1','0','0'), ('396','EMP-0114','EMP-0114','OPTIMUM, OPT-24A, EMPTY CARTRIDGE','5','1','0','0'), ('397','EMP-0115','EMP-0115','OPTIMUM, OPT-27X, EMPTY CARTRIDGE','5','1','0','0'), ('398','EMP-0116','EMP-0116','OPTIMUM, OPT-29X, EMPTY CARTRIDGE','5','1','0','0'), ('399','EMP-0117','EMP-0117','OPTIMUM, OPT-35A, EMPTY CARTRIDGE','5','1','0','0'), ('400','EMP-0118','EMP-0118','OPTIMUM, OPT-36A, EMPTY CARTRIDGE','5','1','0','0'), ('401','EMP-0119','EMP-0119','OPTIMUM, OPT-38A, EMPTY CARTRIDGE','5','1','0','0'), ('402','EMP-0120','EMP-0120','OPTIMUM, OPT-39A, EMPTY CARTRIDGE','5','1','0','0'), ('403','EMP-0121','EMP-0121','OPTIMUM, OPT-42A, EMPTY CARTRIDGE','5','1','0','0'), ('404','EMP-0122','EMP-0122','OPTIMUM, OPT-45A, EMPTY CARTRIDGE','5','1','0','0'), ('405','EMP-0123','EMP-0123','OPTIMUM, OPT-49A, EMPTY CARTRIDGE','5','1','0','0'), ('406','EMP-0124','EMP-0124','OPTIMUM, OPT-51A, EMPTY CARTRIDGE','5','1','0','0'), ('407','EMP-0125','EMP-0125','OPTIMUM, OPT-53A, EMPTY CARTRIDGE','5','1','0','0'), ('408','EMP-0126','EMP-0126','OPTIMUM, OPT-6000A, EMPTY CARTRIDGE, BLACK','5','1','0','0'), ('409','EMP-0127','EMP-0127','OPTIMUM, OPT-6001A, EMPTY CARTRIDGE, CYAN','5','1','0','0'), ('410','EMP-0128','EMP-0128','OPTIMUM, OPT-6002A, EMPTY CARTRIDGE, YELLOW','5','1','0','0'), ('411','EMP-0129','EMP-0129','OPTIMUM, OPT-6003A, EMPTY CARTRIDGE, MAGENTA','5','1','0','0'), ('412','EMP-0130','EMP-0130','OPTIMUM, OPT-61X, EMPTY CARTRIDGE','5','1','0','0'), ('413','EMP-0131','EMP-0131','OPTIMUM, OPT-92A, EMPTY CARTRIDGE','5','1','0','0'), ('414','EMP-0132','EMP-0132','OPTIMUM, OPT-96A, EMPTY CARTRIDGE','5','1','0','0'), ('416','EMP-0133','EMP-0133','OPTIMUM, OPT-98A, EMPTY CARTRIDGE','5','1','0','0'), ('417','EMP-0134','EMP-0134','OPTIMUM, OPT-540A, EMPTY CARTRIDGE, BLACK','5','1','0','0'), ('418','EMP-0135','EMP-0135','OPTIMUM, OPT-541A, EMPTY CARTRIDGE, CYAN','5','1','0','0'), ('419','EMP-0136','EMP-0136','OPTIMUM, OPT-542A, EMPTY CARTRIDGE, YELLOW','5','1','0','0'), ('420','EMP-0137','EMP-0137','OPTIMUM, OPT-543A, EMPTY CARTRIDGE, MAGENTA','5','1','0','0'), ('421','EMP-0138','EMP-0138','OPTIMUM, OPT-D209, EMPTY CARTRIDGE','5','1','0','0'), ('422','EMP-0139','EMP-0139','OPTIMUM, OPT-FX3, EMPTY CARTRIDGE','5','1','0','0'), ('423','EMP-0140','EMP-0140','OPTIMUM, OPT-FX9, EMPTY CARTRIDGE','5','1','0','0'), ('424','EMP-0141','EMP-0141','OPTIMUM, OPT-PE220, EMPTY CARTRIDGE','5','1','0','0'), ('425','PRP-0124','PRP-0124','BSH-2600-PR, BUSHING, PRESSURE ROLLER, RIGHT HP CLJ 1600/2600','3','1','0','0'), ('426','PRP-0125','PRP-0125','BSH-4100-PL, BUSHING, PRESSURE ROLLER, LEFT HP LJ 4100','3','1','0','0'), ('427','PRP-0126','PRP-0126','BSH-4100-PR, BUSHING, PRESSURE ROLLER, RIGHT HP LJ 4100','3','1','0','0'), ('428','PRP-0127','PRP-0127','BSH-4200-LFT, BUSHING, PRESSURE ROLLER, LEFT HP LJ 4200','3','1','0','0'), ('429','PRP-0128','PRP-0128','BSH-4200-RGT, BUSHING, PRESSURE ROLLER, RIGHT HP LJ 4200','3','1','0','0'), ('430','PRP-0129','PRP-0129','BSH-4250-PL, BUSHING, PRESSURE ROLLER, LEFT HP LJ 4250','3','1','0','0'), ('431','PRP-0130','PRP-0130','BSH-4250-PR, BUSHING, PRESSURE ROLLER, RIGHT HP LJ 4250','3','1','0','0'), ('432','PRP-0131','PRP-0131','BSH-P3005-DL, BUSHING, DELIVERY ROLLER, LEFT HP LJ P3005','3','1','0','0'), ('433','PRP-0132','PRP-0132','BSH-P3005-DR, BUSHING, DELIVERY ROLLER, RIGHT HP LJ P3005','3','1','0','0'), ('434','PRP-0133','PRP-0133','BSH-P3005-PL, BUSHING, PRESSURE ROLLER, LEFT HP LJ P3005','3','1','0','0'), ('435','PRP-0134','PRP-0134','BSH-P3005-PR, BUSHING, PRESSURE ROLLER, RIGHT HP LJ P3005','3','1','0','0'), ('436','PRP-0135','PRP-0135','BSH-SM1510-UL, BUSHING, HOT ROLLER, LEFT SAMSUNG ML-1610/1640','3','1','0','0'), ('437','PRP-0136','PRP-0136','BSH-SM1510-UR, BUSHING, HOT ROLLER, RIGHT SAMSUNG ML-1610/1640','3','1','0','0'), ('438','PRP-0137','PRP-0137','CLAW-SM1610, CLAW, SAMSUNG ML 1610/1640','3','1','0','0'), ('439','PRP-0138','PRP-0138','DK-100-DRUM, DRUM KM1500','3','1','0','0'), ('440','PRP-0139','PRP-0139','DK-100-BLADE, DRUM CLEANING BLADE KM1500','3','1','0','0'), ('441','PRP-0140','PRP-0140','DR-2300-UP, DELIVERY ROLLER, UPPER GUIDE HP LJ 2300','3','1','0','0'), ('442','PRP-0141','PRP-0141','FILM2600, FUSER FILM SLEEVE, HP CLJ 1600/2600','3','1','0','0'), ('443','PRP-0142','PRP-0142','FLG-2600-LOW, SENSOR FLAG, LOWER GUIDE, HP LJ 2600','3','1','0','0'), ('444','PRP-0143','PRP-0143','FLNG-4200-L, FLANGE, FUSER, LEFT HP LJ 4200','3','1','0','0'), ('445','PRP-0144','PRP-0144','FLNG-4200-R, FLANGE, FUSER, RIGHT HP LJ 4200','3','1','0','0'), ('446','PRP-0145','PRP-0145','GD-4250-UP, GUIDE, UPPER ENTRANCE HP LJ 4250','3','1','0','0'), ('447','PRP-0146','PRP-0146','GR-4250-14G, GEAR, FUSER (14T), GREEN HP LJ 4250','3','1','0','0'), ('448','PRP-0147','PRP-0147','GRS-1.0, GREASE','3','1','0','0'), ('449','PRP-0148','PRP-0148','HE-1320-220V, HEATING ELEMENT (220V), HP LJ 1320','3','1','0','0'), ('450','PRP-0149','PRP-0149','HE-2400-220V, HEATING ELEMENT (220V), HP LJ 2400','3','1','0','0'), ('451','PRP-0150','PRP-0150','HE-5200-220V, HEATING ELEMENT (220V), HP LJ 5200','3','1','0','0'), ('452','PRP-0151','PRP-0151','HE-P2015-220V, HEATING ELEMENT (220V), HP LJ P2015','3','1','0','0'), ('453','PRP-0152','PRP-0152','JC61-01169A, SEPARATION PAD, SAMSUNG ML 1610/1640','3','1','0','0'), ('454','PRP-0153','PRP-0153','JC66-00807A, GEAR, FUSER DELIVERY ROLLER, SAMSUNG ML 1610/1640','3','1','0','0'), ('455','PRP-0154','PRP-0154','LPM-SM1610-220V, HEATING LAMP (230V, 600W) SAMSUNG ML 1610/1640','3','1','0','0'), ('456','PRP-0155','PRP-0155','LPR-1010, FUSER PRESSURE ROLLER HP LJ 1010/1020','3','1','0','0'), ('457','PRP-0156','PRP-0156','LPR-1022, PRESSURE ROLLER, HP LJ 1022','3','1','0','0'), ('458','PRP-0157','PRP-0157','LPR-1320, FUSER PRESSURE ROLLER, HP LJ 1320','3','1','0','0'), ('459','PRP-0158','PRP-0158','LPR-2400, FUSER PRESSURE ROLLER, HP LJ 2400','3','1','0','0'), ('460','PRP-0159','PRP-0159','LPR-2600, PRESSURE ROLLER, HP LJ 2600/1600','3','1','0','0'), ('461','PRP-0160','PRP-0160','LPR-3020, PRESSURE ROLLER, HP LJ 3015/3020/3030','3','1','0','0'), ('508','PRP-0161','PRP-0161','LPR-4250, PRESSURE ROLLER, HP LJ 4250','3','1','0','0'), ('463','PRP-0162','PRP-0162','LPR-5200, PRESSURE ROLLER, HP LJ 5200','3','1','0','0'), ('464','PRP-0163','PRP-0163','LPR-P1505, PRESSURE ROLLER, HP LJ P1505','3','1','0','0'), ('465','PRP-0164','PRP-0164','LPR-P3005, PRESSURE ROLLER, HP LJ P3005','3','1','0','0'), ('466','PRP-0165','PRP-0165','LPR-SM1510, LOWER PRESSURE ROLLER, SAMSUNG ML-1610/1640','3','1','0','0'), ('467','PRP-0166','PRP-0166','LVR-4200-ASM, LEVER ASM, FUSER RIGHT HOLDING, HP LJ 4200','3','1','0','0'), ('468','PRP-0167','PRP-0167','LVR-4200-LFT, LEVER, FUSER HOLDING, LEFT, HP LJ 4200/4300/4345','3','1','0','0'), ('469','PRP-0168','PRP-0168','LVR-4200-RGT, LEVER, FUSER HOLDING, RIGHT, HP LJ 4200/4300/4345','3','1','0','0'), ('472','PRP-0169','PRP-0169','LVR-4250-LFT, LEVER, FUSER HOLDING, LEFT HP LJ 4250','3','1','0','0'), ('471','PRP-0170','PRP-0170','LVR-4250-RGT, LEVER, FUSER HOLDING, RIGHT HP LJ 4250','3','1','0','0'), ('473','PRP-0171','PRP-0171','PUR-SM1610, PICK-UP ROLLER, SAMSUNG ML 1610/1640','3','1','0','0'), ('474','PRP-0172','PRP-0172','RA0-1088-000, GEAR (29T)','3','1','0','0'), ('475','PRP-0173','PRP-0173','RA0-1089-000, GEAR (17T), FUSER HP LJ 1000 / 1200 / 1300','3','1','0','0'), ('476','PRP-0174','PRP-0174','RA0-1198-000, ROLLER, FEED HP LJ 1200/1300','3','1','0','0'), ('477','PRP-0175','PRP-0175','RA0-1104-000, BUSHING, FACE-UP ROLLER, HP LJ 1000/1200','3','1','0','0');
INSERT INTO `0_item_codes` VALUES ('478','PRP-0176','PRP-0176','RB1-2126-000, PICK-UP ROLLER, MP TRAY, HP LJ 4','3','1','0','0'), ('479','PRP-0177','PRP-0177','RB1-2127-000, MP TRAY PICK-UP ROLLER, HP LJ 4/4+','3','1','0','0'), ('480','PRP-0178','PRP-0178','RB1-2205-000, MP TRAY PICK-UP ROLLER, HP LJ 5/5P/6P','3','1','0','0'), ('481','PRP-0179','PRP-0179','RB1-2632-000, LOW CASSETTE PICK UP ROLLER, HP LJ 4','3','1','0','0'), ('482','PRP-0180','PRP-0180','RB1-2650-000, LOW CASSETTE PICK-UP ROLLER, HP LJ 4+','3','1','0','0'), ('483','PRP-0181','PRP-0181','RB1-3477-000, PICK-UP ROLLER, MP TRAY, HP LJ 4+','3','1','0','0'), ('484','PRP-0182','PRP-0182','RB1-3516-000, UPPER FUSER ROLLER, HP LJ 4+/5','3','1','0','0'), ('485','PRP-0183','PRP-0183','RB1-3517-000, FUSER PRESSURE ROLLER, HP LJ 4+/5','3','1','0','0'), ('486','PRP-0184','PRP-0184','RB1-6134-030CN, TRAY SENSOR ARM, HP LJ 5000/5100','3','1','0','0'), ('487','PRP-0185','PRP-0185','RB1-6610-000, BUSHING, HEAT ROLLER, HP LJ 8100/8150','3','1','0','0'), ('488','PRP-0186','PRP-0186','RB1-6644-000, WASHER HP LJ 5SI/8000/8100/8150','3','1','0','0'), ('489','PRP-0187','PRP-0187','RB1-6730-000, MP TRAY PICK-UP ROLLER, HP LJ 5SI/8000','3','1','0','0'), ('490','PRP-0188','PRP-0188','RB1-7911-000, PICK-UP ROLLER, MP TRAY HP LJ 5','3','1','0','0'), ('491','PRP-0189','PRP-0189','RB1-7983-000, LOW CASSETTE, PICK-UP ROLLER, HP LJ 5','3','1','0','0'), ('492','PRP-0190','PRP-0190','RB1-8668-000, FEED GUIDE DRIVE BELT / TIMING BELT','3','1','0','0'), ('493','PRP-0191','PRP-0191','RB1-8787-000, ARM, TRAY PAPER HP LJ 4000/4050/4100','3','1','0','0'), ('494','PRP-0192','PRP-0192','RB1-8788-000, COVER, SENSOR LEVER HP LJ 4000/4100','3','1','0','0'), ('495','PRP-0193','PRP-0193','RB1-8794-000, FUSER PRESSURE ROLLER, HP LJ 4000/4050','3','1','0','0'), ('496','PRP-0194','PRP-0194','RB1-8796-000, RUBBER GEAR, PRESSURE ROLLER HP LJ 4000/4050','3','1','0','0'), ('497','PRP-0195','PRP-0195','RB1-8865-000, PICK-UP ROLLER (D ROLLER, 500 SHEETS)','3','1','0','0'), ('498','PRP-0196','PRP-0196','RB1-8877-000, COUPLER, PICK-UP ROLLER HP LJ 4000/4100/5000/5100','3','1','0','0'), ('499','PRP-0197','PRP-0197','RB1-8957-000, PICK-UP ROLLER, HP LJ 4000/4050/4100','3','1','0','0'), ('500','PRP-0198','PRP-0198','RB1-9210-000, FUSER PRESSURE ROLLER, HP LJ 6P','3','1','0','0'), ('501','PRP-0199','PRP-0199','RB1-9526-000, PICK-UP ROLLER, MP TRAY HP LJ 8100/8150/8500','3','1','0','0'), ('502','PRP-0200','PRP-0200','RB2-1634-000, PICK-UP ROLLER, HP LJ 5L/6L','3','1','0','0'), ('503','PRP-0201','PRP-0201','RB2-1820-000, PICK-UP ROLLER, TRAY1 HP LJ 5000/5100','3','1','0','0'), ('504','PRP-0202','PRP-0202','RB2-1821-000, PICK-UP ROLLER, TRAY2 HP LJ 5000/5100','3','1','0','0'), ('505','PRP-0203','PRP-0203','RB2-1919-000, FUSER PRESSURE ROLLER, HP LJ 5000/5100','3','1','0','0'), ('506','PRP-0204','PRP-0204','RB2-1940-000, LEVER SENSOR, HP LJ 5000','3','1','0','0'), ('507','PRP-0205','PRP-0205','RB2-2387-000, ARM, TRAY PAPER, RETAINING HP LJ 4000','3','1','0','0'), ('509','PRP-0206','PRP-0206','RB2-2835-000, SEPARATION PAD TRAY 1, HP LJ 2100','3','1','0','0'), ('510','PRP-0207','PRP-0207','RB2-2836-000, LEVER, PAPER SENSOR, HP LJ 2100/2200/2300','3','1','0','0'), ('511','PRP-0208','PRP-0208','RB2-2850-000, BUSHING, DELIVERY ROLLER, HP LJ 2100/2200/2300','3','1','0','0'), ('514','PRP-0209','PRP-0209','RB2-2891-000, PICK-UP ROLLER TRAY 2/3, HP LJ 2100/2300','3','1','0','0'), ('513','PRP-0210','PRP-0210','RB2-2900-000, PICK-UP ROLLER, MP TRAY, HP LJ 2100/2200','3','1','0','0'), ('515','PRP-0211','PRP-0211','RB2-2978-000, SPRING COMPRESSION, HP LJ 2100/2200/2300','3','1','0','0'), ('516','PRP-0212','PRP-0212','RB2-3008-000, SEPARATION PAD TRAY 2, HP LJ 2100','3','1','0','0'), ('517','PRP-0213','PRP-0213','RB2-3009-000, ARM LOCK, HP LJ 2100/2200','3','1','0','0'), ('518','PRP-0214','PRP-0214','RB2-3521-000, UPPER FUSER ROLLER, HP LJ 8100/8150','3','1','0','0'), ('519','PRP-0215','PRP-0215','RB2-3522-000, PRESSURE ROLLER, HP LJ 1100/3200','3','1','0','0'), ('520','PRP-0216','PRP-0216','RB2-3533-000, BUSHING, PRESSURE ROLLER, HP LJ 8100/8150','3','1','0','0'), ('521','PRP-0217','PRP-0217','RB2-3956-000, BUSHING, PRESSURE ROLLER, LEFT HP LJ 1100','3','1','0','0'), ('522','PRP-0218','PRP-0218','RB2-3957-000, BUSHING, PRESSURE ROLLER, RIGHT HP LJ 1100','3','1','0','0'), ('523','PRP-0219','PRP-0219','RB2-4026-000, PICK-UP ROLLER, HP LJ 1100/3200','3','1','0','0'), ('524','PRP-0220','PRP-0220','RB2-4919-000, FUSER PRESSURE ROLLER, HP LJ 4100','3','1','0','0'), ('525','PRP-0221','PRP-0221','RB2-4931-000, LEVER, LEFT HOLDING','3','1','0','0'), ('526','PRP-0222','PRP-0222','RB2-4931-000, LEVER, RIGHT HOLDING','3','1','0','0'), ('527','PRP-0223','PRP-0223','RB2-4936-000, CAM DEFLECTOR, HP LJ 4100','3','1','0','0'), ('528','PRP-0224','PRP-0224','RB2-5034-000, FLAG, PAPER SENSOR HP LJ 4100','3','1','0','0'), ('529','PRP-0225','PRP-0225','RB2-5921-000, PRESSURE ROLLER, HP LJ 9000','3','1','0','0'), ('530','PRP-0226','PRP-0226','RB2-5948-000, UPPER FUSER ROLLER, HP LJ 9000','3','1','0','0'), ('531','PRP-0227','PRP-0227','RB2-6254-000, SEPARATION PAD HOLDER, TRAY 1, HP LJ 2200','3','1','0','0'), ('532','PRP-0228','PRP-0228','RB2-6304-000, PICK-UP ROLLER, TRAY 2, HP LJ 2200/2300','3','1','0','0'), ('533','PRP-0229','PRP-0229','RB2-6348-000, SEPARATION PAD TRAY 1, HP LJ 2100/2200','3','1','0','0'), ('534','PRP-0230','PRP-0230','RB2-6349-000, SEPARATION PAD TRAY 2, HP LJ 2100/2200','3','1','0','0'), ('535','PRP-0231','PRP-0231','RB2-6368-000, FUSER PRESSURE ROLLER, HP LJ 2200','3','1','0','0'), ('536','PRP-0232','PRP-0232','RB2-8363-000, PICK-UP ROLLER, HP LJ 4600','3','1','0','0'), ('537','PRP-0233','PRP-0233','RB2-8365-000, ROLLER, PAPER FEED HP LJ 4600','3','1','0','0'), ('538','PRP-0234','PRP-0234','RC1-0062-ASM, GUIDE ASSEMBLY, DELIVERY HP LJ 4200','3','1','0','0'), ('539','PRP-0235','PRP-0235','RC1-0070-000, FUSER PRESSURE ROLLER, HP LJ 4200/4300','3','1','0','0'), ('540','PRP-0236','PRP-0236','RC1-0072-000, GUIDE, LOWER ENTRANCE, HP LJ 4200/4300','3','1','0','0'), ('541','PRP-0237','PRP-0237','RC1-0080-000, FACE-UP ROLLER, HP LJ 4250','3','1','0','0'), ('542','PRP-0238','PRP-0238','RC1-0325-000, COVER, SENSOR LEVER, HP LJ 4200/4250/4300','3','1','0','0'), ('543','PRP-0239','PRP-0239','RC1-0325-KIT, SENSOR COVER KIT, HP LJ 4200/4250/4300','3','1','0','0'), ('544','PRP-0240','PRP-0240','RC1-0939-000, SEPARATION PAD TRAY 1, HP LJ 2300/2400/P3005','3','1','0','0'), ('545','PRP-0241','PRP-0241','RC1-0945-000, PICK-UP ROLLER, HP LJ 2300','3','1','0','0'), ('546','PRP-0242','PRP-0242','RC1-0954-000, SEPARATION PAD TRAY 2, HP LJ 2300/2500/3500','3','1','0','0'), ('547','PRP-0243','PRP-0243','RC1-0974-000, GUIDE, ENTRANCE, HP LJ 2300','3','1','0','0'), ('548','PRP-0244','PRP-0244','RC1-0988-000, BUSHING, PRESSURE ROLLER, HP LJ 2300','3','1','0','0'), ('549','PRP-0245','PRP-0245','RC1-0991-000, FUSER PRESSURE ROLLER, HP LJ 2300','3','1','0','0'), ('550','PRP-0246','PRP-0246','RC1-1790-000, PICK-UP GEAR (28T), HP LJ 1300','3','1','0','0'), ('551','PRP-0247','PRP-0247','RC1-2038-000, SEPARATION PAD ONLY, HP LJ 1010/1020','3','1','0','0'), ('552','PRP-0248','PRP-0248','RC1-2095-000, GUIDE, FUSER EXIT, HP LJ 1010/1020','3','1','0','0'), ('553','PRP-0249','PRP-0249','RC1-3329-ASM, GUIDE ASSY., DELIVERY, HP LJ 4250','3','1','0','0'), ('554','PRP-0250','PRP-0250','RC1-3609-000, BUSHING, PRESSURE ROLLER, RIGHT, HP LJ 1320/1160','3','1','0','0'), ('555','PRP-0251','PRP-0251','RC1-3616-000, LEVER, FUSER HOLDING, RIGHT, HP LJ 1320/1160/P2015','3','1','0','0'), ('556','PRP-0252','PRP-0252','RC1-3617-000, LEVER, FUSER HOLDING, LEFT, HP LJ 1320/1160/P2015','3','1','0','0'), ('557','PRP-0253','PRP-0253','RC1-5059-000, SENSOR FLAG, ENTRANCE GUIDE, HP LJ 2600','3','1','0','0'), ('558','PRP-0254','PRP-0254','RC1-5060-000, GUIDE, UPPER PAPER DELIVERY, HP LJ 2600','3','1','0','0'), ('559','PRP-0255','PRP-0255','RC1-5567-000, LEVER, LEFT TENSION, HP LJ 1022','3','1','0','0'), ('560','PRP-0256','PRP-0256','RS5-0229-000, GEAR (23T) HP LJ 4/4+/5','3','1','0','0'), ('561','PRP-0257','PRP-0257','RS5-0231-000, FUSER GEAR(19T), HP LJ 5P/6P','3','1','0','0'), ('562','PRP-0258','PRP-0258','RS5-0237-000, GEAR(17T/23T), HP LJ 4/4+','3','1','0','0'), ('563','PRP-0259','PRP-0259','RS5-0388-000, FUSER GEAR, HEAT ROLLER(42T), HP LJ 4+/5','3','1','0','0'), ('564','PRP-0260','PRP-0260','RS5-0636-000, FUSER GEAR(16T), HP LJ 5P/6P','3','1','0','0'), ('565','PRP-0261','PRP-0261','RS5-0637-000, FUSER GEAR, PRESSURE ROLLER(24T), HP LJ 5P/6P','3','1','0','0'), ('566','PRP-0262','PRP-0262','RS5-0978-6P, FUSER GEAR(17T/16T), HP LJ 6P','3','1','0','0'), ('567','PRP-0263','PRP-0263','RS5-1296-000, BUSHING, DELIVERY ROLLER, HP LJ 4000/4050','3','1','0','0'), ('568','PRP-0264','PRP-0264','RS5-1297-000, BUSHING, PRESSURE ROLLER, HP LJ 4000/4050','3','1','0','0'), ('569','PRP-0265','PRP-0265','RS5-1310-000, BUSHING, PRESSURE ROLLER, HP LJ 4000/4050','3','1','0','0'), ('570','PRP-0266','PRP-0266','RS5-1389-000, BUSHING, PRESSURE ROLLER, HP LJ 5000/5100','3','1','0','0'), ('571','PRP-0267','PRP-0267','RS6-0923-000, FUSER GEAR(29T), HP LJ 2200/2300','3','1','0','0'), ('572','PRP-0268','PRP-0268','RS6-2022-000, SPRING TRANSFER ROLLER, HP LJ 2200','3','1','0','0'), ('573','PRP-0269','PRP-0269','RU5-0185-000, FUSER GEAR (29T), HP LJ 1010/1020/3015/3050','3','1','0','0'), ('574','PRP-0270','PRP-0270','RU5-0331-000, FUSER GEAR (29T), HP LJ 1320/1160/2400','3','1','0','0'), ('575','PRP-0271','PRP-0271','RU5-0377-000, GEAR (21T), HP LJ 2400','3','1','0','0'), ('576','PRP-0272','PRP-0272','RU5-0378-000, GEAR (20T), HP LJ 2400','3','1','0','0'), ('577','PRP-0273','PRP-0273','RU5-0433-000, GEAR (30T), PRESSURE ROLLER, HP LJ 2600','3','1','0','0'), ('578','PRP-0274','PRP-0274','RU5-0523-000, GEAR (37T), PRESSURE ROLLER','3','1','0','0'), ('579','PRP-0275','PRP-0275','RU5-0556-000, GEAR (29T), FUSER, HP LJ 5200','3','1','0','0');
INSERT INTO `0_item_codes` VALUES ('580','PRP-0276','PRP-0276','RU5-0577-000, GEAR (31T), FUSER DRIVE, HP LJ 5200','3','1','0','0'), ('581','PRP-0277','PRP-0277','RY7-1100-000, SEPARATION SPACER KIT, HP LJ 1100','3','1','0','0'), ('582','PRP-0278','PRP-0278','RY7-5077-000, SEPARATION PAD KIT, HP LJ 5L/6L','3','1','0','0'), ('583','PRP-0279','PRP-0279','SNR-2400-FUSER, SENSOR, DELIVERY, HP LJ 2400','3','1','0','0'), ('584','PRP-0280','PRP-0280','SPR-2400-SNR, SPRING, SENSOR, HP LJ 2400','3','1','0','0'), ('585','PRP-0281','PRP-0281','SPR-2400-UDR, SPRING, UPPER DELIVERY ROLLER, HP LJ 2400','3','1','0','0'), ('586','PRP-0282','PRP-0282','SPR-4100-USG, SPRING, UPPER SEPARATION GUIDE','3','1','0','0'), ('587','PRP-0283','PRP-0283','UFR-SM1510, UPPER PRESSURE ROLLER, SAMSUNG ML 1610/1640','3','1','0','0'), ('588','TNR-0068','TNR-0068','OPTIMUM, OPT-06A, TONER CARTRIDGE','1','1','0','0'), ('589','TNR-0069','TNR-0069','OPTIMUM, OPT-09A, TONER CARTRIDGE','1','1','0','0'), ('590','TNR-0070','TNR-0070','OPTIMUM, OPT-EP22, TONER CARTRIDGE','1','1','0','0'), ('591','TNR-0071','TNR-0071','OPTIMUM, OPT-82X, TONER CARTRIDGE','1','1','0','0'), ('592','TNR-0072','TNR-0072','OPTIMUM, OPT-CRG303, TONER CARTRIDGE','1','1','0','0'), ('593','TNR-0073','TNR-0073','OPTIMUM, OPT-CRG310, TONER CARTRIDGE','1','1','0','0'), ('594','TNR-0074','TNR-0074','OPTIMUM, OPT-CRG315, TONER CARTRIDGE','1','1','0','0'), ('595','TNR-0075','TNR-0075','OPTIMUM, OPT-FX3, TONER CARTRIDGE','1','1','0','0'), ('596','TNR-0076','TNR-0076','OPTIMUM, OPT-CRG312, TONER CARTRIDGE','1','1','0','0'), ('597','TNR-0077','TNR-0077','OPTIMUM, OPT-CRG313, TONER CARTRIDGE','1','1','0','0'), ('598','TNR-0078','TNR-0078','OPTIMUM, OPT-CRG309, TONER CARTRIDGE','1','1','0','0'), ('599','TNR-0079','TNR-0079','OPTIMUM, OPT-64A, TONER CARTRIDGE','1','1','0','0'), ('600','TNR-0080','TNR-0080','OPTIMUM, OPT-43X, TONER CARTRIDGE','1','1','0','0'), ('601','TNR-0081','TNR-0081','OPTIMUM, OPT-SF560, TONER CARTRIDGE','1','1','0','0'), ('1016','TNR-0095','TNR-0095','OPTIMUM, OPT-X525Y - YELLOW, TONER CARTRIDGE','1','1','0','0'), ('605','TNR-0085','TNR-0085','OPTIMUM, OPT-ML3050B, TONER CARTRIDGE','1','1','0','0'), ('606','TNR-0086','TNR-0086','OPTIMUM, OPT-ML2850B, TONER CARTRIDGE','1','1','0','0'), ('608','TNR-0088','TNR-0088','OPTIMUM, OPT-SCX4216, TONER CARTRIDGE','1','1','0','0'), ('609','TNR-0089','TNR-0089','OPTIMUM, OPT-ML1710, TONER CARTRIDGE','1','1','0','0'), ('610','TNR-0090','TNR-0090','OPTIMUM, OPT-D203A, TONER CARTRIDGE','1','1','0','0'), ('611','TNR-0091','TNR-0091','OPTIMUM, OPT-X3200, TONER CARTRIDGE','1','1','0','0'), ('612','TNR-0092','TNR-0092','OPTIMUM, OPT-X3119, TONER CARTRIDGE','1','1','0','0'), ('1012','TNR-0083','TNR-0083','OPTIMUM, OPT-X3116, TONER CARTRIDGE','1','1','0','0'), ('614','TNR-0094','TNR-0094','OPTIMUM, OPT-DR2025, TONER CARTRIDGE','1','1','0','0'), ('616','TNR-0096','TNR-0096','OPTIMUM, OPT-TN3145, TONER CARTRIDGE','1','1','0','0'), ('617','TNR-0097','TNR-0097','OPTIMUM, OPT-TN3185, TONER CARTRIDGE','1','1','0','0'), ('618','TNR-0098','TNR-0098','OPTIMUM, OPT-TN3290, TONER CARTRIDGE','1','1','0','0'), ('619','TNR-0099','TNR-0099','OPTIMUM, OPT-TN3030, TONER CARTRIDGE','1','1','0','0'), ('620','TNR-0100','TNR-0100','OPTIMUM, OPT-TN4100, TONER CARTRIDGE','1','1','0','0'), ('621','TNR-0101','TNR-0101','OPTIMUM, OPT-TK135, TONER CARTRIDGE','1','1','0','0'), ('622','TNR-0102','TNR-0102','OPTIMUM, OPT-409K - BLACK, TONER CARTRIDGE','1','1','0','0'), ('623','TNR-0103','TNR-0103','OPTIMUM, OPT-409C - CYAN, TONER CARTRIDGE','1','1','0','0'), ('624','TNR-0104','TNR-0104','OPTIMUM, OPT-409Y - YELLOW, TONER CARTRIDGE','1','1','0','0'), ('625','TNR-0105','TNR-0105','OPTIMUM, OPT-409M - MAGENTA, TONER CARTRIDGE','1','1','0','0'), ('626','TNR-0106','TNR-0106','OPTIMUM, OPT-TN240BK - BLACK, TONER CARTRIDGE','1','1','0','0'), ('627','TNR-0107','TNR-0107','OPTIMUM, OPT-TN240C - CYAN, TONER CARTRIDGE','1','1','0','0'), ('628','TNR-0108','TNR-0108','OPTIMUM, OPT-TN240M - MAGENTA, TONER CARTRIDGE','1','1','0','0'), ('629','TNR-0109','TNR-0109','OPTIMUM, OPT-TN240Y - YELLOW, TONER CARTRIDGE','1','1','0','0'), ('630','TNR-0110','TNR-0110','OPTIMUM, OPT-X525K - BLACK, TONER CARTRIDGE','1','1','0','0'), ('631','TNR-0111','TNR-0111','OPTIMUM, OPT-X525C - CYAN, TONER CARTRIDGE','1','1','0','0'), ('632','TNR-0112','TNR-0112','OPTIMUM, OPT-X525M - MAGENTA, TONER CARTRIDGE','1','1','0','0'), ('634','PRM-0055','PRM-0055','SCC, DRLJ4, DRUM FOR HP 98A','4','1','0','0'), ('635','PRM-0056','PRM-0056','SCC, DRVX, DRUM FOR HP 03A / VX','4','1','0','0'), ('636','PRM-0057','PRM-0057','SCC, DRWX, DRUM FOR HP 09A','4','1','0','0'), ('637','PRM-0058','PRM-0058','SCC, DRHP1012, DRUM FOR HP 12A, FX9','4','1','0','0'), ('638','PRM-0059','PRM-0059','SCC, DRHP1012-2, DRUM FOR HP 12A, FX9','4','1','0','0'), ('639','PRM-0060','PRM-0060','SCC, DRHP1200, DRUM FOR HP 15A, 24A, 13A','4','1','0','0'), ('640','PRM-0061','PRM-0061','SCC, DRHP2015, DRUM FOR HP 49A, 53A','4','1','0','0'), ('641','PRM-0062','PRM-0062','SCC, DRHP21, DRUM FOR HP 96A','4','1','0','0'), ('642','PRM-0063','PRM-0063','SCC, DRHP21-2, DRUM FOR HP 96A','4','1','0','0'), ('643','PRM-0064','PRM-0064','SCC, DRHP23-2, DRUM FOR HP 10A','4','1','0','0'), ('644','PRM-0065','PRM-0065','SCC, DRHP2430, DRUM FOR HP 11A, 51A','4','1','0','0'), ('645','PRM-0066','PRM-0066','SCC, DR4K, DRUM FOR HP 27X','4','1','0','0'), ('646','PRM-0067','PRM-0067','SCC, DRHP41, DRUM FOR HP 61X','4','1','0','0'), ('647','PRM-0068','PRM-0068','SCC, DRHP43-2, DRUM FOR HP 38A, 39A, 42A, 45A','4','1','0','0'), ('648','PRM-0069','PRM-0069','SCC, DR5K, DRUM FOR HP 29X','4','1','0','0'), ('649','PRM-0070','PRM-0070','SCC, DRHP81, DRUM FOR HP 82X','4','1','0','0'), ('650','PRM-0071','PRM-0071','SCC, DR9K, DRUM FOR HP 43X','4','1','0','0'), ('651','PRM-0072','PRM-0072','SCC, DRHP26-2 W/ GEARS, DRUM FOR HP Q6000A TO 03A','4','1','0','0'), ('652','PRM-0073','PRM-0073','SCC, DRHP52, DRUM FOR HP 16A','4','1','0','0'), ('653','PRM-0074','PRM-0074','SCC, DRSAM1610 ODYSSEY DRUM W/ GEARS, DRUM FOR SAMSUNG ML-1610, ML-2010, D108, SCX-4521, SCX-4725, FUJI XEROX X3124, PE220','4','1','0','0'), ('654','PRM-0075','PRM-0075','SCC, DRSAM1610-2 ODYSSEY DRUM W/ GEARS, DRUM FOR SAMSUNG ML-1610, ML-2010, D108, SCX-4521, SCX-4725, FUJI XEROX X3124, PE220','4','1','0','0'), ('655','PRM-0076','PRM-0076','SCC, DRHP1505 ODYSSEY W/ GEARS, DRUM FOR HP 35A, 36A, 85A, 78A','4','1','0','0'), ('656','PRM-0280','PRM-0280','HP, HP OEM, MAG ROLLER W/ MAGNET FOR HP35A, 36A, 85A, 78A','4','1','0','0'), ('657','PRM-0281','PRM-0281','SCC, HP52MDR-OS, MAG ROLLER SLEEVE FOR HP16A','4','1','0','0'), ('658','PRM-0282','PRM-0282','SCC, SAM1750DEVRL, DEVELOPER ROLLER FOR SAMSUNG D109, SCX4200, SF-650, X3119, ML1750','4','1','0','0'), ('659','PRM-0283','PRM-0283','SCC, B2040DEVRL-3, DEVELOPER ROLLER FOR BROTHER TN-2025, TN-3145','4','1','0','0'), ('660','PRM-0284','PRM-0284','SCC, HP26DEVRLOS2-5, DEVELOPER ROLLER FOR HP Q6000A TO 03A','4','1','0','0'), ('661','PRM-0285','PRM-0285','UNINET, P/N:5142, DEVELOPER ROLLER FOR TN-4100','4','1','0','0'), ('662','PRM-0286','PRM-0286','HUIWEI, MAG ROLLER WITH MAGNET &amp; BUSHINGS FOR HP27X, 61X, 96A, 11A, 10A, 51A','4','1','0','0'), ('663','PRM-0287','PRM-0287','HUIWEI, MAG ROLLER WITH MAGNET &amp; BUSHINGS FOR HP38A, 39A, 42A, 45A','4','1','0','0'), ('664','PRM-0288','PRM-0288','HUIWEI, MAG ROLLER WITH MAGNET &amp; BUSHINGS FOR EP62X (FOR USE IN HUIWEI EMPTY EP62X AS 29X)','4','1','0','0'), ('665','PRM-0004','PRM-0004','SCC, AXBLADE, WIPER BLADE FOR HP 06A, 92A, FX3','4','1','0','0'), ('666','PRM-0375','PRM-0375','SCC, WBLADE-EX, WIPER BLADE FOR HP 98A','4','1','0','0'), ('667','PRM-0376','PRM-0376','SCC, WXBLADE, WIPER BLADE FOR HP 09A','4','1','0','0'), ('668','PRM-0377','PRM-0377','SCC, HP1012BLADE, WIPER BLADE FOR HP 12A, 15A, 24A, 13A, FX9','4','1','0','0'), ('669','PRM-0077','PRM-0077','SCC, DRHP1505-2, ODYSSEY W/ GEARS, DRUM FOR HP 35A, 36A, 85A, 78A','4','1','0','0'), ('670','PRM-0378','PRM-0378','SCC, HP1320BLADE2, WIPER BLADE FOR HP 49A, 53A','4','1','0','0'), ('671','PRM-0379','PRM-0379','SCC, HP21BLADE, WIPER BLADE FOR HP 96A','4','1','0','0'), ('672','PRM-0078','PRM-0078','HP, HP OEM W/ GEARS, DRUM FOR HP 35A, 36A, 85A, 78A','4','1','0','0'), ('673','PRM-0007','PRM-0007','SCC, HP23BLADE-3, WIPER BLADE FOR HP 10A, 11A, 51A, 55A','4','1','0','0'), ('674','PRM-0008','PRM-0008','KUROKI, LP53, WIPER BLADE FOR HP 96A, 10A, 11A, 51A, 55A','4','1','0','0'), ('675','PRM-0009','PRM-0009','KUROKI, LP74, WIPER BLADE FOR HP 27X, 61X','4','1','0','0'), ('676','PRM-0079','PRM-0079','UNINET, UNI DRUM W/ GEARS, OEM STYLE, ITEM NO.: 15874, DRUM FOR HP 35A, 36A, 85A, 78A','4','1','0','0'), ('677','PRM-0010','PRM-0010','KUROKI, LP93, WIPER BLADE FOR HP 38A, 39A, 42A, 54A','4','1','0','0'), ('678','PRM-0011','PRM-0011','KUROKI, LP168, WIPER BLADE FOR HP 64A','4','1','0','0'), ('679','PRM-0080','PRM-0080','SCC, GRSET-HP26, GEAR SET FOR USE IN HP Q6000A TO 03A DRHP26-1 DRUM','4','1','0','0'), ('680','PRM-0012','PRM-0012','KUROKI, LP50, WIPER BLADE FOR HP 29X, 82X, 16A, 43X','4','1','0','0'), ('681','PRM-0081','PRM-0081','SCC, DRHP2055 ODYSSEY W/ GEARS, DRUM FOR HP 05A','4','1','0','0'), ('682','PRM-0082','PRM-0082','SCC, DRHP2025-2, DRUM FOR HP 1215, 2025, 1525','4','1','0','0'), ('683','PRM-0083','PRM-0083','SCC, DRHPP3015 W/ GEAR, DRUM FOR HP 55A','4','1','0','0'), ('684','PRM-0084','PRM-0084','SCC, DRHP4515 W/ GEAR, DRUM FOR HP 64A','4','1','0','0');
INSERT INTO `0_item_codes` VALUES ('685','PRM-0085','PRM-0085','SCC, DRSAM2851, DRUM FOR SAMSUNG D209, D105, ML-2850','4','1','0','0'), ('686','PRM-0086','PRM-0086','SCC, DRSAM1750, DRUM FOR SAMSUNG D109, SCX4200, SF-560, FUJI-XEROX 3119','4','1','0','0'), ('687','PRM-0087','PRM-0087','SCC, DRSAM3051, DRUM FOR SAMSUNG ML-3050','4','1','0','0'), ('688','PRM-0088','PRM-0088','SCC, DRB2040, DRUM FOR BROTHER DRUM KIT DR-2025','4','1','0','0'), ('689','PRM-0089','PRM-0089','SCC, DRSAM1630, DRUM FOR SAMSUNG D104','4','1','0','0'), ('690','PRM-0090','PRM-0090','SINONAR, IMAGING, DRUM FOR CANON IR1022-NPG32','4','1','0','0'), ('691','PRM-0091','PRM-0091','SINONAR, IMAGING, DRUM FOR CANON IR1300-NPG21','4','1','0','0'), ('692','PRM-0092','PRM-0092','SINONAR, IMAGING, DRUM FOR CANON IR 1600-NPG-20','4','1','0','0'), ('693','PRM-0093','PRM-0093','SINONAR, IMAGING, DRUM FOR CANON IR 2020 - NPG28','4','1','0','0'), ('694','PRM-0094','PRM-0094','SINONAR, IMAGING, DRUM FOR KYOCERA KM1620','4','1','0','0'), ('695','PRM-0095','PRM-0095','SCC, EX340B-OS1087, TONER BOTTLE FOR HP 98A (340G/BOTTLE)','4','1','0','0'), ('696','PRM-0096','PRM-0096','SCC, WX840B-OS, TONER BOTTLE FOR HP 09A (840G/BOTTLE)','4','1','0','0'), ('697','PRM-0097','PRM-0097','SCC, TRHP21-260B-OS, TONER BOTTLE FOR HP 96A (260G/BOTTLE)','4','1','0','0'), ('698','PRM-0098','PRM-0098','SCC, TRHP4K-500B-OS, TONER BOTTLE FOR HP 27X (500G/BOTTLE)','4','1','0','0'), ('699','PRM-0099','PRM-0099','SCC, 5K-500B, TONER BOTTLE FOR HP 29X (500G/BOTTLE)','4','1','0','0'), ('700','PRM-100','PRM-100','SCC, 81-1100B-OS, TONER BOTTLE FOR HP 82X (1100G/BOTTLE)','4','1','0','0'), ('701','PRM-101','PRM-101','SCC, TRHP41-500B-OS, TONER BOTTLE FOR HP 61X (500G/BOTTLE)','4','1','0','0'), ('702','PRM-0102','PRM-0102','SCC, HP13-143B-OS, TONER BOTTLE FOR HP 13A (143G/BOTTLE)','4','1','0','0'), ('703','PRM-0103','PRM-0103','SCC, HP1150-160B-OS, TONER BOTTLE FOR HP 24A (160G/BOTTLE)','4','1','0','0'), ('704','PRM-0104','PRM-0104','SCC, TRHP4350-550B-OS, TONER BOTTLE FOR HP 42A (550G/BOTTLE)','4','1','0','0'), ('705','PRM-0105','PRM-0105','SCC, TRHP42-700B-OS, TONER BOTTLE FOR HP 38A (700G/BOTTLE)','4','1','0','0'), ('706','PRM-0106','PRM-0106','SCC, TRHP43-1050B-OS, TONER BOTTLE FOR HP 39A, 45A (1050G/BOTTLE)','4','1','0','0'), ('707','PRM-0107','PRM-0107','SCC, HP2430-300B, TONER BOTTLE FOR HP 11A, 51A (300G/BOTTLE)','4','1','0','0'), ('708','PRM-0108','PRM-0108','SCC, TRHP23-340B-OS, TONER BOTTLE FOR HP 10A (340G/BOTTLE)','4','1','0','0'), ('709','PRM-0109','PRM-0109','SCC, 9K-1650B, TONER BOTTLE FOR HP 43X (1650G/BOTTLE)','4','1','0','0'), ('710','PRM-0110','PRM-0110','SCC, TRHP26-110B-KOS, BLACK, TONER 110G BOTTLE FOR HP Q6000A','4','1','0','0'), ('711','PRM-0289','PRM-0289','SCC, HP12PCR-OS, SOFT, PCR FOR AX, VX, 15A, 12A, 92A, 24A, 49A, 13A, 53A, FX3, FX9, 05A, 03A','4','1','0','0'), ('712','PRM-0290','PRM-0290','SCC, NVRTABPCR-H120S, PCR FOR AX, VX, 15A, 12A, 92A, 24A, 49A, 13A, 53A, FX3, FX9, 05A, 03A','4','1','0','0'), ('713','PRM-0291','PRM-0291','SCC, NVRTABPCR-4KOS, PCR FOR 96A, 10A, 11A, 51A, 27X, 61X, 38A, 42A, 39A, 45A, 55A','4','1','0','0'), ('714','PRM-0292','PRM-0292','SCC, 9KPCR-OS, SOFT, PCR FOR 29X, 82X, 43X','4','1','0','0'), ('715','PRM-0293','PRM-0293','SCC, WXPCR, PCR FOR 09A','4','1','0','0'), ('716','PRM-0294','PRM-0294','SCC, EXPCR, PCR FOR 98A','4','1','0','0'), ('717','PRM-0295','PRM-0295','SCC, HP1505PCR-OS, PCR FOR 35A, 36A, 85A, 78A','4','1','0','0'), ('718','PRM-0296','PRM-0296','HP, HP OEM, PCR FOR 35A, 36A, 85A, 78A','4','1','0','0'), ('719','PRM-0297','PRM-0297','SCC, HP52PCR-OS, PCR FOR 16A','4','1','0','0'), ('720','PRM-0298','PRM-0298','SCC, SAM1610PCR-OS, PCR FOR SAMSUNG ML-1610, ML-2010, D108, SCX-4521, SCX-4725, FUJI-XEROX X3124, PE220','4','1','0','0'), ('721','PRM-0299','PRM-0299','SCC, HP26PCR-OS, PCR FOR HP 2600, 1215, 2025','4','1','0','0'), ('722','PRM-0300','PRM-0300','SCC, BULKKPOW, KYNAR PADDING POWDER (8OZ BOTTLE)','4','1','0','0'), ('723','PRM-0301','PRM-0301','LSERLAND, METHUSELAH PADDING POWDER, 250GRAMS/BOTTLE','4','1','0','0'), ('724','PRM-0302','PRM-0302','SCC, ADHCAULK, ADHESIVE CAULK','4','1','0','0'), ('725','PRM-0303','PRM-0303','SCC, LFSWAB, LINT FREE FOAM TIP SWAB, 50PCS/PACK','4','1','0','0'), ('726','PRM-0304','PRM-0304','SCC, LFCCLOTH, LINT FREE CLEANING CLOTH, 100PCS/PACK','4','1','0','0'), ('727','PRM-0305','PRM-0305','SCC, CONLUBE, CONDUCTIVE CARTRIDGE LUBRICANT','4','1','0','0'), ('728','PRM-0306','PRM-0306','KASITE, CARTRIDGE LUBRICANT FOR GEARS, 1000G','4','1','0','0'), ('729','PRM-0307','PRM-0307','SCC, LUBE105, LUBRIPLATE 105 CARTRIDGE LUBRICANT','4','1','0','0'), ('730','PRM-0308','PRM-0308','SCC, CTLWIPE, CTL REPLENISHMENT WIPES, 27SHEETS/PACK','4','1','0','0'), ('731','PRM-0309','PRM-0309','SCC, TONERVAC220, 3M TONER VACUUM 220V','4','1','0','0'), ('732','PRM-0310','PRM-0310','SCC, TVACFILTER, 3M TONER VACUUM FILTER','4','1','0','0'), ('733','PRM-0311','PRM-0311','SCC, TVACFILTERHEPA, 3M TONER VACUUM HEPA FILTER','4','1','0','0'), ('734','PRM-0312','PRM-0312','SCC, HP41SHCLIP, LOCKING CLIP FOR HP 27X, 61X','4','1','0','0'), ('735','PRM-0313','PRM-0313','SCC, CS4K-500, SHORT, LOCKING RAIL FOR HP 27X, 61X','4','1','0','0'), ('736','PRM-0314','PRM-0314','SCC, CS4K-550, LONG, LOCKING RAIL FOR HP 27X','4','1','0','0'), ('737','PRM-0315','PRM-0315','SCC, HP1012MRB-L, LONG, MAG ROLLER BUSHING FOR HP 12A, FX9','4','1','0','0'), ('738','PRM-0316','PRM-0316','SCC, HP1012MRB-S, SHORT, MAG ROLLER BUSHING FOR HP 12A, FX9','4','1','0','0'), ('739','PRM-0222','PRM-0222','JINYINDA, JYD-XC1110Y, CHIPS FOR FUJI C1110 YELLOW','4','1','0','0'), ('740','PRM-0317','PRM-0317','SCC, HP1012MRCON, MAG ROLLER CONTACT JOURNAL FOR HP 12A, FX9','4','1','0','0'), ('741','PRM-0318','PRM-0318','SCC, HP1515SHPROT-2, SHIP PROTECTOR FOR HP 1215, 2025','4','1','0','0'), ('742','PRM-0319','PRM-0319','SCC, B2170HYFGR, FLAG GEAR FOR BROTHER TN-2150','4','1','0','0'), ('743','PRM-0223','PRM-0223','JINYINDA, JYD-XC1110M, CHIPS FOR FUJI C1110 MAGENTA','4','1','0','0'), ('744','PRM-0320','PRM-0320','SCC, B2040FGR, FLAG GEAR FOR BROTHER TN-2050','4','1','0','0'), ('745','PRM-0224','PRM-0224','JINYINDA, DRUM KIT, CHIPS FOR FUJI C1110','4','1','0','0'), ('746','PRM-0321','PRM-0321','SCC, B1650SHPROT, SHIPPING PROTECTOR FOR TN-3145, TN-3185, TN-3290, TN-4100','4','1','0','0'), ('747','PRM-0225','PRM-0225','SUNKING, CHIPS, FOR HP 1215 BLACK','4','1','0','0'), ('748','PRM-0226','PRM-0226','SUNKING, CHIPS, FOR HP 1215 CYAN','4','1','0','0'), ('749','PRM-0322','PRM-0322','SCC, B3040FGR, FLAG GEAR FOR BROTHER TN-240','4','1','0','0'), ('750','PRM-0227','PRM-0227','SUNKING, CHIPS, FOR HP 1215 YELLOW','4','1','0','0'), ('751','PRM-0323','PRM-0323','SCC, SAM409SHPROT, SHIPPING PROTECTOR FOR SAMSUNG CLP 315/409','4','1','0','0'), ('752','PRM-0228','PRM-0228','SUNKING, CHIPS, FOR HP 1215 MAGENTA','4','1','0','0'), ('753','PRM-0324','PRM-0324','SCC, B2040SHPROT, SHIPPING PROTECTOR FOR BROTHER TN-2025, TN-2150','4','1','0','0'), ('754','PRM-0229','PRM-0229','JINYINDA, JYD-H1215K, CHIPS FOR HP 1215 BLACK','4','1','0','0'), ('755','PRM-0230','PRM-0230','JINYINDA, JYD-H1215C, CHIPS FOR HP 1215 CYAN','4','1','0','0'), ('756','PRM-0325','PRM-0325','SCC, HP43DBHSFOAM, DOCTOR BLADE HOUSING SEALING FOAM, FOAM FOR HP 38A, 42A, 39A, 45A','4','1','0','0'), ('757','PRM-0231','PRM-0231','JINYINDA, JYD-H1215Y, CHIPS FOR HP 1215 YELLOW','4','1','0','0'), ('758','PRM-0326','PRM-0326','SCC, HP43DBHEFOAM, DOCTOR BLADE HOUSING END FOAM, FOAM FOR HP 38A, 42A, 39A, 45A','4','1','0','0'), ('759','PRM-0232','PRM-0232','JINYINDA, JYD-H1215M, CHIPS FOR HP 1215 MAGENTA','4','1','0','0'), ('760','PRM-0233','PRM-0233','SUNKING, UNIVERSAL, CHIPS FOR HP 1415 / 2025 BLACK','4','1','0','0'), ('761','PRM-0327','PRM-0327','SCC, HP43MRMAGEFM, MAG ROLLER MAGNET END FOAM, FOAM FOR HP 38A, 42A, 39A, 45A','4','1','0','0'), ('762','PRM-0234','PRM-0234','SUNKING, UNIVERSAL, CHIPS FOR HP 1415 / 2025 CYAN','4','1','0','0'), ('763','PRM-0235','PRM-0235','SUNKING, UNIVERSAL, CHIPS FOR HP 1415 / 2025 YELLOW','4','1','0','0'), ('764','PRM-0328','PRM-0328','SCC, WXDBEFOAM, DOCTOR BLADE END FOAM, FOAM FOR HP 09A, 38A, 42A, 39A, 45A','4','1','0','0'), ('765','PRM-0236','PRM-0236','SUNKING, UNIVERSAL, CHIPS FOR HP 1415 / 2025 MAGENTA','4','1','0','0'), ('766','PRM-0329','PRM-0329','SCC, HP43SCEFOAM-C, SEALING CHANNEL CLOSE, FOAM FOR HP 38A, 42A, 39A, 45A','4','1','0','0'), ('767','PRM-0237','PRM-0237','JINYINDA, JYD-H1415K, CHIPS FOR HP 1415 BLACK','4','1','0','0'), ('768','PRM-0238','PRM-0238','JINYINDA, JYD-H1415C, CHIPS FOR HP 1415 CYAN','4','1','0','0'), ('769','PRM-0330','PRM-0330','SCC, HP43SCEFOAM-O, SEALING CHANEEL OPEN, FOAM FOR HP 38A, 42A, 39A, 45A','4','1','0','0'), ('770','PRM-0239','PRM-0239','JINYINDA, JYD-H1415Y, CHIPS FOR HP 1415 YELLOW','4','1','0','0'), ('771','PRM-0240','PRM-0240','JINYINDA, JYD-H1415M, CHIPS FOR HP 1415 MAGENTA','4','1','0','0'), ('772','PRM-0241','PRM-0241','SUNKING, C525A BLACK, CHIPS FOR FUJI XEROX C525A BLACK','4','1','0','0'), ('773','PRM-0331','PRM-0331','SCC, 4KMRSFOAM, MAG ROLLER SEALING FOAM, FOAM FOR HP 96A, 10A, 11A, 51A, 27X, 61X','4','1','0','0'), ('774','PRM-0242','PRM-0242','SUNKING, C525A CYAN, CHIPS FOR FUJI XEROX C525A CYAN','4','1','0','0'), ('775','PRM-0243','PRM-0243','SUNKING, C525A YELLOW, CHIPS FOR FUJI XEROX C525A YELLOW','4','1','0','0'), ('776','PRM-0332','PRM-0332','SCC, LJ4DBEFOAM, DOCTOR BLADE END FOAM, FOAM FOR HP 98A, 96A, 10A, 11A, 51A, 27X, 61X, 29X','4','1','0','0'), ('777','PRM-0244','PRM-0244','SUNKING, C525A MAGENTA, CHIPS FOR FUJI XEROX C525A MAGENTA','4','1','0','0'), ('778','PRM-0333','PRM-0333','SCC, 4KSCRFOAM, SEALING CHANNEL RAIL FOAM, FOAM FOR HP 96A, 10A, 11A, 51A, 27X, 61X','4','1','0','0'), ('779','PRM-0334','PRM-0334','4KSCEFM-O, SEALING CHANNEL END FOAM OPEN, FOAM FOR HP 96A, 10A, 11A, 51A, 27X, 61X','4','1','0','0'), ('780','PRM-0245','PRM-0245','SUNKING, CHIPS FOR FUJI XEROX C525A DRUM KIT','4','1','0','0'), ('781','PRM-0165','PRM-0165','JINYINDA, JYD-H8061, CHIPS FOR HP 61X','4','1','0','0'), ('782','PRM-0164','PRM-0164','UNINET, ITEM NO.:8075, 295G/BOTTLE, TONER FOR USE IN KYOCERA TK-100/TK-18','4','1','0','0'), ('783','PRM-0163','PRM-0163','UNINET, 10KG BAG, TONER FOR USE IN KYOCERA TK-100/TK-18','4','1','0','0'), ('784','PRM-0162','PRM-0162','CLEAR COPY, 1KG BOTTLE TONER, TONER FOR USE IN KYOCERA TK-410','4','1','0','0');
INSERT INTO `0_item_codes` VALUES ('785','PRM-0161','PRM-0161','FL, 250G/BOTTLE, BROTHER TONER FOR TN-2025','4','1','0','0'), ('786','PRM-0160','PRM-0160','UNINET, ABSOLUTE BLACK, P/N:5090, 240G/BOTTLE, TONER FOR TN-4100','4','1','0','0'), ('787','PRM-0159','PRM-0159','SCC, B6050-220B, TONER FOR TN-4100','4','1','0','0'), ('788','PRM-0158','PRM-0158','SCC, B5350-225B-OS, TONER FOR TN-3290','4','1','0','0'), ('789','PRM-0157','PRM-0157','SCC, TRB5250-200B-OS, TONER FOR TN-3145','4','1','0','0'), ('790','PRM-0156','PRM-0156','SCC, B2170-110B, TONER FOR TN-2150/2130','4','1','0','0'), ('791','PRM-0155','PRM-0155','SCC, TRS3051-260B-OS, TONER FOR ML-3050','4','1','0','0'), ('792','PRM-0154','PRM-0154','SCC, TRS2851-160B-OS, TONER FOR D209, ML-2850','4','1','0','0'), ('793','PRM-0246','PRM-0246','SUNKING, CHIPS FOR SAMSUNG CLP315-409K BLACK','4','1','0','0'), ('794','PRM-0247','PRM-0247','SUNKING, CHIPS FOR SAMSUNG CLP315-409C CYAN','4','1','0','0'), ('795','PRM-0248','PRM-0248','SUNKING, CHIPS FOR SAMSUNG CLP315-409Y YELLOW','4','1','0','0'), ('796','PRM-0249','PRM-0249','SUNKING, CHIPS FOR SAMSUNG CLP315-409M MAGENTA','4','1','0','0'), ('797','PRM-0250','PRM-0250','SUNKING, CHIPS FOR SAMSUNG D104','4','1','0','0'), ('798','PRM-0251','PRM-0251','JINYINDA, JYDT-D104, CHIPS FOR SAMSUNG D104','4','1','0','0'), ('799','PRM-0252','PRM-0252','SUNKING, CHIPS FOR SAMSUNG D105','4','1','0','0'), ('800','PRM-0253','PRM-0253','JINYINDA, JYDT-D105, CHIPS FOR SAMSUNG D105','4','1','0','0'), ('801','PRM-0015','PRM-0015','UNINET, ITEM NO. 8174, WIPER BLADE FOR USE IN HP 42A, 38A, 39A, 45A','4','1','0','0'), ('802','PRM-0016','PRM-0016','UNINET, ITEM NO. 14115, WIPER BLADE FOR USE IN HP 27X, 61X, 64A','4','1','0','0'), ('803','PRM-0017','PRM-0017','UNINET, ITEM NO. 7727, WIPER BLADE FOR USE IN HP 96A, 10A, 11A, 51A, 55A','4','1','0','0'), ('804','PRM-0018','PRM-0018','SCC, 5KBLADE, WIPER BLADE FOR HP 29X, 82X, 16A','4','1','0','0'), ('805','PRM-0019','PRM-0019','SCC, HP26BLADE, WIPER BLADE FOR HP Q6000A TO 03A','4','1','0','0'), ('806','PRM-0254','PRM-0254','SUNKING, CHIPS FOR SAMSUNG D209','4','1','0','0'), ('807','PRM-0255','PRM-0255','SUNKING, CHIPS FOR SAMSUNG D108','4','1','0','0'), ('808','PRM-0256','PRM-0256','JINYINDA, JYDT-D108, CHIPS FOR SAMSUNG D108','4','1','0','0'), ('809','PRM-0020','PRM-0020','SCC, SAM1610BLADE, WIPER BLADE FOR SAMSUNG ML-1610, ML-2010, D108, SCX-4521, FUJI-XEROX X3124, PE220','4','1','0','0'), ('810','PRM-0257','PRM-0257','SUNKING, CHIPS FOR SAMSUNG D560','4','1','0','0'), ('811','PRM-0153','PRM-0153','SCC, TRSUNIV-10KG, UNIVERSAL, 10KG BAG, TONER FOR USE IN SAMSUNG ML-2010, ML-1610, D108, D209, D208, D105, SCX-4521, SCX-4725, P3220, D104, X3124, SF-560','4','1','0','0'), ('812','PRM-0258','PRM-0258','JINYINDA, JYD-SF560R, CHIPS FOR SAMSUNG D560','4','1','0','0'), ('813','PRM-0021','PRM-0021','SCC, HP1505BLADE, WIPER BLADE FOR HP 35A, 36A, 85A, 78A','4','1','0','0'), ('814','PRM-0259','PRM-0259','SUNKING, CHIPS FOR SAMSUNG ML-2851','4','1','0','0'), ('815','PRM-0022','PRM-0022','HP, HP OEM, WIPER BLADE FOR HP 35A, 36A, 85A, 78A','4','1','0','0'), ('816','PRM-0260','PRM-0260','SUNKING, CHIPS FOR SAMSUNG ML-3050','4','1','0','0'), ('817','PRM-0261','PRM-0261','SUNKING, CHIPS FOR SAMSUNG 85A','4','1','0','0'), ('818','PRM-0023','PRM-0023','SCC, HP2055BLADE2, WIPER BLADE FOR HP 05A','4','1','0','0'), ('819','PRM-0262','PRM-0262','SUNKING, CHIPS FOR SAMSUNG SCX4200','4','1','0','0'), ('820','PRM-0025','PRM-0025','SCC, SAM105BLADE, WIPER BLADE FOR SAMSUNG D105','4','1','0','0'), ('821','PRM-0263','PRM-0263','JINYINDA, JYD-SF4200D3, CHIPS FOR SAMSUNG SCX4200','4','1','0','0'), ('822','PRM-0026','PRM-0026','SCC, SAM2851BLADE, WIPER BLADE FOR D209, ML-2850','4','1','0','0'), ('823','PRM-0027','PRM-0027','SCC, SAM3051BLADE, WIPER BLADE FOR ML-3050','4','1','0','0'), ('824','PRM-0264','PRM-0264','SUNKING, CHIPS FOR SAMSUNG SCX4725','4','1','0','0'), ('825','PRM-0028','PRM-0028','SCC, SAM1750BLADE, WIPER BLADE FOR SAMSUNG D109. SCX4200, SF-560, X3119','4','1','0','0'), ('826','PRM-0265','PRM-0265','JINYINDA, JYD-SF4725, CHIPS FOR SAMSUNG SCX4725A','4','1','0','0'), ('827','PRM-0266','PRM-0266','SUNKING, CHIPS FOR FUJI XEROX 3119','4','1','0','0'), ('828','PRM-0029','PRM-0029','SCC, AXDBLADE, DOCTOR BLADE FOR HP 06A, 92A, FX3','4','1','0','0'), ('829','PRM-0030','PRM-0030','SCC, LJ4DBLADE, DOCTOR BLADE FOR HP 98A','4','1','0','0'), ('830','PRM-0267','PRM-0267','JINYINDA, JYD-X3119, CHIPS FOR FUJI XEROX 3119','4','1','0','0'), ('831','PRM-0031','PRM-0031','SCC, WXDBLADE, DOCTOR BLADE FOR HP 09A, 82X','4','1','0','0'), ('832','PRM-0268','PRM-0268','SUNKING, CHIP RESETTER FOR SAMSUNG D209, D105, SCX4300, D108','4','1','0','0'), ('833','PRM-0032','PRM-0032','SCC, HP1012DBLADE, DOCTOR BLADE FOR HP 12A, 15A, 24A, 13A, FX9','4','1','0','0'), ('834','PRM-0269','PRM-0269','SCC, HP1012MDR, MAG ROLLER SLEEVE FOR HP 12A, FX9','4','1','0','0'), ('835','PRM-0033','PRM-0033','SCC, HP1320DBLADE, DOCTOR BLADE FOR HP 49A, 53A','4','1','0','0'), ('836','PRM-0034','PRM-0034','SCC, 4KDBLADE-2PU, DOCTOR BLADE FOR HP 96A, 27X, 61X','4','1','0','0'), ('837','PRM-0270','PRM-0270','SCC, 4KMDR-OS, MAG ROLLER SLEEVE FOR HP 27X, 61X, 96A, 11A, 10A, 51A, 55A','4','1','0','0'), ('838','PRM-0041','PRM-0041','SCC, HP23DBLADE, DOCTOR BLADE FOR HP 10A, 11A, 51A, 55A','4','1','0','0'), ('839','PRM-0043','PRM-0043','SCC, HP43DBLADE-3, DOCTOR BLADE FOR HP 38A, 39A, 42A, 45A','4','1','0','0'), ('840','PRM-0044','PRM-0044','SCC, 5KDBLADE, DOCTOR BLADE FOR 29X','4','1','0','0'), ('841','PRM-0045','PRM-0045','SCC, HP52DBLADE, DOCTOR BLADE FOR HP 16A','4','1','0','0'), ('842','PRM-0271','PRM-0271','SCC, HP12MDR-OS, MAG ROLLER SLEEVE FOR HP 15A, 13A, 24A','4','1','0','0'), ('843','PRM-0046','PRM-0046','SCC, HP1505DBLADE2, DOCTOR BLADE FOR HP 35A, 36A, 85A, 78A','4','1','0','0'), ('844','PRM-0272','PRM-0272','HP1320MDR-OS, MAG ROLLER SLEEVE FOR HP 49A, 53A, 05A','4','1','0','0'), ('845','PRM-0152','PRM-0152','SCC, MPT5-10KG, UNIVERSAL, 10KG/BAG, TONER FOR HP 06A, 92A, 15A, 13A, FX3, 27X, 61X, (12A, 96A, 61X, 49A, 11A)','4','1','0','0'), ('846','PRM-0048','PRM-0048','SCC, HP2055DBLADE-10, DOCTOR BLADE FOR HP 05A','4','1','0','0'), ('847','PRM-0273','PRM-0273','SCC, 5KMDR-OS, MAG ROLLER SLEEVE FOR HP 29X','4','1','0','0'), ('848','PRM-0151','PRM-0151','SCC, HPP3015-305B, 305G/BOTTLE, TONER FOR HP  55A','4','1','0','0'), ('849','PRM-0049','PRM-0049','SCC, HP4515DBLADE, DOCTOR BLADE FOR HP 64A','4','1','0','0'), ('850','PRM-0274','PRM-0274','SCC, HP43MDR-OS, MAG ROLLER SLEEVE FOR HP 38A, 39A, 42A, 45A','4','1','0','0'), ('851','PRM-0050','PRM-0050','SCC, SAM1750DBLADE, DOCTOR BLADE FOR SAMSUNG D109, SCX4200, SF-560, X3119','4','1','0','0'), ('852','PRM-0150','PRM-0150','SCC, B3040-45B-MA, MAGENTA, BOTTLE, TONER FOR BROTHER TN-240M MAGENTA(45G/BOTTLE)','4','1','0','0'), ('853','PRM-0275','PRM-0275','SCC, EXMDR-2-OS, MAG ROLLER SLEEVE FOR HP 98A','4','1','0','0'), ('854','PRM-0052','PRM-0052','SCC, HP26DBLADE, DOCTOR BLADE FOR HP Q6000A TO 03A','4','1','0','0'), ('855','PRM-0149','PRM-0149','SCC, B3040-65B-Y, YELLOW, BOTTLE, TONER FOR BROTHER TN-240Y YELLOW(65G/BOTTLE)','4','1','0','0'), ('856','PRM-0053','PRM-0053','SCC, B2040DBLADE, DOCTOR BLADE FOR BROTHER TN-2025','4','1','0','0'), ('857','PRM-0276','PRM-0276','SCC, AXMDR-OS-5, MAG ROLLER SLEEVE FOR HP 06A, AX, 92A, FX3','4','1','0','0'), ('858','PRM-0047','PRM-0047','HP, HPOEM, DOCTOR BLADE FOR HP 35A, 36A, 85A, 78A','4','1','0','0'), ('859','PRM-0148','PRM-0148','SCC, B3040-70B-C, CYAN, BOTTLE, TONER FOR BROTHER TN-240C CYAN(70G/BOTTLE)','4','1','0','0'), ('860','PRM-0277','PRM-0277','SCC, WXMDR-OS, MAG ROLLER SLEEVE FOR HP 09A / WX','4','1','0','0'), ('861','PRM-0278','PRM-0278','SCC, 81MDR-OS, MAG ROLLER SLEEVE FOR HP 82X','4','1','0','0'), ('862','PRM-0042','PRM-0042','UNINET, ITEM NO. 10189, DOCTOR BLADE FOR HP 10A, 11A, 51A','4','1','0','0'), ('863','PRM-0147','PRM-0147','SCC, B3040-85B-K, BLACK, BOTTLE, TONER FOR TN-240BK BLACK(85G/BOTTLE)','4','1','0','0'), ('864','PRM-0279','PRM-0279','SCC, HP1505MDR-OS, MAG ROLLER SLEEVE FOR HP 35A, 36A, 85A, 78A','4','1','0','0'), ('865','PRM-0146','PRM-0146','SCC, HP1515-40B-M, MAGENTA, 40G/BOTTLE, TONER FOR USE IN HP 1515, 1525','4','1','0','0'), ('866','PRM-0145','PRM-0145','SCC, HP1515-40B-Y, YELLOW, 40G/BOTTLE, TONER FOR USE IN HP 1515, 1525','4','1','0','0'), ('867','PRM-0144','PRM-0144','SCC, HP1515-40B-C, CYAN, 40G/BOTTLE, TONER FOR USE IN HP 1515, 1525','4','1','0','0'), ('868','PRM-0143','PRM-0143','SCC, HP1515-55B-K, BLACK, 55G/BOTTLE, TONER USE FOR HP 1515, 1525','4','1','0','0'), ('869','PRM-0142','PRM-0142','SCC, HP2025-500B-MA, MAGENTA, 500G/BOTTLE, TONER FOR USE IN HP 1215, 2025, 1525','4','1','0','0'), ('870','PRM-0141','PRM-0141','SCC, HPUNI-500B-Y, YELLOW, UNIVERSAL, 500G/BOTTLE, TONER FOR USE IN HP 1215, 2025, 1525','4','1','0','0'), ('871','PRM-0140','PRM-0140','SCC, HPUNI-500B-C, CYAN, UNIVERSAL, 500G/BOTTLE, TONER FOR USE IN HP 1215, 2025, 1525','4','1','0','0'), ('872','PRM-0139','PRM-0139','SCC, HPUNI-500B-K, BLACK, UNIVERSAL, 500G/BOTTLE, TONER FOR USE IN HP 1215, 2025, 1525','4','1','0','0'), ('873','PRM-0138','PRM-0138','SCC, SAM300-45B-MAOS, MAGENTA, 45G/BOTTLE, TONER FOR USE IN SAMSUNG CLP135/409','4','1','0','0'), ('874','PRM-0137','PRM-0137','SCC, SAM300-50B-YOS, YELLOW, 50G/BOTTLE, TONER FOR USE IN SAMSUNG CLP315/409','4','1','0','0'), ('875','PRM-0136','PRM-0136','SCC, SAM300-50B-COS, CYAN, 50G/BOTTLE, TONER FOR USE IN SAMSUNG CLP315/409','4','1','0','0'), ('876','PRM-0135','PRM-0135','SCC, SAM409-70B-KOS, BLACK, 70G/BOTTLE, TONER FOR USE IN SAMSUNG CLP315/409','4','1','0','0'), ('877','PRM-0134','PRM-0134','SCC, TRD3100-140B-MA, MAGENTA, 140G/BOTTLE, TONER FOR USE IN FUJI C525A','4','1','0','0'), ('878','PRM-0133','PRM-0133','SCC, TRD3100-125B-Y, YELLOW, 125G/BOTTLE, TONER FOR USE IN FUJI C525A','4','1','0','0'), ('879','PRM-0132','PRM-0132','SCC, TRD3100-115B-C, CYAN, 115G/BOTTLE, TONER FOR USE IN FUJI C525A','4','1','0','0'), ('880','PRM-0111','PRM-0111','SCC, HP26-90B-KOS2, BLACK, 90G BOTTLE, TONER FOR HP Q6000A','4','1','0','0'), ('881','PRM-0112','PRM-0112','SCC, HP-26-100B-COS, CYAN, 100G BOTTLE, TONER FOR HP Q6001A','4','1','0','0'), ('882','PRM-0113','PRM-0113','SCC, HP26-100B-YOS, YELLOW, 100G BOTTLE, TONER FOR HP Q6002A','4','1','0','0'), ('883','PRM-0035','PRM-0035','KUROKI, LP48M, DOCTOR BLADE FOR HP 96A, 27X, 61X','4','1','0','0'), ('884','PRM-0114','PRM-0114','SCC, TRHP26-100B-MAOS, MAGENTA, 100G BOTTLE, TONER FOR HP Q6003A','4','1','0','0');
INSERT INTO `0_item_codes` VALUES ('885','PRM-0115','PRM-0115','SCC, TRHP26-80B-COS2, CYAN, 80G BOTTLE, TONER FOR HP Q6001A','4','1','0','0'), ('886','PRM-0116','PRM-0116','SCC, HP26-80B-YOS2, YELLOW, 80G BOTTLE, TONER FOR HP Q6002A','4','1','0','0'), ('887','PRM-0117','PRM-0117','SCC, TRHP26-90B-MAOS2, MAGENTA, 90G BOTTLE, TONER FOR HP Q6003A','4','1','0','0'), ('888','PRM-0118','PRM-0118','SCC, AXT-10KG, TONER FOR HP 06A, 92A, FX3 (10KG/BAG)','4','1','0','0'), ('889','PRM-0119','PRM-0119','SCC, HP1320-10KG BAG, TONER FOR 49A, 53A (10KG/BAG)','4','1','0','0'), ('890','PRM-0120','PRM-0120','SCC, HP1012-10KG, TONER FOR HP 12A, FX9 (10KG/BAG)','4','1','0','0'), ('891','PRM-0121','PRM-0121','SCC, TRHP52-580B-OS, BOTTLE, TONER FOR HP 16A(580G/BOTTLE)','4','1','0','0'), ('892','PRM-0122','PRM-0122','SCC, TRHP15050S-10KG, 10KG BAG, TONER FOR HP 35A, 36A, 85A, 78A','4','1','0','0'), ('893','PRM-0123','PRM-0123','UNINET, ABSOLUTE BLACK, 10KG BAG, ITEM NO.: 12098, TONER FOR HP 35A, 36A @ 1185 x 125G (1 BAG=80 BOTTLES)','4','1','0','0'), ('894','PRM-0124','PRM-0124','SCC, TRS2010OS-10KG, 10KG BAG TONER, TONER FOR USE IN SAMSUNG ML201-, ML-1610, D208, D105, PE220, D104, SCX4200, D109, SCX-4725, SF-560, X3119, X3124','4','1','0','0'), ('895','PRM-0125','PRM-0125','SCC, HP2055-290B-OS, 290G/BOTTLE, TONER FOR USE IN HP 05A','4','1','0','0'), ('896','PRM-0126','PRM-0126','SCC, HP4515-470B-OS, 470G/BOTTLE, TONER FOR USE IN HP 64A','4','1','0','0'), ('897','PRM-0127','PRM-0127','SCC, D1320-30B-K, BLACK, 30G/BOTTLE, TONER FOR USE IN FUJI C1110','4','1','0','0'), ('898','PRM-0128','PRM-0128','SCC, D1320-30B-C, CYAN, 30G/BOTTLE, TONER FOR USE IN FUJI C1110','4','1','0','0'), ('899','PRM-0129','PRM-0129','SCC, D1320-30B-Y, YELLOW, 30G/BOTTLE, TONER FOR USE IN FUJI C1110','4','1','0','0'), ('900','PRM-0036','PRM-0036','KUROKI, LP99M, DOCTOR BLADE FOR HP 10A','4','1','0','0'), ('901','PRM-0037','PRM-0037','KUROKI, LP126M, DOCTOR BLADE FOR HP 11A, 51A','4','1','0','0'), ('902','PRM-0130','PRM-0130','SCC, D1320-30B-M, MAGENTA, 30G/BOTTLE, TONER FOR USE IN FUJI C1110','4','1','0','0'), ('903','PRM-0038','PRM-0038','KUROKI, LP93M, DOCTOR BLADE FOR HP 38A, 39A, 42A, 45A','4','1','0','0'), ('904','PRM-0131','PRM-0131','SCC, TRD3100-115B-K, 115G/BOTTLE, TONER FOR USE IN FUJI C525A','4','1','0','0'), ('905','PRM-0039','PRM-0039','KUROKI, LP50M, DOCTOR BLADE FOR HP 29X','4','1','0','0'), ('906','PRM-0040','PRM-0040','KUROKI, LP195M, DOCTOR BLADE FOR HP 55A','4','1','0','0'), ('907','PRM-0054','PRM-0054','SCC, DRAX2, DRUM FOR HP 06A, 92A, FX3','4','1','0','0'), ('908','PRM-0166','PRM-0166','SCC, U16CHIP, CHIPS FOR HP 16A','4','1','0','0'), ('909','PRM-0167','PRM-0167','SCC, U17-3CHIP, UNIVERSAL, CHIPS FOR HP 13A, 49A, 53A, 10A, 11A, 51A, 38A, 42A, CAN308/708/715/315','4','1','0','0'), ('910','PRM-0168','PRM-0168','JINYINDA, JYD-UNI-A, UNIVERSAL, CHIPS FOR 13A, 49A, 53A, 10A, 11A, 51A, 38A, 42A, CAN308/708/715/315, 39A, 45A','4','1','0','0'), ('911','PRM-0169','PRM-0169','SCC, U18-3CHIP, UNIVERSAL, CHIPS FOR HP 39A, 45A','4','1','0','0'), ('912','PRM-0170','PRM-0170','SCC, SAM105CP, CHIPS FOR SAMSUNG D105','4','1','0','0'), ('913','PRM-0171','PRM-0171','SCC, SAM209CP, CHIPS FOR SAMSUNG D209','4','1','0','0'), ('914','PRM-0172','PRM-0172','SCC, SAM209CP, CHIPS FOR SAMSUNG D109','4','1','0','0'), ('915','PRM-0173','PRM-0173','SCC, SAM108CP, CHIPS FOR SAMSUNG D108','4','1','0','0'), ('916','PRM-0174','PRM-0174','SCC, SAM104CHIP, CHIPS FOR SAMSUNG D104','4','1','0','0'), ('917','PRM-0175','PRM-0175','SCC, SAM105CHIP, CHIPS FOR SAMSUNG D105','4','1','0','0'), ('918','PRM-0176','PRM-0176','SCC, SAM409CHIP-B, CHIPS FOR SAMSUNG 409 BLACK','4','1','0','0'), ('919','PRM-0177','PRM-0177','SCC, SAM409CHIP-C, CHIPS FOR SAMSUNG 409 CYAN','4','1','0','0'), ('920','PRM-0178','PRM-0178','SCC, SAM409CHIP-Y, CHIPS FOR SAMSUNG 409 YELLOW','4','1','0','0'), ('921','PRM-0179','PRM-0179','SCC, SAM409CHIP-M, CHIPS FOR SAMSUNG 409 MAGENTA','4','1','0','0'), ('922','PRM-0180','PRM-0180','SCC, U27-2CHIP-K, BLACK, CHIPS FOR HP CP5525, CP2025, CP1515, CM1312 FAMILY, CANON LBP-5050, LBP-5460, LBP-9600, LBP-9100, MF8050/7750','4','1','0','0'), ('923','PRM-0181','PRM-0181','SCC, U27-2CHIP-C, CYAN, CHIPS FOR HP CP5525, CP2025, CP1515, CM1312 FAMILY, CANON LBP-5050, LBP-5460, LBP-9600, LBP-9100, MF8050/7750','4','1','0','0'), ('924','PRM-0182','PRM-0182','SCC, U27-2CHIP-MA, MAGENTA, CHIPS HP CP5525, CP1515, CM1312 FAMILY, CANON LBP-5050, LBP-5460, LBP-9600, LBP-9100, MF8050/7750','4','1','0','0'), ('925','PRM-0183','PRM-0183','SCC, U27-2CHIP-Y, YELLOW, CHIPS FOR HP CP5525, CP2025, CP1515, CM1312 FAMILY, CANON LBP-5050, LBP-5460, LBP-9600, LBP-9100, MF8050/7750','4','1','0','0'), ('926','PRM-0184','PRM-0184','UNINET, ASIC SMARTCHIP, P/N: 14137, CHIPS FOR HP 11A, CRG-310','4','1','0','0'), ('927','PRM-0185','PRM-0185','SUNKING, CHIPS FOR HP 61X','4','1','0','0'), ('928','PRM-0186','PRM-0186','SUNKING, UNIVERSAL HP-A, CHIPS FOR HP 13A, 49A, 53A, 10A, 11A, 51A, 38A, 42A, CAN308/708/715/315, 39A, 45A','4','1','0','0'), ('929','PRM-0187','PRM-0187','JINYINDA, JYD-UNI-A, UNIVERSAL LOW YIELD, CHIPS FOR HP 13A, 49A, 53A, 10A, 11A, 51A, 38A, 42A, 39A, 45A','4','1','0','0'), ('930','PRM-0188','PRM-0188','SUNKING, CHIPS FOR HP 78A','4','1','0','0'), ('931','PRM-0189','PRM-0189','SUNKING, CHIPS FOR HP 36A','4','1','0','0'), ('932','PRM-0190','PRM-0190','SUNKING, CHIPS FOR HP 05A','4','1','0','0'), ('933','PRM-0191','PRM-0191','JINYINDA, JYD-H505A, CHIPS FOR HP 05A','4','1','0','0'), ('934','PRM-0192','PRM-0192','SUNKING, CHIPS FOR HP Q6000A BLACK','4','1','0','0'), ('935','PRM-0193','PRM-0193','SUNKING, CHIPS FOR HP Q6001A CYAN','4','1','0','0'), ('936','PRM-0194','PRM-0194','SUNKING, CHIPS FOR HP Q6002A YELLOW','4','1','0','0'), ('937','PRM-0195','PRM-0195','SUNKING, CHIPS FOR HP Q6003A MAGENTA','4','1','0','0'), ('938','PRM-0196','PRM-0196','JINYINDA, JYD-6000A, 2.5K, BLACK, CHIPS FOR HP Q6000A','4','1','0','0'), ('939','PRM-0197','PRM-0197','JINYINDA, JYD-6001A, 2K, CYAN, CHIPS FOR HP Q6001A','4','1','0','0'), ('940','PRM-0198','PRM-0198','JINYINDA, JYD-6002A, 2K. YELLOW, CHIPS FOR HP Q6002A','4','1','0','0'), ('941','PRM-0199','PRM-0199','JINYINDA, JYD-6003A, 2K, MAGENTA, CHIPS FOR HP Q6003A','4','1','0','0'), ('942','PRM-0200','PRM-0200','SUNKING, CHIPS, HIGH QUALITY FOR XEROX PE220','4','1','0','0'), ('943','PRM-0201','PRM-0201','JINYINDA, JYD-XPE220, CHIPS FOR XEROX PE220','4','1','0','0'), ('944','PRM-0202','PRM-0202','SUNKING, CHIPS FOR XEROX 3200','4','1','0','0'), ('945','PRM-0203','PRM-0203','JINYINDA, JYD-X3200, FOR XEROX 3200','4','1','0','0'), ('946','PRM-0204','PRM-0204','SUNKING, CHIPS FOR HP 16A','4','1','0','0'), ('947','PRM-0205','PRM-0205','JINYINDA, JYD-H7516A, CHIPS FOR HP 16A','4','1','0','0'), ('948','PRM-0206','PRM-0206','SUNKING, CHIPS FOR HP 64A','4','1','0','0'), ('949','PRM-0207','PRM-0207','JINYINDA, JYD-H364A, CHIPS FOR HP 64A','4','1','0','0'), ('950','PRM-0208','PRM-0208','SUNKING, CHIPS FOR HP 55A','4','1','0','0'), ('951','PRM-0209','PRM-0209','JINYINDA, JYD-H255A, CHIPS FOR HP 55A','4','1','0','0'), ('952','PRM-0210','PRM-0210','SUNKING, CHIPS FOR SAMSUNG D109','4','1','0','0'), ('953','PRM-0211','PRM-0211','JINYINDA, JYDT-D109, CHIPS FOR SAMSUNG D109','4','1','0','0'), ('954','PRM-0212','PRM-0212','SUNKING, CHIPS FOR HP 2025 BLACK','4','1','0','0'), ('955','PRM-0213','PRM-0213','SUNKING, CHIPS FOR HP 2025 CYAN','4','1','0','0'), ('956','PRM-0214','PRM-0214','SUNKING, CHIPS FOR HP 2025 YELLOW','4','1','0','0'), ('957','PRM-0215','PRM-0215','SUNKING, CHIPS FOR HP 2025 MAGENTA','4','1','0','0'), ('958','PRM-0216','PRM-0216','SUNKING, CHIPS FOR FUJI C1110 BLACK','4','1','0','0'), ('959','PRM-0217','PRM-0217','SUNKING, CHIPS FOR FUJI C1110 CYAN','4','1','0','0'), ('960','PRM-0218','PRM-0218','SUNKING, CHIPS FOR FUJI C1110 YELLOW','4','1','0','0'), ('961','PRM-0219','PRM-0219','SUNKING, CHIPS FOR FUJI C1110 MAGENTA','4','1','0','0'), ('962','PRM-0220','PRM-0220','JINYINDA, JYD-XC1110K, CHIPS FOR FUJI C1110 BLACK','4','1','0','0'), ('963','PRM-0221','PRM-0221','JINYINDA, JYD-XC1110C, CHIPS FOR FUJI C1110 CYAN','4','1','0','0'), ('964','PRM-0374','PRM-0374','STARBOX, EXTRA LARGE, BOX FOR 09A, 29X, 82X, 16A, 38A, 42A, 45A, 39A, 64A','4','1','0','0'), ('965','PRM-0373','PRM-0373','STARBOX, MEDIUM, BOX FOR 98A, 96A, 27X, 61X, 11A, 10A, 51A','4','1','0','0'), ('966','PRM-0372','PRM-0372','STARBOX, SMALL, BOX FOR 03A, 05A, 15A, 13A, 24A, 49A, 53A, SAM 4300, ML1610, 2010, 1640, 6000A TO 03A','4','1','0','0'), ('967','PRM-0371','PRM-0371','STARBOX, EXTRA SMALL, BOX FOR 12A, 35A, 36A, 78A, FX9, OPT540A TO 43A, OPT530A TO 33A, C1110B TO M, 92A, 06A, FX3','4','1','0','0'), ('968','PRM-0370','PRM-0370','HOMYELL, H016, BLACK, SEALABLE, 38CM x 61CM, AIRBAG FOR 29X, 16A','4','1','0','0'), ('969','PRM-0369','PRM-0369','HOMYELL, H015, BLACK, SEALABLE, 46CM x 62CM, AIRBAG FOR 38A, 42A, 39A, 45A, 82A, 09A, 64A','4','1','0','0'), ('970','PRM-0368','PRM-0368','HOMYELL, H012, BLACK, SEALABLE, 39CM x 50CM, AIRBAG FOR 96A, 11A, 10A, 51A, 51X, 27X, 61X, 98A','4','1','0','0'), ('971','PRM-0367','PRM-0367','HOMYELL, H002, BLACK, SEALABLE, 28CM x 42CM, AIRBAG FOR 03A, 15A, 24A, 49A, 53A, 6000A TO 03A, SAMSUNG ML1610, 2010, D108, D109, D209, 05A','4','1','0','0'), ('972','PRM-0366','PRM-0366','HOMYELL, H007, BLACK, SEALABLE, 23CM x 40CM, AIRBAG FOR 12A, 35A, 36A, 85A, 78A, FX9, OPT540A TO 43A, OPT530A TO 33A, C1110B TO M, 92A, 06A, FX3','4','1','0','0'), ('973','PRM-0365','PRM-0365','SKYSHEEN, STCH-Q5945A, TRANSPARENT, AIRBAG FOR 38A, 42A, 39A, 45A','4','1','0','0'), ('974','PRM-0363','PRM-0363','SKYSHEEN, SSBG-6511X, BLACK, AIRBAG FOR 11A, 51A, 51X, 27X, 61X, 10A, 96A','4','1','0','0'), ('975','PRM-0364','PRM-0364','SKYSHEEN, SSBG-Q2612A, BLACK, AIRBAG FOR 12A, 35A, 36A, FX9','4','1','0','0'), ('976','PRM-0362','PRM-0362','SKYSHEEN, SSBG-Q5949A, BLACK, AIRBAG FOR 03A, 15A, 13A, 24A, 49A, 53A, 6000A TO 03A, SAMSUNG ML1610, 2010, D108, D109, D209, 05A','4','1','0','0'), ('977','PRM-0361','PRM-0361','HUIWEI, LONG, FOR DOCTOR BLADE, FOAM STRIP FOR SAMSUNG','4','1','0','0'), ('978','PRM-0360','PRM-0360','HUIWEI, RF1-20, 63mA, 250V, CARTRIDGE FUSE FOR SAMSUNG 2010, SCX-4521 AND FUJI XEROX P3124','4','1','0','0'), ('979','PRM-0359','PRM-0359','HUIWEI, PROTECTIVE CAP FOR SAMSUNG D104','4','1','0','0'), ('980','PRM-0358','PRM-0358','HUIWEI, UNIVERSAL, SHIPPING PROTECTOR FOR HP1515, 2025, 1525','4','1','0','0'), ('981','PRM-0357','PRM-0357','HUIWEI, SHIPPING PROTECTOR FOR BROTHER TN-3145, TN-3185, TN-3290, TN-4100','4','1','0','0'), ('982','PRM-0356','PRM-0356','HUIWEI, SHIPPING PROTECTOR FOR BROTHER TN-240B/C/Y/M','4','1','0','0'), ('983','PRM-0355','PRM-0355','HUIWEI, CT201117 YELLOW, EMPTY CARTRIDGE FOR XEROX C1110B PRINTER','4','1','0','0'), ('984','PRM-0354','PRM-0354','HUIWEI, CT201116 MAGENTA, EMPTY CARTRIDGE FOR XEROX C1110B PRINTER','4','1','0','0');
INSERT INTO `0_item_codes` VALUES ('985','PRM-0335','PRM-0335','SCC, 4KSCEFM-C, SEALING CHANNEL END FOAM CLOSE, FOAM FOR HP 96A, 10A, 11A, 51A, 27X, 61X','4','1','0','0'), ('986','PRM-0336','PRM-0336','SCC, HP43MRSBLD-1T, FOR MAG ROLLER, 25PCS/PACK, SEALING BLADE FOR HP 38A, 42A, 39A, 45A','4','1','0','0'), ('987','PRM-0337','PRM-0337','SCC, LJ4MRSBLD-1T, FOR MAG ROLLER, 25PCS/PACK, SEALING BLADE FOR HP 98A, 96A, 10A, 11A, 51A, 27X, 61X','4','1','0','0'), ('988','PRM-0338','PRM-0338','SCC, 5KMRSBLD-3T, FOR MAG ROLLER, 25PCS/PACK, SEALING BLADE FOR HP 29X','4','1','0','0'), ('989','PRM-0339','PRM-0339','SCC, HP1515RECBLD-1T, 25PCS/PACK, RECOVERY BLADE FOR HP CLJ 1515, 2025, 1525','4','1','0','0'), ('990','PRM-0340','PRM-0340','SCC, 4KWBEFELT, 100PCS/PACK, WIPER BLADE END FELT FOR HP 27X, 61X, 96A, 11A, 10A, 51A, 38A, 39A, 42A, 45A, 55A, ','4','1','0','0'), ('991','PRM-0341','PRM-0341','SCC, HP1515DBSPACER, DOCTOR BLADE SPACER FOR USE WITH HP CP1515 CARTRIDGES','4','1','0','0'), ('992','PRM-0342','PRM-0342','SCC, H1515CONVEPLT, CONVERSION END PLATE KIT FOR USE CE320A TO 23A','4','1','0','0'), ('993','PRM-0343','PRM-0343','SCC, D3100TAPESEAL, SEALING TAPE FOR USE IN FUJI XEROX C525A','4','1','0','0'), ('994','PRM-0344','PRM-0344','SCC, 5KMRGRCON, MAG ROLLER DRIVE GEAR CONTACT FOR USE IN 29X, EP62X','4','1','0','0'), ('995','PRM-0345','PRM-0345','HUIWEI, CONVERSION KIT, 35A TO 36A, WASTE BIN + OPC HOLDER','4','1','0','0'), ('996','PRM-0346','PRM-0346','HUIWEI, 12A TO FX9, END PLATES LEFT &amp; RIGHT + OPC DRUM HOLDER, CONVERSION KIT FOR CANON FX10, FX9','4','1','0','0'), ('997','PRM-0347','PRM-0347','HUIWEI, UNIVERSAL, EMPTY CARTRIDGE FOR 38A, 39A, 45A','4','1','0','0'), ('998','PRM-0348','PRM-0348','HUIWEI, DEDICATED, EMPTY CARTRIDGE FOR 45A, 39A','4','1','0','0'), ('999','PRM-0349','PRM-0349','HUIWEI, EMPTY CARTRIDGE FOR 10A','4','1','0','0'), ('1000','PRM-0350','PRM-0350','HUIWEI, EMPTY CARTRIDGE FOR EP62X, 29X','4','1','0','0'), ('1001','PRM-0351','PRM-0351','HUIWEI, CONVERSION KIT, 36A TO 78A, OPC HOLDER WITH END CAP','4','1','0','0'), ('1002','PRM-0352','PRM-0352','HUIWEI, CT201114 BLACK, EMPTY CARTRIDGE FOR XEROX C1110B PRINTER','4','1','0','0'), ('1003','PRM-0353','PRM-0353','HUIWEI, CT201115 CYAN, EMPTY CARTRIDGE FOR XEROX C1110B PRINTER','4','1','0','0'), ('1013','TNR-0084','TNR-0084','OPTIMUM, OPT-74A, TONER CARTRIDGE','1','1','0','0'), ('1014','TNR-0087','TNR-0087','OPTIMUM, OPT-00A, TONER CARTRIDGE','1','1','0','0'), ('1015','TNR-0093','TNR-0093','OPTIMUM, OPT-03A, TONER CARTRIDGE','1','1','0','0'), ('1011','TNR-0082','TNR-0082','OPTIMUM, OPT-ML1640, TONER CARTRIDGE','1','1','0','0');
INSERT INTO `0_item_codes_12` VALUES ('3','CON-0002','CON-0002','OPT-35A, Optimum Toner Cartridge','1','1','0','0'), ('2','CON-0001','CON-0001','OPT-12A, Optimum Toner Cartridge','1','1','0','0'), ('4','PRT-0001','PRT-0001','LBP-2900, Canon Laser Printer','2','1','0','0'), ('5','CON-0003','CON-0003','OPT-D105, Optimum Toner Cartridge','1','1','0','0'), ('6','CON-0004','CON-0004','OPT-TN2150, Optimum Toner Cartridge','1','1','0','0'), ('7','CON-0005','CON-0005','OPT-D209, Optimum Toner Cartridge','1','1','0','0'), ('8','CON-0006','CON-0006','OPT-85AO, Optimum Toner Cartridge','1','1','0','0'), ('9','CON-0007','CON-0007','OPT-TN2025, Optimum Toner Cartridge','1','1','0','0'), ('10','CON-0008','CON-0008','OPT-NPG25, Optimum Toner Cartridge','1','1','0','0'), ('11','CON-0009','CON-0009','OPT-NPG28, Optimum Toner Cartridge','1','1','0','0'), ('12','CON-0010','CON-0010','OPT-D104, Optimum Toner Cartridge','1','1','0','0'), ('13','PRT-0002','PRT-0002','P1102, HP LaserJet Printer','2','1','0','0'), ('14','PRT-0003','PRT-0003','2300, HP LaserJet Printer','2','1','0','0'), ('15','PRT-0004','PRT-0004','5000, HP LaserJet Printer','2','1','0','0'), ('16','PRT-0005','PRT-0005','4000, HP LaserJet Printer','2','1','0','0'), ('17','PRT-0006','PRT-0006','2300N, HP LaserJet Printer','2','1','0','0'), ('18','PRT-0007','PRT-0007','5000N, HP LaserJet Printer','2','1','0','0'), ('19','PRT-0008','PRT-0008','4000N, HP LaserJet Printer','2','1','0','0'), ('20','PRT-0009','PRT-0009','M1212NF, HP LaserJet Printer','2','1','0','0'), ('21','PRT-0010','PRT-0010','M1132, HP LaserJet Printer','2','1','0','0'), ('22','PRP-0001','PRP-0001','BSH-2600-PL, Bushing, Left, Pressure Roller','3','1','0','0'), ('23','PRP-0002','PRP-0002','BSH-P1008-LOW, Bushing, Pressure Roller','3','1','0','0'), ('24','PRP-0003','PRP-0003','RA0-1094-000, Bushing, Pressure Roller','3','1','0','0'), ('25','PRP-0004','PRP-0004','RA0-1095-000, Bushing, Pressure Roller','3','1','0','0'), ('26','PRP-0005','PRP-0005','BSH-1010-P, Bushing, Pressure Roller','3','1','0','0'), ('27','PRP-0006','PRP-0006','RB2-2973-000, Bushing, Pressure Roller','3','1','0','0'), ('28','1111111','1111111','qwwwwwwwkkkkk','1','1','0','0'), ('29','MNFC-001','MNFC-001','manufactered','1','1','0','0');
INSERT INTO `0_item_tax_types` VALUES ('1','VATABLE','0','0'), ('2','NON VAT','1','0');
INSERT INTO `0_item_units` VALUES ('pc','piece','-1','0'), ('bag','bag','-1','0'), ('box','box','-1','0'), ('btl','bottle','-1','0'), ('gal','gallon','-1','0'), ('grm','gram','-1','0'), ('kg','kilo','-1','0'), ('lot','lot','-1','0'), ('mtr','meter','-1','0'), ('pack','pack','-1','0'), ('pair','pair','-1','0'), ('roll','roll','-1','0'), ('unit','unit','-1','0');
INSERT INTO `0_locations` VALUES ('CEB','Need Ink - Cebu','288 P. Rodriguez St., Poblacion, Lapu-Lapu City 6014, Cebu, Phils.','+6332.340.4946','+6332.340.9393','+6332.495.6954','needink@gmail.com','Wendel Bayogo','0'), ('MNL','Need Ink - Manila','G/F 146 Pasig Blvd. Brgy. Pineda, Pasig City, Manila, Phils','+632.501.4978','+632.621.3720','','gheng.needink@gmail.com','Genalyn Talosig','0'), ('DVO','Need Ink - Davao','Unit 18, D-1, Gahol Bldg.,\nDMSF Drive, Bajada, Davao City 8000','+6382.321.5244','+6382.300.2373','+6382.300.6409','cecile.needink@gmail.com','Cecile Cagalitan','0'), ('CDO','Need Ink - Cagayan de Oro','2/F, D-6, Montblanc Bldg., #848 Burgos?Chavez St., Cagayan de Oro City','+6388.323.2639','','','','Barbara Fortich','0'), ('BCD','Need Ink - Bacolod','Door 2, LFE Bldg., Rosario-Lacson Sts., Bacolod City 6100, Philippines','+6334.704.1665','+6334.435.8313','','carmela.needink@gmail.com','Carmela Marquez','0');
INSERT INTO `0_loc_stock` VALUES ('BCD','EMP-0001','0'), ('BCD','EMP-0002','0'), ('BCD','EMP-0003','0'), ('BCD','EMP-0004','0'), ('BCD','EMP-0005','0'), ('BCD','EMP-0006','0'), ('BCD','EMP-0007','0'), ('BCD','EMP-0008','0'), ('BCD','EMP-0009','0'), ('BCD','EMP-0010','0'), ('BCD','EMP-0011','0'), ('BCD','EMP-0012','0'), ('BCD','EMP-0013','0'), ('BCD','EMP-0014','0'), ('BCD','EMP-0015','0'), ('BCD','EMP-0016','0'), ('BCD','EMP-0017','0'), ('BCD','EMP-0018','0'), ('BCD','EMP-0019','0'), ('BCD','EMP-0020','0'), ('BCD','EMP-0021','0'), ('BCD','EMP-0022','0'), ('BCD','EMP-0023','0'), ('BCD','EMP-0024','0'), ('BCD','EMP-0025','0'), ('BCD','EMP-0026','0'), ('BCD','EMP-0027','0'), ('BCD','EMP-0028','0'), ('BCD','EMP-0029','0'), ('BCD','EMP-0030','0'), ('BCD','EMP-0031','0'), ('BCD','EMP-0032','0'), ('BCD','EMP-0033','0'), ('BCD','EMP-0034','0'), ('BCD','EMP-0035','0'), ('BCD','EMP-0036','0'), ('BCD','EMP-0037','0'), ('BCD','EMP-0038','0'), ('BCD','EMP-0039','0'), ('BCD','EMP-0040','0'), ('BCD','EMP-0041','0'), ('BCD','EMP-0042','0'), ('BCD','EMP-0043','0'), ('BCD','EMP-0044','0'), ('BCD','EMP-0045','0'), ('BCD','EMP-0046','0'), ('BCD','EMP-0047','0'), ('BCD','EMP-0048','0'), ('BCD','EMP-0049','0'), ('BCD','EMP-0050','0'), ('BCD','EMP-0051','0'), ('BCD','EMP-0052','0'), ('BCD','EMP-0053','0'), ('BCD','EMP-0054','0'), ('BCD','EMP-0055','0'), ('BCD','EMP-0056','0'), ('BCD','EMP-0057','0'), ('BCD','EMP-0058','0'), ('BCD','EMP-0059','0'), ('BCD','EMP-0060','0'), ('BCD','EMP-0061','0'), ('BCD','EMP-0062','0'), ('BCD','EMP-0063','0'), ('BCD','EMP-0064','0'), ('BCD','EMP-0065','0'), ('BCD','EMP-0066','0'), ('BCD','EMP-0067','0'), ('BCD','EMP-0068','0'), ('BCD','EMP-0069','0'), ('BCD','EMP-0070','0'), ('BCD','EMP-0071','0'), ('BCD','EMP-0072','0'), ('BCD','EMP-0073','0'), ('BCD','EMP-0074','0'), ('BCD','EMP-0075','0'), ('BCD','EMP-0076','0'), ('BCD','EMP-0077','0'), ('BCD','EMP-0078','0'), ('BCD','EMP-0079','0'), ('BCD','EMP-0080','0'), ('BCD','EMP-0081','0'), ('BCD','EMP-0082','0'), ('BCD','EMP-0083','0'), ('BCD','EMP-0084','0'), ('BCD','EMP-0085','0'), ('BCD','EMP-0086','0'), ('BCD','EMP-0087','0'), ('BCD','EMP-0088','0'), ('BCD','EMP-0089','0'), ('BCD','EMP-0090','0'), ('BCD','EMP-0091','0'), ('BCD','EMP-0092','0'), ('BCD','EMP-0093','0'), ('BCD','EMP-0094','0'), ('BCD','EMP-0095','0'), ('BCD','EMP-0096','0'), ('BCD','EMP-0097','0'), ('BCD','EMP-0098','0'), ('BCD','EMP-0099','0'), ('BCD','EMP-0100','0');
INSERT INTO `0_loc_stock` VALUES ('BCD','EMP-0101','0'), ('BCD','EMP-0102','0'), ('BCD','EMP-0103','0'), ('BCD','EMP-0104','0'), ('BCD','EMP-0105','0'), ('BCD','EMP-0106','0'), ('BCD','EMP-0107','0'), ('BCD','EMP-0108','0'), ('BCD','EMP-0109','0'), ('BCD','EMP-0110','0'), ('BCD','EMP-0111','0'), ('BCD','EMP-0112','0'), ('BCD','EMP-0113','0'), ('BCD','EMP-0114','0'), ('BCD','EMP-0115','0'), ('BCD','EMP-0116','0'), ('BCD','EMP-0117','0'), ('BCD','EMP-0118','0'), ('BCD','EMP-0119','0'), ('BCD','EMP-0120','0'), ('BCD','EMP-0121','0'), ('BCD','EMP-0122','0'), ('BCD','EMP-0123','0'), ('BCD','EMP-0124','0'), ('BCD','EMP-0125','0'), ('BCD','EMP-0126','0'), ('BCD','EMP-0127','0'), ('BCD','EMP-0128','0'), ('BCD','EMP-0129','0'), ('BCD','EMP-0130','0'), ('BCD','EMP-0131','0'), ('BCD','EMP-0132','0'), ('BCD','EMP-0133','0'), ('BCD','EMP-0134','0'), ('BCD','EMP-0135','0'), ('BCD','EMP-0136','0'), ('BCD','EMP-0137','0'), ('BCD','EMP-0138','0'), ('BCD','EMP-0139','0'), ('BCD','EMP-0140','0'), ('BCD','EMP-0141','0'), ('BCD','PRM-0001','0'), ('BCD','PRM-0002','0'), ('BCD','PRM-0003','0'), ('BCD','PRM-0004','0'), ('BCD','PRM-0005','0'), ('BCD','PRM-0006','0'), ('BCD','PRM-0007','0'), ('BCD','PRM-0008','0'), ('BCD','PRM-0009','0'), ('BCD','PRM-0010','0'), ('BCD','PRM-0011','0'), ('BCD','PRM-0012','0'), ('BCD','PRM-0015','0'), ('BCD','PRM-0016','0'), ('BCD','PRM-0017','0'), ('BCD','PRM-0018','0'), ('BCD','PRM-0019','0'), ('BCD','PRM-0020','0'), ('BCD','PRM-0021','0'), ('BCD','PRM-0022','0'), ('BCD','PRM-0023','0'), ('BCD','PRM-0025','0'), ('BCD','PRM-0026','0'), ('BCD','PRM-0027','0'), ('BCD','PRM-0028','0'), ('BCD','PRM-0029','0'), ('BCD','PRM-0030','0'), ('BCD','PRM-0031','0'), ('BCD','PRM-0032','0'), ('BCD','PRM-0033','0'), ('BCD','PRM-0034','0'), ('BCD','PRM-0035','0'), ('BCD','PRM-0036','0'), ('BCD','PRM-0037','0'), ('BCD','PRM-0038','0'), ('BCD','PRM-0039','0'), ('BCD','PRM-0040','0'), ('BCD','PRM-0041','0'), ('BCD','PRM-0042','0'), ('BCD','PRM-0043','0'), ('BCD','PRM-0044','0'), ('BCD','PRM-0045','0'), ('BCD','PRM-0046','0'), ('BCD','PRM-0047','0'), ('BCD','PRM-0048','0'), ('BCD','PRM-0049','0'), ('BCD','PRM-0050','0'), ('BCD','PRM-0052','0'), ('BCD','PRM-0053','0'), ('BCD','PRM-0054','0'), ('BCD','PRM-0055','0'), ('BCD','PRM-0056','0'), ('BCD','PRM-0057','0'), ('BCD','PRM-0058','0'), ('BCD','PRM-0059','0'), ('BCD','PRM-0060','0'), ('BCD','PRM-0061','0'), ('BCD','PRM-0062','0'), ('BCD','PRM-0063','0');
INSERT INTO `0_loc_stock` VALUES ('BCD','PRM-0064','0'), ('BCD','PRM-0065','0'), ('BCD','PRM-0066','0'), ('BCD','PRM-0067','0'), ('BCD','PRM-0068','0'), ('BCD','PRM-0069','0'), ('BCD','PRM-0070','0'), ('BCD','PRM-0071','0'), ('BCD','PRM-0072','0'), ('BCD','PRM-0073','0'), ('BCD','PRM-0074','0'), ('BCD','PRM-0075','0'), ('BCD','PRM-0076','0'), ('BCD','PRM-0077','0'), ('BCD','PRM-0078','0'), ('BCD','PRM-0079','0'), ('BCD','PRM-0080','0'), ('BCD','PRM-0081','0'), ('BCD','PRM-0082','0'), ('BCD','PRM-0083','0'), ('BCD','PRM-0084','0'), ('BCD','PRM-0085','0'), ('BCD','PRM-0086','0'), ('BCD','PRM-0087','0'), ('BCD','PRM-0088','0'), ('BCD','PRM-0089','0'), ('BCD','PRM-0090','0'), ('BCD','PRM-0091','0'), ('BCD','PRM-0092','0'), ('BCD','PRM-0093','0'), ('BCD','PRM-0094','0'), ('BCD','PRM-0095','0'), ('BCD','PRM-0096','0'), ('BCD','PRM-0097','0'), ('BCD','PRM-0098','0'), ('BCD','PRM-0099','0'), ('BCD','PRM-0102','0'), ('BCD','PRM-0103','0'), ('BCD','PRM-0104','0'), ('BCD','PRM-0105','0'), ('BCD','PRM-0106','0'), ('BCD','PRM-0107','0'), ('BCD','PRM-0108','0'), ('BCD','PRM-0109','0'), ('BCD','PRM-0110','0'), ('BCD','PRM-0111','0'), ('BCD','PRM-0112','0'), ('BCD','PRM-0113','0'), ('BCD','PRM-0114','0'), ('BCD','PRM-0115','0'), ('BCD','PRM-0116','0'), ('BCD','PRM-0117','0'), ('BCD','PRM-0118','0'), ('BCD','PRM-0119','0'), ('BCD','PRM-0120','0'), ('BCD','PRM-0121','0'), ('BCD','PRM-0122','0'), ('BCD','PRM-0123','0'), ('BCD','PRM-0124','0'), ('BCD','PRM-0125','0'), ('BCD','PRM-0126','0'), ('BCD','PRM-0127','0'), ('BCD','PRM-0128','0'), ('BCD','PRM-0129','0'), ('BCD','PRM-0130','0'), ('BCD','PRM-0131','0'), ('BCD','PRM-0132','0'), ('BCD','PRM-0133','0'), ('BCD','PRM-0134','0'), ('BCD','PRM-0135','0'), ('BCD','PRM-0136','0'), ('BCD','PRM-0137','0'), ('BCD','PRM-0138','0'), ('BCD','PRM-0139','0'), ('BCD','PRM-0140','0'), ('BCD','PRM-0141','0'), ('BCD','PRM-0142','0'), ('BCD','PRM-0143','0'), ('BCD','PRM-0144','0'), ('BCD','PRM-0145','0'), ('BCD','PRM-0146','0'), ('BCD','PRM-0147','0'), ('BCD','PRM-0148','0'), ('BCD','PRM-0149','0'), ('BCD','PRM-0150','0'), ('BCD','PRM-0151','0'), ('BCD','PRM-0152','0'), ('BCD','PRM-0153','0'), ('BCD','PRM-0154','0'), ('BCD','PRM-0155','0'), ('BCD','PRM-0156','0'), ('BCD','PRM-0157','0'), ('BCD','PRM-0158','0'), ('BCD','PRM-0159','0'), ('BCD','PRM-0160','0'), ('BCD','PRM-0161','0'), ('BCD','PRM-0162','0'), ('BCD','PRM-0163','0'), ('BCD','PRM-0164','0'), ('BCD','PRM-0165','0');
INSERT INTO `0_loc_stock` VALUES ('BCD','PRM-0166','0'), ('BCD','PRM-0167','0'), ('BCD','PRM-0168','0'), ('BCD','PRM-0169','0'), ('BCD','PRM-0170','0'), ('BCD','PRM-0171','0'), ('BCD','PRM-0172','0'), ('BCD','PRM-0173','0'), ('BCD','PRM-0174','0'), ('BCD','PRM-0175','0'), ('BCD','PRM-0176','0'), ('BCD','PRM-0177','0'), ('BCD','PRM-0178','0'), ('BCD','PRM-0179','0'), ('BCD','PRM-0180','0'), ('BCD','PRM-0181','0'), ('BCD','PRM-0182','0'), ('BCD','PRM-0183','0'), ('BCD','PRM-0184','0'), ('BCD','PRM-0185','0'), ('BCD','PRM-0186','0'), ('BCD','PRM-0187','0'), ('BCD','PRM-0188','0'), ('BCD','PRM-0189','0'), ('BCD','PRM-0190','0'), ('BCD','PRM-0191','0'), ('BCD','PRM-0192','0'), ('BCD','PRM-0193','0'), ('BCD','PRM-0194','0'), ('BCD','PRM-0195','0'), ('BCD','PRM-0196','0'), ('BCD','PRM-0197','0'), ('BCD','PRM-0198','0'), ('BCD','PRM-0199','0'), ('BCD','PRM-0200','0'), ('BCD','PRM-0201','0'), ('BCD','PRM-0202','0'), ('BCD','PRM-0203','0'), ('BCD','PRM-0204','0'), ('BCD','PRM-0205','0'), ('BCD','PRM-0206','0'), ('BCD','PRM-0207','0'), ('BCD','PRM-0208','0'), ('BCD','PRM-0209','0'), ('BCD','PRM-0210','0'), ('BCD','PRM-0211','0'), ('BCD','PRM-0212','0'), ('BCD','PRM-0213','0'), ('BCD','PRM-0214','0'), ('BCD','PRM-0215','0'), ('BCD','PRM-0216','0'), ('BCD','PRM-0217','0'), ('BCD','PRM-0218','0'), ('BCD','PRM-0219','0'), ('BCD','PRM-0220','0'), ('BCD','PRM-0221','0'), ('BCD','PRM-0222','0'), ('BCD','PRM-0223','0'), ('BCD','PRM-0224','0'), ('BCD','PRM-0225','0'), ('BCD','PRM-0226','0'), ('BCD','PRM-0227','0'), ('BCD','PRM-0228','0'), ('BCD','PRM-0229','0'), ('BCD','PRM-0230','0'), ('BCD','PRM-0231','0'), ('BCD','PRM-0232','0'), ('BCD','PRM-0233','0'), ('BCD','PRM-0234','0'), ('BCD','PRM-0235','0'), ('BCD','PRM-0236','0'), ('BCD','PRM-0237','0'), ('BCD','PRM-0238','0'), ('BCD','PRM-0239','0'), ('BCD','PRM-0240','0'), ('BCD','PRM-0241','0'), ('BCD','PRM-0242','0'), ('BCD','PRM-0243','0'), ('BCD','PRM-0244','0'), ('BCD','PRM-0245','0'), ('BCD','PRM-0246','0'), ('BCD','PRM-0247','0'), ('BCD','PRM-0248','0'), ('BCD','PRM-0249','0'), ('BCD','PRM-0250','0'), ('BCD','PRM-0251','0'), ('BCD','PRM-0252','0'), ('BCD','PRM-0253','0'), ('BCD','PRM-0254','0'), ('BCD','PRM-0255','0'), ('BCD','PRM-0256','0'), ('BCD','PRM-0257','0'), ('BCD','PRM-0258','0'), ('BCD','PRM-0259','0'), ('BCD','PRM-0260','0'), ('BCD','PRM-0261','0'), ('BCD','PRM-0262','0'), ('BCD','PRM-0263','0'), ('BCD','PRM-0264','0'), ('BCD','PRM-0265','0');
INSERT INTO `0_loc_stock` VALUES ('BCD','PRM-0266','0'), ('BCD','PRM-0267','0'), ('BCD','PRM-0268','0'), ('BCD','PRM-0269','0'), ('BCD','PRM-0270','0'), ('BCD','PRM-0271','0'), ('BCD','PRM-0272','0'), ('BCD','PRM-0273','0'), ('BCD','PRM-0274','0'), ('BCD','PRM-0275','0'), ('BCD','PRM-0276','0'), ('BCD','PRM-0277','0'), ('BCD','PRM-0278','0'), ('BCD','PRM-0279','0'), ('BCD','PRM-0280','0'), ('BCD','PRM-0281','0'), ('BCD','PRM-0282','0'), ('BCD','PRM-0283','0'), ('BCD','PRM-0284','0'), ('BCD','PRM-0285','0'), ('BCD','PRM-0286','0'), ('BCD','PRM-0287','0'), ('BCD','PRM-0288','0'), ('BCD','PRM-0289','0'), ('BCD','PRM-0290','0'), ('BCD','PRM-0291','0'), ('BCD','PRM-0292','0'), ('BCD','PRM-0293','0'), ('BCD','PRM-0294','0'), ('BCD','PRM-0295','0'), ('BCD','PRM-0296','0'), ('BCD','PRM-0297','0'), ('BCD','PRM-0298','0'), ('BCD','PRM-0299','0'), ('BCD','PRM-0300','0'), ('BCD','PRM-0301','0'), ('BCD','PRM-0302','0'), ('BCD','PRM-0303','0'), ('BCD','PRM-0304','0'), ('BCD','PRM-0305','0'), ('BCD','PRM-0306','0'), ('BCD','PRM-0307','0'), ('BCD','PRM-0308','0'), ('BCD','PRM-0309','0'), ('BCD','PRM-0310','0'), ('BCD','PRM-0311','0'), ('BCD','PRM-0312','0'), ('BCD','PRM-0313','0'), ('BCD','PRM-0314','0'), ('BCD','PRM-0315','0'), ('BCD','PRM-0316','0'), ('BCD','PRM-0317','0'), ('BCD','PRM-0318','0'), ('BCD','PRM-0319','0'), ('BCD','PRM-0320','0'), ('BCD','PRM-0321','0'), ('BCD','PRM-0322','0'), ('BCD','PRM-0323','0'), ('BCD','PRM-0324','0'), ('BCD','PRM-0325','0'), ('BCD','PRM-0326','0'), ('BCD','PRM-0327','0'), ('BCD','PRM-0328','0'), ('BCD','PRM-0329','0'), ('BCD','PRM-0330','0'), ('BCD','PRM-0331','0'), ('BCD','PRM-0332','0'), ('BCD','PRM-0333','0'), ('BCD','PRM-0334','0'), ('BCD','PRM-0335','0'), ('BCD','PRM-0336','0'), ('BCD','PRM-0337','0'), ('BCD','PRM-0338','0'), ('BCD','PRM-0339','0'), ('BCD','PRM-0340','0'), ('BCD','PRM-0341','0'), ('BCD','PRM-0342','0'), ('BCD','PRM-0343','0'), ('BCD','PRM-0344','0'), ('BCD','PRM-0345','0'), ('BCD','PRM-0346','0'), ('BCD','PRM-0347','0'), ('BCD','PRM-0348','0'), ('BCD','PRM-0349','0'), ('BCD','PRM-0350','0'), ('BCD','PRM-0351','0'), ('BCD','PRM-0352','0'), ('BCD','PRM-0353','0'), ('BCD','PRM-0354','0'), ('BCD','PRM-0355','0'), ('BCD','PRM-0356','0'), ('BCD','PRM-0357','0'), ('BCD','PRM-0358','0'), ('BCD','PRM-0359','0'), ('BCD','PRM-0360','0'), ('BCD','PRM-0361','0'), ('BCD','PRM-0362','0'), ('BCD','PRM-0363','0'), ('BCD','PRM-0364','0'), ('BCD','PRM-0365','0');
INSERT INTO `0_loc_stock` VALUES ('BCD','PRM-0366','0'), ('BCD','PRM-0367','0'), ('BCD','PRM-0368','0'), ('BCD','PRM-0369','0'), ('BCD','PRM-0370','0'), ('BCD','PRM-0371','0'), ('BCD','PRM-0372','0'), ('BCD','PRM-0373','0'), ('BCD','PRM-0374','0'), ('BCD','PRM-0375','0'), ('BCD','PRM-0376','0'), ('BCD','PRM-0377','0'), ('BCD','PRM-0378','0'), ('BCD','PRM-0379','0'), ('BCD','PRM-100','0'), ('BCD','PRM-101','0'), ('BCD','PRP-0001','0'), ('BCD','PRP-0002','0'), ('BCD','PRP-0003','0'), ('BCD','PRP-0004','0'), ('BCD','PRP-0005','0'), ('BCD','PRP-0006','0'), ('BCD','PRP-0007','0'), ('BCD','PRP-0008','0'), ('BCD','PRP-0009','0'), ('BCD','PRP-0010','0'), ('BCD','PRP-0011','0'), ('BCD','PRP-0012','0'), ('BCD','PRP-0013','0'), ('BCD','PRP-0014','0'), ('BCD','PRP-0015','0'), ('BCD','PRP-0016','0'), ('BCD','PRP-0017','0'), ('BCD','PRP-0018','0'), ('BCD','PRP-0019','0'), ('BCD','PRP-0020','0'), ('BCD','PRP-0021','0'), ('BCD','PRP-0022','0'), ('BCD','PRP-0023','0'), ('BCD','PRP-0024','0'), ('BCD','PRP-0025','0'), ('BCD','PRP-0026','0'), ('BCD','PRP-0027','0'), ('BCD','PRP-0028','0'), ('BCD','PRP-0029','0'), ('BCD','PRP-0030','0'), ('BCD','PRP-0031','0'), ('BCD','PRP-0032','0'), ('BCD','PRP-0033','0'), ('BCD','PRP-0034','0'), ('BCD','PRP-0035','0'), ('BCD','PRP-0036','0'), ('BCD','PRP-0037','0'), ('BCD','PRP-0038','0'), ('BCD','PRP-0039','0'), ('BCD','PRP-0040','0'), ('BCD','PRP-0041','0'), ('BCD','PRP-0042','0'), ('BCD','PRP-0043','0'), ('BCD','PRP-0044','0'), ('BCD','PRP-0045','0'), ('BCD','PRP-0046','0'), ('BCD','PRP-0047','0'), ('BCD','PRP-0048','0'), ('BCD','PRP-0049','0'), ('BCD','PRP-0050','0'), ('BCD','PRP-0051','0'), ('BCD','PRP-0052','0'), ('BCD','PRP-0053','0'), ('BCD','PRP-0054','0'), ('BCD','PRP-0055','0'), ('BCD','PRP-0056','0'), ('BCD','PRP-0057','0'), ('BCD','PRP-0058','0'), ('BCD','PRP-0059','0'), ('BCD','PRP-0060','0'), ('BCD','PRP-0061','0'), ('BCD','PRP-0062','0'), ('BCD','PRP-0063','0'), ('BCD','PRP-0064','0'), ('BCD','PRP-0065','0'), ('BCD','PRP-0066','0'), ('BCD','PRP-0067','0'), ('BCD','PRP-0068','0'), ('BCD','PRP-0069','0'), ('BCD','PRP-0070','0'), ('BCD','PRP-0071','0'), ('BCD','PRP-0072','0'), ('BCD','PRP-0073','0'), ('BCD','PRP-0074','0'), ('BCD','PRP-0075','0'), ('BCD','PRP-0076','0'), ('BCD','PRP-0077','0'), ('BCD','PRP-0078','0'), ('BCD','PRP-0079','0'), ('BCD','PRP-0080','0'), ('BCD','PRP-0081','0'), ('BCD','PRP-0082','0'), ('BCD','PRP-0083','0'), ('BCD','PRP-0084','0');
INSERT INTO `0_loc_stock` VALUES ('BCD','PRP-0085','0'), ('BCD','PRP-0086','0'), ('BCD','PRP-0087','0'), ('BCD','PRP-0088','0'), ('BCD','PRP-0089','0'), ('BCD','PRP-0090','0'), ('BCD','PRP-0091','0'), ('BCD','PRP-0092','0'), ('BCD','PRP-0093','0'), ('BCD','PRP-0094','0'), ('BCD','PRP-0095','0'), ('BCD','PRP-0096','0'), ('BCD','PRP-0097','0'), ('BCD','PRP-0098','0'), ('BCD','PRP-0099','0'), ('BCD','PRP-0100','0'), ('BCD','PRP-0101','0'), ('BCD','PRP-0102','0'), ('BCD','PRP-0103','0'), ('BCD','PRP-0104','0'), ('BCD','PRP-0105','0'), ('BCD','PRP-0106','0'), ('BCD','PRP-0107','0'), ('BCD','PRP-0108','0'), ('BCD','PRP-0109','0'), ('BCD','PRP-0110','0'), ('BCD','PRP-0111','0'), ('BCD','PRP-0112','0'), ('BCD','PRP-0113','0'), ('BCD','PRP-0114','0'), ('BCD','PRP-0115','0'), ('BCD','PRP-0116','0'), ('BCD','PRP-0117','0'), ('BCD','PRP-0118','0'), ('BCD','PRP-0119','0'), ('BCD','PRP-0120','0'), ('BCD','PRP-0121','0'), ('BCD','PRP-0122','0'), ('BCD','PRP-0123','0'), ('BCD','PRP-0124','0'), ('BCD','PRP-0125','0'), ('BCD','PRP-0126','0'), ('BCD','PRP-0127','0'), ('BCD','PRP-0128','0'), ('BCD','PRP-0129','0'), ('BCD','PRP-0130','0'), ('BCD','PRP-0131','0'), ('BCD','PRP-0132','0'), ('BCD','PRP-0133','0'), ('BCD','PRP-0134','0'), ('BCD','PRP-0135','0'), ('BCD','PRP-0136','0'), ('BCD','PRP-0137','0'), ('BCD','PRP-0138','0'), ('BCD','PRP-0139','0'), ('BCD','PRP-0140','0'), ('BCD','PRP-0141','0'), ('BCD','PRP-0142','0'), ('BCD','PRP-0143','0'), ('BCD','PRP-0144','0'), ('BCD','PRP-0145','0'), ('BCD','PRP-0146','0'), ('BCD','PRP-0147','0'), ('BCD','PRP-0148','0'), ('BCD','PRP-0149','0'), ('BCD','PRP-0150','0'), ('BCD','PRP-0151','0'), ('BCD','PRP-0152','0'), ('BCD','PRP-0153','0'), ('BCD','PRP-0154','0'), ('BCD','PRP-0155','0'), ('BCD','PRP-0156','0'), ('BCD','PRP-0157','0'), ('BCD','PRP-0158','0'), ('BCD','PRP-0159','0'), ('BCD','PRP-0160','0'), ('BCD','PRP-0161','0'), ('BCD','PRP-0162','0'), ('BCD','PRP-0163','0'), ('BCD','PRP-0164','0'), ('BCD','PRP-0165','0'), ('BCD','PRP-0166','0'), ('BCD','PRP-0167','0'), ('BCD','PRP-0168','0'), ('BCD','PRP-0169','0'), ('BCD','PRP-0170','0'), ('BCD','PRP-0171','0'), ('BCD','PRP-0172','0'), ('BCD','PRP-0173','0'), ('BCD','PRP-0174','0'), ('BCD','PRP-0175','0'), ('BCD','PRP-0176','0'), ('BCD','PRP-0177','0'), ('BCD','PRP-0178','0'), ('BCD','PRP-0179','0'), ('BCD','PRP-0180','0'), ('BCD','PRP-0181','0'), ('BCD','PRP-0182','0'), ('BCD','PRP-0183','0'), ('BCD','PRP-0184','0');
INSERT INTO `0_loc_stock` VALUES ('BCD','PRP-0185','0'), ('BCD','PRP-0186','0'), ('BCD','PRP-0187','0'), ('BCD','PRP-0188','0'), ('BCD','PRP-0189','0'), ('BCD','PRP-0190','0'), ('BCD','PRP-0191','0'), ('BCD','PRP-0192','0'), ('BCD','PRP-0193','0'), ('BCD','PRP-0194','0'), ('BCD','PRP-0195','0'), ('BCD','PRP-0196','0'), ('BCD','PRP-0197','0'), ('BCD','PRP-0198','0'), ('BCD','PRP-0199','0'), ('BCD','PRP-0200','0'), ('BCD','PRP-0201','0'), ('BCD','PRP-0202','0'), ('BCD','PRP-0203','0'), ('BCD','PRP-0204','0'), ('BCD','PRP-0205','0'), ('BCD','PRP-0206','0'), ('BCD','PRP-0207','0'), ('BCD','PRP-0208','0'), ('BCD','PRP-0209','0'), ('BCD','PRP-0210','0'), ('BCD','PRP-0211','0'), ('BCD','PRP-0212','0'), ('BCD','PRP-0213','0'), ('BCD','PRP-0214','0'), ('BCD','PRP-0215','0'), ('BCD','PRP-0216','0'), ('BCD','PRP-0217','0'), ('BCD','PRP-0218','0'), ('BCD','PRP-0219','0'), ('BCD','PRP-0220','0'), ('BCD','PRP-0221','0'), ('BCD','PRP-0222','0'), ('BCD','PRP-0223','0'), ('BCD','PRP-0224','0'), ('BCD','PRP-0225','0'), ('BCD','PRP-0226','0'), ('BCD','PRP-0227','0'), ('BCD','PRP-0228','0'), ('BCD','PRP-0229','0'), ('BCD','PRP-0230','0'), ('BCD','PRP-0231','0'), ('BCD','PRP-0232','0'), ('BCD','PRP-0233','0'), ('BCD','PRP-0234','0'), ('BCD','PRP-0235','0'), ('BCD','PRP-0236','0'), ('BCD','PRP-0237','0'), ('BCD','PRP-0238','0'), ('BCD','PRP-0239','0'), ('BCD','PRP-0240','0'), ('BCD','PRP-0241','0'), ('BCD','PRP-0242','0'), ('BCD','PRP-0243','0'), ('BCD','PRP-0244','0'), ('BCD','PRP-0245','0'), ('BCD','PRP-0246','0'), ('BCD','PRP-0247','0'), ('BCD','PRP-0248','0'), ('BCD','PRP-0249','0'), ('BCD','PRP-0250','0'), ('BCD','PRP-0251','0'), ('BCD','PRP-0252','0'), ('BCD','PRP-0253','0'), ('BCD','PRP-0254','0'), ('BCD','PRP-0255','0'), ('BCD','PRP-0256','0'), ('BCD','PRP-0257','0'), ('BCD','PRP-0258','0'), ('BCD','PRP-0259','0'), ('BCD','PRP-0260','0'), ('BCD','PRP-0261','0'), ('BCD','PRP-0262','0'), ('BCD','PRP-0263','0'), ('BCD','PRP-0264','0'), ('BCD','PRP-0265','0'), ('BCD','PRP-0266','0'), ('BCD','PRP-0267','0'), ('BCD','PRP-0268','0'), ('BCD','PRP-0269','0'), ('BCD','PRP-0270','0'), ('BCD','PRP-0271','0'), ('BCD','PRP-0272','0'), ('BCD','PRP-0273','0'), ('BCD','PRP-0274','0'), ('BCD','PRP-0275','0'), ('BCD','PRP-0276','0'), ('BCD','PRP-0277','0'), ('BCD','PRP-0278','0'), ('BCD','PRP-0279','0'), ('BCD','PRP-0280','0'), ('BCD','PRP-0281','0'), ('BCD','PRP-0282','0'), ('BCD','PRP-0283','0'), ('BCD','PRT-0001','0');
INSERT INTO `0_loc_stock` VALUES ('BCD','PRT-0002','0'), ('BCD','PRT-0003','0'), ('BCD','PRT-0004','0'), ('BCD','PRT-0005','0'), ('BCD','PRT-0006','0'), ('BCD','PRT-0007','0'), ('BCD','PRT-0008','0'), ('BCD','PRT-0009','0'), ('BCD','PRT-0010','0'), ('BCD','PRT-0011','0'), ('BCD','PRT-0012','0'), ('BCD','TNR-0001','0'), ('BCD','TNR-0002','0'), ('BCD','TNR-0003','0'), ('BCD','TNR-0004','0'), ('BCD','TNR-0005','0'), ('BCD','TNR-0006','0'), ('BCD','TNR-0010','0'), ('BCD','TNR-0011','0'), ('BCD','TNR-0012','0'), ('BCD','TNR-0013','0'), ('BCD','TNR-0014','0'), ('BCD','TNR-0015','0'), ('BCD','TNR-0016','0'), ('BCD','TNR-0017','0'), ('BCD','TNR-0018','0'), ('BCD','TNR-0019','0'), ('BCD','TNR-0020','0'), ('BCD','TNR-0021','0'), ('BCD','TNR-0022','0'), ('BCD','TNR-0023','0'), ('BCD','TNR-0024','0'), ('BCD','TNR-0025','0'), ('BCD','TNR-0026','0'), ('BCD','TNR-0027','0'), ('BCD','TNR-0028','0'), ('BCD','TNR-0029','0'), ('BCD','TNR-0030','0'), ('BCD','TNR-0031','0'), ('BCD','TNR-0032','0'), ('BCD','TNR-0033','0'), ('BCD','TNR-0034','0'), ('BCD','TNR-0035','0'), ('BCD','TNR-0036','0'), ('BCD','TNR-0037','0'), ('BCD','TNR-0038','0'), ('BCD','TNR-0039','0'), ('BCD','TNR-0040','0'), ('BCD','TNR-0041','0'), ('BCD','TNR-0042','0'), ('BCD','TNR-0043','0'), ('BCD','TNR-0044','0'), ('BCD','TNR-0045','0'), ('BCD','TNR-0046','0'), ('BCD','TNR-0047','0'), ('BCD','TNR-0048','0'), ('BCD','TNR-0049','0'), ('BCD','TNR-0050','0'), ('BCD','TNR-0051','0'), ('BCD','TNR-0052','0'), ('BCD','TNR-0053','0'), ('BCD','TNR-0054','0'), ('BCD','TNR-0055','0'), ('BCD','TNR-0056','0'), ('BCD','TNR-0057','0'), ('BCD','TNR-0058','0'), ('BCD','TNR-0059','0'), ('BCD','TNR-0060','0'), ('BCD','TNR-0061','0'), ('BCD','TNR-0062','0'), ('BCD','TNR-0063','0'), ('BCD','TNR-0064','0'), ('BCD','TNR-0065','0'), ('BCD','TNR-0066','0'), ('BCD','TNR-0067','0'), ('BCD','TNR-0068','0'), ('BCD','TNR-0069','0'), ('BCD','TNR-007','0'), ('BCD','TNR-0070','0'), ('BCD','TNR-0071','0'), ('BCD','TNR-0072','0'), ('BCD','TNR-0073','0'), ('BCD','TNR-0074','0'), ('BCD','TNR-0075','0'), ('BCD','TNR-0076','0'), ('BCD','TNR-0077','0'), ('BCD','TNR-0078','0'), ('BCD','TNR-0079','0'), ('BCD','TNR-008','0'), ('BCD','TNR-0080','0'), ('BCD','TNR-0081','0'), ('BCD','TNR-0082','0'), ('BCD','TNR-0083','0'), ('BCD','TNR-0084','0'), ('BCD','TNR-0085','0'), ('BCD','TNR-0086','0'), ('BCD','TNR-0087','0'), ('BCD','TNR-0088','0'), ('BCD','TNR-0089','0'), ('BCD','TNR-009','0');
INSERT INTO `0_loc_stock` VALUES ('BCD','TNR-0090','0'), ('BCD','TNR-0091','0'), ('BCD','TNR-0092','0'), ('BCD','TNR-0093','0'), ('BCD','TNR-0094','0'), ('BCD','TNR-0095','0'), ('BCD','TNR-0096','0'), ('BCD','TNR-0097','0'), ('BCD','TNR-0098','0'), ('BCD','TNR-0099','0'), ('BCD','TNR-0100','0'), ('BCD','TNR-0101','0'), ('BCD','TNR-0102','0'), ('BCD','TNR-0103','0'), ('BCD','TNR-0104','0'), ('BCD','TNR-0105','0'), ('BCD','TNR-0106','0'), ('BCD','TNR-0107','0'), ('BCD','TNR-0108','0'), ('BCD','TNR-0109','0'), ('BCD','TNR-0110','0'), ('BCD','TNR-0111','0'), ('BCD','TNR-0112','0'), ('CDO','EMP-0001','0'), ('CDO','EMP-0002','0'), ('CDO','EMP-0003','0'), ('CDO','EMP-0004','0'), ('CDO','EMP-0005','0'), ('CDO','EMP-0006','0'), ('CDO','EMP-0007','0'), ('CDO','EMP-0008','0'), ('CDO','EMP-0009','0'), ('CDO','EMP-0010','0'), ('CDO','EMP-0011','0'), ('CDO','EMP-0012','0'), ('CDO','EMP-0013','0'), ('CDO','EMP-0014','0'), ('CDO','EMP-0015','0'), ('CDO','EMP-0016','0'), ('CDO','EMP-0017','0'), ('CDO','EMP-0018','0'), ('CDO','EMP-0019','0'), ('CDO','EMP-0020','0'), ('CDO','EMP-0021','0'), ('CDO','EMP-0022','0'), ('CDO','EMP-0023','0'), ('CDO','EMP-0024','0'), ('CDO','EMP-0025','0'), ('CDO','EMP-0026','0'), ('CDO','EMP-0027','0'), ('CDO','EMP-0028','0'), ('CDO','EMP-0029','0'), ('CDO','EMP-0030','0'), ('CDO','EMP-0031','0'), ('CDO','EMP-0032','0'), ('CDO','EMP-0033','0'), ('CDO','EMP-0034','0'), ('CDO','EMP-0035','0'), ('CDO','EMP-0036','0'), ('CDO','EMP-0037','0'), ('CDO','EMP-0038','0'), ('CDO','EMP-0039','0'), ('CDO','EMP-0040','0'), ('CDO','EMP-0041','0'), ('CDO','EMP-0042','0'), ('CDO','EMP-0043','0'), ('CDO','EMP-0044','0'), ('CDO','EMP-0045','0'), ('CDO','EMP-0046','0'), ('CDO','EMP-0047','0'), ('CDO','EMP-0048','0'), ('CDO','EMP-0049','0'), ('CDO','EMP-0050','0'), ('CDO','EMP-0051','0'), ('CDO','EMP-0052','0'), ('CDO','EMP-0053','0'), ('CDO','EMP-0054','0'), ('CDO','EMP-0055','0'), ('CDO','EMP-0056','0'), ('CDO','EMP-0057','0'), ('CDO','EMP-0058','0'), ('CDO','EMP-0059','0'), ('CDO','EMP-0060','0'), ('CDO','EMP-0061','0'), ('CDO','EMP-0062','0'), ('CDO','EMP-0063','0'), ('CDO','EMP-0064','0'), ('CDO','EMP-0065','0'), ('CDO','EMP-0066','0'), ('CDO','EMP-0067','0'), ('CDO','EMP-0068','0'), ('CDO','EMP-0069','0'), ('CDO','EMP-0070','0'), ('CDO','EMP-0071','0'), ('CDO','EMP-0072','0'), ('CDO','EMP-0073','0'), ('CDO','EMP-0074','0'), ('CDO','EMP-0075','0'), ('CDO','EMP-0076','0'), ('CDO','EMP-0077','0');
INSERT INTO `0_loc_stock` VALUES ('CDO','EMP-0078','0'), ('CDO','EMP-0079','0'), ('CDO','EMP-0080','0'), ('CDO','EMP-0081','0'), ('CDO','EMP-0082','0'), ('CDO','EMP-0083','0'), ('CDO','EMP-0084','0'), ('CDO','EMP-0085','0'), ('CDO','EMP-0086','0'), ('CDO','EMP-0087','0'), ('CDO','EMP-0088','0'), ('CDO','EMP-0089','0'), ('CDO','EMP-0090','0'), ('CDO','EMP-0091','0'), ('CDO','EMP-0092','0'), ('CDO','EMP-0093','0'), ('CDO','EMP-0094','0'), ('CDO','EMP-0095','0'), ('CDO','EMP-0096','0'), ('CDO','EMP-0097','0'), ('CDO','EMP-0098','0'), ('CDO','EMP-0099','0'), ('CDO','EMP-0100','0'), ('CDO','EMP-0101','0'), ('CDO','EMP-0102','0'), ('CDO','EMP-0103','0'), ('CDO','EMP-0104','0'), ('CDO','EMP-0105','0'), ('CDO','EMP-0106','0'), ('CDO','EMP-0107','0'), ('CDO','EMP-0108','0'), ('CDO','EMP-0109','0'), ('CDO','EMP-0110','0'), ('CDO','EMP-0111','0'), ('CDO','EMP-0112','0'), ('CDO','EMP-0113','0'), ('CDO','EMP-0114','0'), ('CDO','EMP-0115','0'), ('CDO','EMP-0116','0'), ('CDO','EMP-0117','0'), ('CDO','EMP-0118','0'), ('CDO','EMP-0119','0'), ('CDO','EMP-0120','0'), ('CDO','EMP-0121','0'), ('CDO','EMP-0122','0'), ('CDO','EMP-0123','0'), ('CDO','EMP-0124','0'), ('CDO','EMP-0125','0'), ('CDO','EMP-0126','0'), ('CDO','EMP-0127','0'), ('CDO','EMP-0128','0'), ('CDO','EMP-0129','0'), ('CDO','EMP-0130','0'), ('CDO','EMP-0131','0'), ('CDO','EMP-0132','0'), ('CDO','EMP-0133','0'), ('CDO','EMP-0134','0'), ('CDO','EMP-0135','0'), ('CDO','EMP-0136','0'), ('CDO','EMP-0137','0'), ('CDO','EMP-0138','0'), ('CDO','EMP-0139','0'), ('CDO','EMP-0140','0'), ('CDO','EMP-0141','0'), ('CDO','PRM-0001','0'), ('CDO','PRM-0002','0'), ('CDO','PRM-0003','0'), ('CDO','PRM-0004','0'), ('CDO','PRM-0005','0'), ('CDO','PRM-0006','0'), ('CDO','PRM-0007','0'), ('CDO','PRM-0008','0'), ('CDO','PRM-0009','0'), ('CDO','PRM-0010','0'), ('CDO','PRM-0011','0'), ('CDO','PRM-0012','0'), ('CDO','PRM-0015','0'), ('CDO','PRM-0016','0'), ('CDO','PRM-0017','0'), ('CDO','PRM-0018','0'), ('CDO','PRM-0019','0'), ('CDO','PRM-0020','0'), ('CDO','PRM-0021','0'), ('CDO','PRM-0022','0'), ('CDO','PRM-0023','0'), ('CDO','PRM-0025','0'), ('CDO','PRM-0026','0'), ('CDO','PRM-0027','0'), ('CDO','PRM-0028','0'), ('CDO','PRM-0029','0'), ('CDO','PRM-0030','0'), ('CDO','PRM-0031','0'), ('CDO','PRM-0032','0'), ('CDO','PRM-0033','0'), ('CDO','PRM-0034','0'), ('CDO','PRM-0035','0'), ('CDO','PRM-0036','0'), ('CDO','PRM-0037','0'), ('CDO','PRM-0038','0'), ('CDO','PRM-0039','0');
INSERT INTO `0_loc_stock` VALUES ('CDO','PRM-0040','0'), ('CDO','PRM-0041','0'), ('CDO','PRM-0042','0'), ('CDO','PRM-0043','0'), ('CDO','PRM-0044','0'), ('CDO','PRM-0045','0'), ('CDO','PRM-0046','0'), ('CDO','PRM-0047','0'), ('CDO','PRM-0048','0'), ('CDO','PRM-0049','0'), ('CDO','PRM-0050','0'), ('CDO','PRM-0052','0'), ('CDO','PRM-0053','0'), ('CDO','PRM-0054','0'), ('CDO','PRM-0055','0'), ('CDO','PRM-0056','0'), ('CDO','PRM-0057','0'), ('CDO','PRM-0058','0'), ('CDO','PRM-0059','0'), ('CDO','PRM-0060','0'), ('CDO','PRM-0061','0'), ('CDO','PRM-0062','0'), ('CDO','PRM-0063','0'), ('CDO','PRM-0064','0'), ('CDO','PRM-0065','0'), ('CDO','PRM-0066','0'), ('CDO','PRM-0067','0'), ('CDO','PRM-0068','0'), ('CDO','PRM-0069','0'), ('CDO','PRM-0070','0'), ('CDO','PRM-0071','0'), ('CDO','PRM-0072','0'), ('CDO','PRM-0073','0'), ('CDO','PRM-0074','0'), ('CDO','PRM-0075','0'), ('CDO','PRM-0076','0'), ('CDO','PRM-0077','0'), ('CDO','PRM-0078','0'), ('CDO','PRM-0079','0'), ('CDO','PRM-0080','0'), ('CDO','PRM-0081','0'), ('CDO','PRM-0082','0'), ('CDO','PRM-0083','0'), ('CDO','PRM-0084','0'), ('CDO','PRM-0085','0'), ('CDO','PRM-0086','0'), ('CDO','PRM-0087','0'), ('CDO','PRM-0088','0'), ('CDO','PRM-0089','0'), ('CDO','PRM-0090','0'), ('CDO','PRM-0091','0'), ('CDO','PRM-0092','0'), ('CDO','PRM-0093','0'), ('CDO','PRM-0094','0'), ('CDO','PRM-0095','0'), ('CDO','PRM-0096','0'), ('CDO','PRM-0097','0'), ('CDO','PRM-0098','0'), ('CDO','PRM-0099','0'), ('CDO','PRM-0102','0'), ('CDO','PRM-0103','0'), ('CDO','PRM-0104','0'), ('CDO','PRM-0105','0'), ('CDO','PRM-0106','0'), ('CDO','PRM-0107','0'), ('CDO','PRM-0108','0'), ('CDO','PRM-0109','0'), ('CDO','PRM-0110','0'), ('CDO','PRM-0111','0'), ('CDO','PRM-0112','0'), ('CDO','PRM-0113','0'), ('CDO','PRM-0114','0'), ('CDO','PRM-0115','0'), ('CDO','PRM-0116','0'), ('CDO','PRM-0117','0'), ('CDO','PRM-0118','0'), ('CDO','PRM-0119','0'), ('CDO','PRM-0120','0'), ('CDO','PRM-0121','0'), ('CDO','PRM-0122','0'), ('CDO','PRM-0123','0'), ('CDO','PRM-0124','0'), ('CDO','PRM-0125','0'), ('CDO','PRM-0126','0'), ('CDO','PRM-0127','0'), ('CDO','PRM-0128','0'), ('CDO','PRM-0129','0'), ('CDO','PRM-0130','0'), ('CDO','PRM-0131','0'), ('CDO','PRM-0132','0'), ('CDO','PRM-0133','0'), ('CDO','PRM-0134','0'), ('CDO','PRM-0135','0'), ('CDO','PRM-0136','0'), ('CDO','PRM-0137','0'), ('CDO','PRM-0138','0'), ('CDO','PRM-0139','0'), ('CDO','PRM-0140','0'), ('CDO','PRM-0141','0'), ('CDO','PRM-0142','0');
INSERT INTO `0_loc_stock` VALUES ('CDO','PRM-0143','0'), ('CDO','PRM-0144','0'), ('CDO','PRM-0145','0'), ('CDO','PRM-0146','0'), ('CDO','PRM-0147','0'), ('CDO','PRM-0148','0'), ('CDO','PRM-0149','0'), ('CDO','PRM-0150','0'), ('CDO','PRM-0151','0'), ('CDO','PRM-0152','0'), ('CDO','PRM-0153','0'), ('CDO','PRM-0154','0'), ('CDO','PRM-0155','0'), ('CDO','PRM-0156','0'), ('CDO','PRM-0157','0'), ('CDO','PRM-0158','0'), ('CDO','PRM-0159','0'), ('CDO','PRM-0160','0'), ('CDO','PRM-0161','0'), ('CDO','PRM-0162','0'), ('CDO','PRM-0163','0'), ('CDO','PRM-0164','0'), ('CDO','PRM-0165','0'), ('CDO','PRM-0166','0'), ('CDO','PRM-0167','0'), ('CDO','PRM-0168','0'), ('CDO','PRM-0169','0'), ('CDO','PRM-0170','0'), ('CDO','PRM-0171','0'), ('CDO','PRM-0172','0'), ('CDO','PRM-0173','0'), ('CDO','PRM-0174','0'), ('CDO','PRM-0175','0'), ('CDO','PRM-0176','0'), ('CDO','PRM-0177','0'), ('CDO','PRM-0178','0'), ('CDO','PRM-0179','0'), ('CDO','PRM-0180','0'), ('CDO','PRM-0181','0'), ('CDO','PRM-0182','0'), ('CDO','PRM-0183','0'), ('CDO','PRM-0184','0'), ('CDO','PRM-0185','0'), ('CDO','PRM-0186','0'), ('CDO','PRM-0187','0'), ('CDO','PRM-0188','0'), ('CDO','PRM-0189','0'), ('CDO','PRM-0190','0'), ('CDO','PRM-0191','0'), ('CDO','PRM-0192','0'), ('CDO','PRM-0193','0'), ('CDO','PRM-0194','0'), ('CDO','PRM-0195','0'), ('CDO','PRM-0196','0'), ('CDO','PRM-0197','0'), ('CDO','PRM-0198','0'), ('CDO','PRM-0199','0'), ('CDO','PRM-0200','0'), ('CDO','PRM-0201','0'), ('CDO','PRM-0202','0'), ('CDO','PRM-0203','0'), ('CDO','PRM-0204','0'), ('CDO','PRM-0205','0'), ('CDO','PRM-0206','0'), ('CDO','PRM-0207','0'), ('CDO','PRM-0208','0'), ('CDO','PRM-0209','0'), ('CDO','PRM-0210','0'), ('CDO','PRM-0211','0'), ('CDO','PRM-0212','0'), ('CDO','PRM-0213','0'), ('CDO','PRM-0214','0'), ('CDO','PRM-0215','0'), ('CDO','PRM-0216','0'), ('CDO','PRM-0217','0'), ('CDO','PRM-0218','0'), ('CDO','PRM-0219','0'), ('CDO','PRM-0220','0'), ('CDO','PRM-0221','0'), ('CDO','PRM-0222','0'), ('CDO','PRM-0223','0'), ('CDO','PRM-0224','0'), ('CDO','PRM-0225','0'), ('CDO','PRM-0226','0'), ('CDO','PRM-0227','0'), ('CDO','PRM-0228','0'), ('CDO','PRM-0229','0'), ('CDO','PRM-0230','0'), ('CDO','PRM-0231','0'), ('CDO','PRM-0232','0'), ('CDO','PRM-0233','0'), ('CDO','PRM-0234','0'), ('CDO','PRM-0235','0'), ('CDO','PRM-0236','0'), ('CDO','PRM-0237','0'), ('CDO','PRM-0238','0'), ('CDO','PRM-0239','0'), ('CDO','PRM-0240','0'), ('CDO','PRM-0241','0'), ('CDO','PRM-0242','0');
INSERT INTO `0_loc_stock` VALUES ('CDO','PRM-0243','0'), ('CDO','PRM-0244','0'), ('CDO','PRM-0245','0'), ('CDO','PRM-0246','0'), ('CDO','PRM-0247','0'), ('CDO','PRM-0248','0'), ('CDO','PRM-0249','0'), ('CDO','PRM-0250','0'), ('CDO','PRM-0251','0'), ('CDO','PRM-0252','0'), ('CDO','PRM-0253','0'), ('CDO','PRM-0254','0'), ('CDO','PRM-0255','0'), ('CDO','PRM-0256','0'), ('CDO','PRM-0257','0'), ('CDO','PRM-0258','0'), ('CDO','PRM-0259','0'), ('CDO','PRM-0260','0'), ('CDO','PRM-0261','0'), ('CDO','PRM-0262','0'), ('CDO','PRM-0263','0'), ('CDO','PRM-0264','0'), ('CDO','PRM-0265','0'), ('CDO','PRM-0266','0'), ('CDO','PRM-0267','0'), ('CDO','PRM-0268','0'), ('CDO','PRM-0269','0'), ('CDO','PRM-0270','0'), ('CDO','PRM-0271','0'), ('CDO','PRM-0272','0'), ('CDO','PRM-0273','0'), ('CDO','PRM-0274','0'), ('CDO','PRM-0275','0'), ('CDO','PRM-0276','0'), ('CDO','PRM-0277','0'), ('CDO','PRM-0278','0'), ('CDO','PRM-0279','0'), ('CDO','PRM-0280','0'), ('CDO','PRM-0281','0'), ('CDO','PRM-0282','0'), ('CDO','PRM-0283','0'), ('CDO','PRM-0284','0'), ('CDO','PRM-0285','0'), ('CDO','PRM-0286','0'), ('CDO','PRM-0287','0'), ('CDO','PRM-0288','0'), ('CDO','PRM-0289','0'), ('CDO','PRM-0290','0'), ('CDO','PRM-0291','0'), ('CDO','PRM-0292','0'), ('CDO','PRM-0293','0'), ('CDO','PRM-0294','0'), ('CDO','PRM-0295','0'), ('CDO','PRM-0296','0'), ('CDO','PRM-0297','0'), ('CDO','PRM-0298','0'), ('CDO','PRM-0299','0'), ('CDO','PRM-0300','0'), ('CDO','PRM-0301','0'), ('CDO','PRM-0302','0'), ('CDO','PRM-0303','0'), ('CDO','PRM-0304','0'), ('CDO','PRM-0305','0'), ('CDO','PRM-0306','0'), ('CDO','PRM-0307','0'), ('CDO','PRM-0308','0'), ('CDO','PRM-0309','0'), ('CDO','PRM-0310','0'), ('CDO','PRM-0311','0'), ('CDO','PRM-0312','0'), ('CDO','PRM-0313','0'), ('CDO','PRM-0314','0'), ('CDO','PRM-0315','0'), ('CDO','PRM-0316','0'), ('CDO','PRM-0317','0'), ('CDO','PRM-0318','0'), ('CDO','PRM-0319','0'), ('CDO','PRM-0320','0'), ('CDO','PRM-0321','0'), ('CDO','PRM-0322','0'), ('CDO','PRM-0323','0'), ('CDO','PRM-0324','0'), ('CDO','PRM-0325','0'), ('CDO','PRM-0326','0'), ('CDO','PRM-0327','0'), ('CDO','PRM-0328','0'), ('CDO','PRM-0329','0'), ('CDO','PRM-0330','0'), ('CDO','PRM-0331','0'), ('CDO','PRM-0332','0'), ('CDO','PRM-0333','0'), ('CDO','PRM-0334','0'), ('CDO','PRM-0335','0'), ('CDO','PRM-0336','0'), ('CDO','PRM-0337','0'), ('CDO','PRM-0338','0'), ('CDO','PRM-0339','0'), ('CDO','PRM-0340','0'), ('CDO','PRM-0341','0'), ('CDO','PRM-0342','0');
INSERT INTO `0_loc_stock` VALUES ('CDO','PRM-0343','0'), ('CDO','PRM-0344','0'), ('CDO','PRM-0345','0'), ('CDO','PRM-0346','0'), ('CDO','PRM-0347','0'), ('CDO','PRM-0348','0'), ('CDO','PRM-0349','0'), ('CDO','PRM-0350','0'), ('CDO','PRM-0351','0'), ('CDO','PRM-0352','0'), ('CDO','PRM-0353','0'), ('CDO','PRM-0354','0'), ('CDO','PRM-0355','0'), ('CDO','PRM-0356','0'), ('CDO','PRM-0357','0'), ('CDO','PRM-0358','0'), ('CDO','PRM-0359','0'), ('CDO','PRM-0360','0'), ('CDO','PRM-0361','0'), ('CDO','PRM-0362','0'), ('CDO','PRM-0363','0'), ('CDO','PRM-0364','0'), ('CDO','PRM-0365','0'), ('CDO','PRM-0366','0'), ('CDO','PRM-0367','0'), ('CDO','PRM-0368','0'), ('CDO','PRM-0369','0'), ('CDO','PRM-0370','0'), ('CDO','PRM-0371','0'), ('CDO','PRM-0372','0'), ('CDO','PRM-0373','0'), ('CDO','PRM-0374','0'), ('CDO','PRM-0375','0'), ('CDO','PRM-0376','0'), ('CDO','PRM-0377','0'), ('CDO','PRM-0378','0'), ('CDO','PRM-0379','0'), ('CDO','PRM-100','0'), ('CDO','PRM-101','0'), ('CDO','PRP-0001','0'), ('CDO','PRP-0002','0'), ('CDO','PRP-0003','0'), ('CDO','PRP-0004','0'), ('CDO','PRP-0005','0'), ('CDO','PRP-0006','0'), ('CDO','PRP-0007','0'), ('CDO','PRP-0008','0'), ('CDO','PRP-0009','0'), ('CDO','PRP-0010','0'), ('CDO','PRP-0011','0'), ('CDO','PRP-0012','0'), ('CDO','PRP-0013','0'), ('CDO','PRP-0014','0'), ('CDO','PRP-0015','0'), ('CDO','PRP-0016','0'), ('CDO','PRP-0017','0'), ('CDO','PRP-0018','0'), ('CDO','PRP-0019','0'), ('CDO','PRP-0020','0'), ('CDO','PRP-0021','0'), ('CDO','PRP-0022','0'), ('CDO','PRP-0023','0'), ('CDO','PRP-0024','0'), ('CDO','PRP-0025','0'), ('CDO','PRP-0026','0'), ('CDO','PRP-0027','0'), ('CDO','PRP-0028','0'), ('CDO','PRP-0029','0'), ('CDO','PRP-0030','0'), ('CDO','PRP-0031','0'), ('CDO','PRP-0032','0'), ('CDO','PRP-0033','0'), ('CDO','PRP-0034','0'), ('CDO','PRP-0035','0'), ('CDO','PRP-0036','0'), ('CDO','PRP-0037','0'), ('CDO','PRP-0038','0'), ('CDO','PRP-0039','0'), ('CDO','PRP-0040','0'), ('CDO','PRP-0041','0'), ('CDO','PRP-0042','0'), ('CDO','PRP-0043','0'), ('CDO','PRP-0044','0'), ('CDO','PRP-0045','0'), ('CDO','PRP-0046','0'), ('CDO','PRP-0047','0'), ('CDO','PRP-0048','0'), ('CDO','PRP-0049','0'), ('CDO','PRP-0050','0'), ('CDO','PRP-0051','0'), ('CDO','PRP-0052','0'), ('CDO','PRP-0053','0'), ('CDO','PRP-0054','0'), ('CDO','PRP-0055','0'), ('CDO','PRP-0056','0'), ('CDO','PRP-0057','0'), ('CDO','PRP-0058','0'), ('CDO','PRP-0059','0'), ('CDO','PRP-0060','0'), ('CDO','PRP-0061','0');
INSERT INTO `0_loc_stock` VALUES ('CDO','PRP-0062','0'), ('CDO','PRP-0063','0'), ('CDO','PRP-0064','0'), ('CDO','PRP-0065','0'), ('CDO','PRP-0066','0'), ('CDO','PRP-0067','0'), ('CDO','PRP-0068','0'), ('CDO','PRP-0069','0'), ('CDO','PRP-0070','0'), ('CDO','PRP-0071','0'), ('CDO','PRP-0072','0'), ('CDO','PRP-0073','0'), ('CDO','PRP-0074','0'), ('CDO','PRP-0075','0'), ('CDO','PRP-0076','0'), ('CDO','PRP-0077','0'), ('CDO','PRP-0078','0'), ('CDO','PRP-0079','0'), ('CDO','PRP-0080','0'), ('CDO','PRP-0081','0'), ('CDO','PRP-0082','0'), ('CDO','PRP-0083','0'), ('CDO','PRP-0084','0'), ('CDO','PRP-0085','0'), ('CDO','PRP-0086','0'), ('CDO','PRP-0087','0'), ('CDO','PRP-0088','0'), ('CDO','PRP-0089','0'), ('CDO','PRP-0090','0'), ('CDO','PRP-0091','0'), ('CDO','PRP-0092','0'), ('CDO','PRP-0093','0'), ('CDO','PRP-0094','0'), ('CDO','PRP-0095','0'), ('CDO','PRP-0096','0'), ('CDO','PRP-0097','0'), ('CDO','PRP-0098','0'), ('CDO','PRP-0099','0'), ('CDO','PRP-0100','0'), ('CDO','PRP-0101','0'), ('CDO','PRP-0102','0'), ('CDO','PRP-0103','0'), ('CDO','PRP-0104','0'), ('CDO','PRP-0105','0'), ('CDO','PRP-0106','0'), ('CDO','PRP-0107','0'), ('CDO','PRP-0108','0'), ('CDO','PRP-0109','0'), ('CDO','PRP-0110','0'), ('CDO','PRP-0111','0'), ('CDO','PRP-0112','0'), ('CDO','PRP-0113','0'), ('CDO','PRP-0114','0'), ('CDO','PRP-0115','0'), ('CDO','PRP-0116','0'), ('CDO','PRP-0117','0'), ('CDO','PRP-0118','0'), ('CDO','PRP-0119','0'), ('CDO','PRP-0120','0'), ('CDO','PRP-0121','0'), ('CDO','PRP-0122','0'), ('CDO','PRP-0123','0'), ('CDO','PRP-0124','0'), ('CDO','PRP-0125','0'), ('CDO','PRP-0126','0'), ('CDO','PRP-0127','0'), ('CDO','PRP-0128','0'), ('CDO','PRP-0129','0'), ('CDO','PRP-0130','0'), ('CDO','PRP-0131','0'), ('CDO','PRP-0132','0'), ('CDO','PRP-0133','0'), ('CDO','PRP-0134','0'), ('CDO','PRP-0135','0'), ('CDO','PRP-0136','0'), ('CDO','PRP-0137','0'), ('CDO','PRP-0138','0'), ('CDO','PRP-0139','0'), ('CDO','PRP-0140','0'), ('CDO','PRP-0141','0'), ('CDO','PRP-0142','0'), ('CDO','PRP-0143','0'), ('CDO','PRP-0144','0'), ('CDO','PRP-0145','0'), ('CDO','PRP-0146','0'), ('CDO','PRP-0147','0'), ('CDO','PRP-0148','0'), ('CDO','PRP-0149','0'), ('CDO','PRP-0150','0'), ('CDO','PRP-0151','0'), ('CDO','PRP-0152','0'), ('CDO','PRP-0153','0'), ('CDO','PRP-0154','0'), ('CDO','PRP-0155','0'), ('CDO','PRP-0156','0'), ('CDO','PRP-0157','0'), ('CDO','PRP-0158','0'), ('CDO','PRP-0159','0'), ('CDO','PRP-0160','0'), ('CDO','PRP-0161','0');
INSERT INTO `0_loc_stock` VALUES ('CDO','PRP-0162','0'), ('CDO','PRP-0163','0'), ('CDO','PRP-0164','0'), ('CDO','PRP-0165','0'), ('CDO','PRP-0166','0'), ('CDO','PRP-0167','0'), ('CDO','PRP-0168','0'), ('CDO','PRP-0169','0'), ('CDO','PRP-0170','0'), ('CDO','PRP-0171','0'), ('CDO','PRP-0172','0'), ('CDO','PRP-0173','0'), ('CDO','PRP-0174','0'), ('CDO','PRP-0175','0'), ('CDO','PRP-0176','0'), ('CDO','PRP-0177','0'), ('CDO','PRP-0178','0'), ('CDO','PRP-0179','0'), ('CDO','PRP-0180','0'), ('CDO','PRP-0181','0'), ('CDO','PRP-0182','0'), ('CDO','PRP-0183','0'), ('CDO','PRP-0184','0'), ('CDO','PRP-0185','0'), ('CDO','PRP-0186','0'), ('CDO','PRP-0187','0'), ('CDO','PRP-0188','0'), ('CDO','PRP-0189','0'), ('CDO','PRP-0190','0'), ('CDO','PRP-0191','0'), ('CDO','PRP-0192','0'), ('CDO','PRP-0193','0'), ('CDO','PRP-0194','0'), ('CDO','PRP-0195','0'), ('CDO','PRP-0196','0'), ('CDO','PRP-0197','0'), ('CDO','PRP-0198','0'), ('CDO','PRP-0199','0'), ('CDO','PRP-0200','0'), ('CDO','PRP-0201','0'), ('CDO','PRP-0202','0'), ('CDO','PRP-0203','0'), ('CDO','PRP-0204','0'), ('CDO','PRP-0205','0'), ('CDO','PRP-0206','0'), ('CDO','PRP-0207','0'), ('CDO','PRP-0208','0'), ('CDO','PRP-0209','0'), ('CDO','PRP-0210','0'), ('CDO','PRP-0211','0'), ('CDO','PRP-0212','0'), ('CDO','PRP-0213','0'), ('CDO','PRP-0214','0'), ('CDO','PRP-0215','0'), ('CDO','PRP-0216','0'), ('CDO','PRP-0217','0'), ('CDO','PRP-0218','0'), ('CDO','PRP-0219','0'), ('CDO','PRP-0220','0'), ('CDO','PRP-0221','0'), ('CDO','PRP-0222','0'), ('CDO','PRP-0223','0'), ('CDO','PRP-0224','0'), ('CDO','PRP-0225','0'), ('CDO','PRP-0226','0'), ('CDO','PRP-0227','0'), ('CDO','PRP-0228','0'), ('CDO','PRP-0229','0'), ('CDO','PRP-0230','0'), ('CDO','PRP-0231','0'), ('CDO','PRP-0232','0'), ('CDO','PRP-0233','0'), ('CDO','PRP-0234','0'), ('CDO','PRP-0235','0'), ('CDO','PRP-0236','0'), ('CDO','PRP-0237','0'), ('CDO','PRP-0238','0'), ('CDO','PRP-0239','0'), ('CDO','PRP-0240','0'), ('CDO','PRP-0241','0'), ('CDO','PRP-0242','0'), ('CDO','PRP-0243','0'), ('CDO','PRP-0244','0'), ('CDO','PRP-0245','0'), ('CDO','PRP-0246','0'), ('CDO','PRP-0247','0'), ('CDO','PRP-0248','0'), ('CDO','PRP-0249','0'), ('CDO','PRP-0250','0'), ('CDO','PRP-0251','0'), ('CDO','PRP-0252','0'), ('CDO','PRP-0253','0'), ('CDO','PRP-0254','0'), ('CDO','PRP-0255','0'), ('CDO','PRP-0256','0'), ('CDO','PRP-0257','0'), ('CDO','PRP-0258','0'), ('CDO','PRP-0259','0'), ('CDO','PRP-0260','0'), ('CDO','PRP-0261','0');
INSERT INTO `0_loc_stock` VALUES ('CDO','PRP-0262','0'), ('CDO','PRP-0263','0'), ('CDO','PRP-0264','0'), ('CDO','PRP-0265','0'), ('CDO','PRP-0266','0'), ('CDO','PRP-0267','0'), ('CDO','PRP-0268','0'), ('CDO','PRP-0269','0'), ('CDO','PRP-0270','0'), ('CDO','PRP-0271','0'), ('CDO','PRP-0272','0'), ('CDO','PRP-0273','0'), ('CDO','PRP-0274','0'), ('CDO','PRP-0275','0'), ('CDO','PRP-0276','0'), ('CDO','PRP-0277','0'), ('CDO','PRP-0278','0'), ('CDO','PRP-0279','0'), ('CDO','PRP-0280','0'), ('CDO','PRP-0281','0'), ('CDO','PRP-0282','0'), ('CDO','PRP-0283','0'), ('CDO','PRT-0001','0'), ('CDO','PRT-0002','0'), ('CDO','PRT-0003','0'), ('CDO','PRT-0004','0'), ('CDO','PRT-0005','0'), ('CDO','PRT-0006','0'), ('CDO','PRT-0007','0'), ('CDO','PRT-0008','0'), ('CDO','PRT-0009','0'), ('CDO','PRT-0010','0'), ('CDO','PRT-0011','0'), ('CDO','PRT-0012','0'), ('CDO','TNR-0001','0'), ('CDO','TNR-0002','0'), ('CDO','TNR-0003','0'), ('CDO','TNR-0004','0'), ('CDO','TNR-0005','0'), ('CDO','TNR-0006','0'), ('CDO','TNR-0010','0'), ('CDO','TNR-0011','0'), ('CDO','TNR-0012','0'), ('CDO','TNR-0013','0'), ('CDO','TNR-0014','0'), ('CDO','TNR-0015','0'), ('CDO','TNR-0016','0'), ('CDO','TNR-0017','0'), ('CDO','TNR-0018','0'), ('CDO','TNR-0019','0'), ('CDO','TNR-0020','0'), ('CDO','TNR-0021','0'), ('CDO','TNR-0022','0'), ('CDO','TNR-0023','0'), ('CDO','TNR-0024','0'), ('CDO','TNR-0025','0'), ('CDO','TNR-0026','0'), ('CDO','TNR-0027','0'), ('CDO','TNR-0028','0'), ('CDO','TNR-0029','0'), ('CDO','TNR-0030','0'), ('CDO','TNR-0031','0'), ('CDO','TNR-0032','0'), ('CDO','TNR-0033','0'), ('CDO','TNR-0034','0'), ('CDO','TNR-0035','0'), ('CDO','TNR-0036','0'), ('CDO','TNR-0037','0'), ('CDO','TNR-0038','0'), ('CDO','TNR-0039','0'), ('CDO','TNR-0040','0'), ('CDO','TNR-0041','0'), ('CDO','TNR-0042','0'), ('CDO','TNR-0043','0'), ('CDO','TNR-0044','0'), ('CDO','TNR-0045','0'), ('CDO','TNR-0046','0'), ('CDO','TNR-0047','0'), ('CDO','TNR-0048','0'), ('CDO','TNR-0049','0'), ('CDO','TNR-0050','0'), ('CDO','TNR-0051','0'), ('CDO','TNR-0052','0'), ('CDO','TNR-0053','0'), ('CDO','TNR-0054','0'), ('CDO','TNR-0055','0'), ('CDO','TNR-0056','0'), ('CDO','TNR-0057','0'), ('CDO','TNR-0058','0'), ('CDO','TNR-0059','0'), ('CDO','TNR-0060','0'), ('CDO','TNR-0061','0'), ('CDO','TNR-0062','0'), ('CDO','TNR-0063','0'), ('CDO','TNR-0064','0'), ('CDO','TNR-0065','0'), ('CDO','TNR-0066','0'), ('CDO','TNR-0067','0'), ('CDO','TNR-0068','0'), ('CDO','TNR-0069','0');
INSERT INTO `0_loc_stock` VALUES ('CDO','TNR-007','0'), ('CDO','TNR-0070','0'), ('CDO','TNR-0071','0'), ('CDO','TNR-0072','0'), ('CDO','TNR-0073','0'), ('CDO','TNR-0074','0'), ('CDO','TNR-0075','0'), ('CDO','TNR-0076','0'), ('CDO','TNR-0077','0'), ('CDO','TNR-0078','0'), ('CDO','TNR-0079','0'), ('CDO','TNR-008','0'), ('CDO','TNR-0080','0'), ('CDO','TNR-0081','0'), ('CDO','TNR-0082','0'), ('CDO','TNR-0083','0'), ('CDO','TNR-0084','0'), ('CDO','TNR-0085','0'), ('CDO','TNR-0086','0'), ('CDO','TNR-0087','0'), ('CDO','TNR-0088','0'), ('CDO','TNR-0089','0'), ('CDO','TNR-009','0'), ('CDO','TNR-0090','0'), ('CDO','TNR-0091','0'), ('CDO','TNR-0092','0'), ('CDO','TNR-0093','0'), ('CDO','TNR-0094','0'), ('CDO','TNR-0095','0'), ('CDO','TNR-0096','0'), ('CDO','TNR-0097','0'), ('CDO','TNR-0098','0'), ('CDO','TNR-0099','0'), ('CDO','TNR-0100','0'), ('CDO','TNR-0101','0'), ('CDO','TNR-0102','0'), ('CDO','TNR-0103','0'), ('CDO','TNR-0104','0'), ('CDO','TNR-0105','0'), ('CDO','TNR-0106','0'), ('CDO','TNR-0107','0'), ('CDO','TNR-0108','0'), ('CDO','TNR-0109','0'), ('CDO','TNR-0110','0'), ('CDO','TNR-0111','0'), ('CDO','TNR-0112','0'), ('CEB','EMP-0001','0'), ('CEB','EMP-0002','0'), ('CEB','EMP-0003','0'), ('CEB','EMP-0004','0'), ('CEB','EMP-0005','0'), ('CEB','EMP-0006','0'), ('CEB','EMP-0007','0'), ('CEB','EMP-0008','0'), ('CEB','EMP-0009','0'), ('CEB','EMP-0010','0'), ('CEB','EMP-0011','0'), ('CEB','EMP-0012','0'), ('CEB','EMP-0013','0'), ('CEB','EMP-0014','0'), ('CEB','EMP-0015','0'), ('CEB','EMP-0016','0'), ('CEB','EMP-0017','0'), ('CEB','EMP-0018','0'), ('CEB','EMP-0019','0'), ('CEB','EMP-0020','0'), ('CEB','EMP-0021','0'), ('CEB','EMP-0022','0'), ('CEB','EMP-0023','0'), ('CEB','EMP-0024','0'), ('CEB','EMP-0025','0'), ('CEB','EMP-0026','0'), ('CEB','EMP-0027','0'), ('CEB','EMP-0028','0'), ('CEB','EMP-0029','0'), ('CEB','EMP-0030','0'), ('CEB','EMP-0031','0'), ('CEB','EMP-0032','0'), ('CEB','EMP-0033','0'), ('CEB','EMP-0034','0'), ('CEB','EMP-0035','0'), ('CEB','EMP-0036','0'), ('CEB','EMP-0037','0'), ('CEB','EMP-0038','0'), ('CEB','EMP-0039','0'), ('CEB','EMP-0040','0'), ('CEB','EMP-0041','0'), ('CEB','EMP-0042','0'), ('CEB','EMP-0043','0'), ('CEB','EMP-0044','0'), ('CEB','EMP-0045','0'), ('CEB','EMP-0046','0'), ('CEB','EMP-0047','0'), ('CEB','EMP-0048','0'), ('CEB','EMP-0049','0'), ('CEB','EMP-0050','0'), ('CEB','EMP-0051','0'), ('CEB','EMP-0052','0'), ('CEB','EMP-0053','0'), ('CEB','EMP-0054','0');
INSERT INTO `0_loc_stock` VALUES ('CEB','EMP-0055','0'), ('CEB','EMP-0056','0'), ('CEB','EMP-0057','0'), ('CEB','EMP-0058','0'), ('CEB','EMP-0059','0'), ('CEB','EMP-0060','0'), ('CEB','EMP-0061','0'), ('CEB','EMP-0062','0'), ('CEB','EMP-0063','0'), ('CEB','EMP-0064','0'), ('CEB','EMP-0065','0'), ('CEB','EMP-0066','0'), ('CEB','EMP-0067','0'), ('CEB','EMP-0068','0'), ('CEB','EMP-0069','0'), ('CEB','EMP-0070','0'), ('CEB','EMP-0071','0'), ('CEB','EMP-0072','0'), ('CEB','EMP-0073','0'), ('CEB','EMP-0074','0'), ('CEB','EMP-0075','0'), ('CEB','EMP-0076','0'), ('CEB','EMP-0077','0'), ('CEB','EMP-0078','0'), ('CEB','EMP-0079','0'), ('CEB','EMP-0080','0'), ('CEB','EMP-0081','0'), ('CEB','EMP-0082','0'), ('CEB','EMP-0083','0'), ('CEB','EMP-0084','0'), ('CEB','EMP-0085','0'), ('CEB','EMP-0086','0'), ('CEB','EMP-0087','0'), ('CEB','EMP-0088','0'), ('CEB','EMP-0089','0'), ('CEB','EMP-0090','0'), ('CEB','EMP-0091','0'), ('CEB','EMP-0092','0'), ('CEB','EMP-0093','0'), ('CEB','EMP-0094','0'), ('CEB','EMP-0095','0'), ('CEB','EMP-0096','0'), ('CEB','EMP-0097','0'), ('CEB','EMP-0098','0'), ('CEB','EMP-0099','0'), ('CEB','EMP-0100','0'), ('CEB','EMP-0101','0'), ('CEB','EMP-0102','0'), ('CEB','EMP-0103','0'), ('CEB','EMP-0104','0'), ('CEB','EMP-0105','0'), ('CEB','EMP-0106','0'), ('CEB','EMP-0107','0'), ('CEB','EMP-0108','0'), ('CEB','EMP-0109','0'), ('CEB','EMP-0110','0'), ('CEB','EMP-0111','0'), ('CEB','EMP-0112','0'), ('CEB','EMP-0113','0'), ('CEB','EMP-0114','0'), ('CEB','EMP-0115','0'), ('CEB','EMP-0116','0'), ('CEB','EMP-0117','0'), ('CEB','EMP-0118','0'), ('CEB','EMP-0119','0'), ('CEB','EMP-0120','0'), ('CEB','EMP-0121','0'), ('CEB','EMP-0122','0'), ('CEB','EMP-0123','0'), ('CEB','EMP-0124','0'), ('CEB','EMP-0125','0'), ('CEB','EMP-0126','0'), ('CEB','EMP-0127','0'), ('CEB','EMP-0128','0'), ('CEB','EMP-0129','0'), ('CEB','EMP-0130','0'), ('CEB','EMP-0131','0'), ('CEB','EMP-0132','0'), ('CEB','EMP-0133','0'), ('CEB','EMP-0134','0'), ('CEB','EMP-0135','0'), ('CEB','EMP-0136','0'), ('CEB','EMP-0137','0'), ('CEB','EMP-0138','0'), ('CEB','EMP-0139','0'), ('CEB','EMP-0140','0'), ('CEB','EMP-0141','0'), ('CEB','PRM-0001','0'), ('CEB','PRM-0002','0'), ('CEB','PRM-0003','0'), ('CEB','PRM-0004','0'), ('CEB','PRM-0005','0'), ('CEB','PRM-0006','0'), ('CEB','PRM-0007','0'), ('CEB','PRM-0008','0'), ('CEB','PRM-0009','0'), ('CEB','PRM-0010','0'), ('CEB','PRM-0011','0'), ('CEB','PRM-0012','0'), ('CEB','PRM-0015','0');
INSERT INTO `0_loc_stock` VALUES ('CEB','PRM-0016','0'), ('CEB','PRM-0017','0'), ('CEB','PRM-0018','0'), ('CEB','PRM-0019','0'), ('CEB','PRM-0020','0'), ('CEB','PRM-0021','0'), ('CEB','PRM-0022','0'), ('CEB','PRM-0023','0'), ('CEB','PRM-0025','0'), ('CEB','PRM-0026','0'), ('CEB','PRM-0027','0'), ('CEB','PRM-0028','0'), ('CEB','PRM-0029','0'), ('CEB','PRM-0030','0'), ('CEB','PRM-0031','0'), ('CEB','PRM-0032','0'), ('CEB','PRM-0033','0'), ('CEB','PRM-0034','0'), ('CEB','PRM-0035','0'), ('CEB','PRM-0036','0'), ('CEB','PRM-0037','0'), ('CEB','PRM-0038','0'), ('CEB','PRM-0039','0'), ('CEB','PRM-0040','0'), ('CEB','PRM-0041','0'), ('CEB','PRM-0042','0'), ('CEB','PRM-0043','0'), ('CEB','PRM-0044','0'), ('CEB','PRM-0045','0'), ('CEB','PRM-0046','0'), ('CEB','PRM-0047','0'), ('CEB','PRM-0048','0'), ('CEB','PRM-0049','0'), ('CEB','PRM-0050','0'), ('CEB','PRM-0052','0'), ('CEB','PRM-0053','0'), ('CEB','PRM-0054','0'), ('CEB','PRM-0055','0'), ('CEB','PRM-0056','0'), ('CEB','PRM-0057','0'), ('CEB','PRM-0058','0'), ('CEB','PRM-0059','0'), ('CEB','PRM-0060','0'), ('CEB','PRM-0061','0'), ('CEB','PRM-0062','0'), ('CEB','PRM-0063','0'), ('CEB','PRM-0064','0'), ('CEB','PRM-0065','0'), ('CEB','PRM-0066','0'), ('CEB','PRM-0067','0'), ('CEB','PRM-0068','0'), ('CEB','PRM-0069','0'), ('CEB','PRM-0070','0'), ('CEB','PRM-0071','0'), ('CEB','PRM-0072','0'), ('CEB','PRM-0073','0'), ('CEB','PRM-0074','0'), ('CEB','PRM-0075','0'), ('CEB','PRM-0076','0'), ('CEB','PRM-0077','0'), ('CEB','PRM-0078','0'), ('CEB','PRM-0079','0'), ('CEB','PRM-0080','0'), ('CEB','PRM-0081','0'), ('CEB','PRM-0082','0'), ('CEB','PRM-0083','0'), ('CEB','PRM-0084','0'), ('CEB','PRM-0085','0'), ('CEB','PRM-0086','0'), ('CEB','PRM-0087','0'), ('CEB','PRM-0088','0'), ('CEB','PRM-0089','0'), ('CEB','PRM-0090','0'), ('CEB','PRM-0091','0'), ('CEB','PRM-0092','0'), ('CEB','PRM-0093','0'), ('CEB','PRM-0094','0'), ('CEB','PRM-0095','0'), ('CEB','PRM-0096','0'), ('CEB','PRM-0097','0'), ('CEB','PRM-0098','0'), ('CEB','PRM-0099','0'), ('CEB','PRM-0102','0'), ('CEB','PRM-0103','0'), ('CEB','PRM-0104','0'), ('CEB','PRM-0105','0'), ('CEB','PRM-0106','0'), ('CEB','PRM-0107','0'), ('CEB','PRM-0108','0'), ('CEB','PRM-0109','0'), ('CEB','PRM-0110','0'), ('CEB','PRM-0111','0'), ('CEB','PRM-0112','0'), ('CEB','PRM-0113','0'), ('CEB','PRM-0114','0'), ('CEB','PRM-0115','0'), ('CEB','PRM-0116','0'), ('CEB','PRM-0117','0'), ('CEB','PRM-0118','0'), ('CEB','PRM-0119','0');
INSERT INTO `0_loc_stock` VALUES ('CEB','PRM-0120','0'), ('CEB','PRM-0121','0'), ('CEB','PRM-0122','0'), ('CEB','PRM-0123','0'), ('CEB','PRM-0124','0'), ('CEB','PRM-0125','0'), ('CEB','PRM-0126','0'), ('CEB','PRM-0127','0'), ('CEB','PRM-0128','0'), ('CEB','PRM-0129','0'), ('CEB','PRM-0130','0'), ('CEB','PRM-0131','0'), ('CEB','PRM-0132','0'), ('CEB','PRM-0133','0'), ('CEB','PRM-0134','0'), ('CEB','PRM-0135','0'), ('CEB','PRM-0136','0'), ('CEB','PRM-0137','0'), ('CEB','PRM-0138','0'), ('CEB','PRM-0139','0'), ('CEB','PRM-0140','0'), ('CEB','PRM-0141','0'), ('CEB','PRM-0142','0'), ('CEB','PRM-0143','0'), ('CEB','PRM-0144','0'), ('CEB','PRM-0145','0'), ('CEB','PRM-0146','0'), ('CEB','PRM-0147','0'), ('CEB','PRM-0148','0'), ('CEB','PRM-0149','0'), ('CEB','PRM-0150','0'), ('CEB','PRM-0151','0'), ('CEB','PRM-0152','0'), ('CEB','PRM-0153','0'), ('CEB','PRM-0154','0'), ('CEB','PRM-0155','0'), ('CEB','PRM-0156','0'), ('CEB','PRM-0157','0'), ('CEB','PRM-0158','0'), ('CEB','PRM-0159','0'), ('CEB','PRM-0160','0'), ('CEB','PRM-0161','0'), ('CEB','PRM-0162','0'), ('CEB','PRM-0163','0'), ('CEB','PRM-0164','0'), ('CEB','PRM-0165','0'), ('CEB','PRM-0166','0'), ('CEB','PRM-0167','0'), ('CEB','PRM-0168','0'), ('CEB','PRM-0169','0'), ('CEB','PRM-0170','0'), ('CEB','PRM-0171','0'), ('CEB','PRM-0172','0'), ('CEB','PRM-0173','0'), ('CEB','PRM-0174','0'), ('CEB','PRM-0175','0'), ('CEB','PRM-0176','0'), ('CEB','PRM-0177','0'), ('CEB','PRM-0178','0'), ('CEB','PRM-0179','0'), ('CEB','PRM-0180','0'), ('CEB','PRM-0181','0'), ('CEB','PRM-0182','0'), ('CEB','PRM-0183','0'), ('CEB','PRM-0184','0'), ('CEB','PRM-0185','0'), ('CEB','PRM-0186','0'), ('CEB','PRM-0187','0'), ('CEB','PRM-0188','0'), ('CEB','PRM-0189','0'), ('CEB','PRM-0190','0'), ('CEB','PRM-0191','0'), ('CEB','PRM-0192','0'), ('CEB','PRM-0193','0'), ('CEB','PRM-0194','0'), ('CEB','PRM-0195','0'), ('CEB','PRM-0196','0'), ('CEB','PRM-0197','0'), ('CEB','PRM-0198','0'), ('CEB','PRM-0199','0'), ('CEB','PRM-0200','0'), ('CEB','PRM-0201','0'), ('CEB','PRM-0202','0'), ('CEB','PRM-0203','0'), ('CEB','PRM-0204','0'), ('CEB','PRM-0205','0'), ('CEB','PRM-0206','0'), ('CEB','PRM-0207','0'), ('CEB','PRM-0208','0'), ('CEB','PRM-0209','0'), ('CEB','PRM-0210','0'), ('CEB','PRM-0211','0'), ('CEB','PRM-0212','0'), ('CEB','PRM-0213','0'), ('CEB','PRM-0214','0'), ('CEB','PRM-0215','0'), ('CEB','PRM-0216','0'), ('CEB','PRM-0217','0'), ('CEB','PRM-0218','0'), ('CEB','PRM-0219','0');
INSERT INTO `0_loc_stock` VALUES ('CEB','PRM-0220','0'), ('CEB','PRM-0221','0'), ('CEB','PRM-0222','0'), ('CEB','PRM-0223','0'), ('CEB','PRM-0224','0'), ('CEB','PRM-0225','0'), ('CEB','PRM-0226','0'), ('CEB','PRM-0227','0'), ('CEB','PRM-0228','0'), ('CEB','PRM-0229','0'), ('CEB','PRM-0230','0'), ('CEB','PRM-0231','0'), ('CEB','PRM-0232','0'), ('CEB','PRM-0233','0'), ('CEB','PRM-0234','0'), ('CEB','PRM-0235','0'), ('CEB','PRM-0236','0'), ('CEB','PRM-0237','0'), ('CEB','PRM-0238','0'), ('CEB','PRM-0239','0'), ('CEB','PRM-0240','0'), ('CEB','PRM-0241','0'), ('CEB','PRM-0242','0'), ('CEB','PRM-0243','0'), ('CEB','PRM-0244','0'), ('CEB','PRM-0245','0'), ('CEB','PRM-0246','0'), ('CEB','PRM-0247','0'), ('CEB','PRM-0248','0'), ('CEB','PRM-0249','0'), ('CEB','PRM-0250','0'), ('CEB','PRM-0251','0'), ('CEB','PRM-0252','0'), ('CEB','PRM-0253','0'), ('CEB','PRM-0254','0'), ('CEB','PRM-0255','0'), ('CEB','PRM-0256','0'), ('CEB','PRM-0257','0'), ('CEB','PRM-0258','0'), ('CEB','PRM-0259','0'), ('CEB','PRM-0260','0'), ('CEB','PRM-0261','0'), ('CEB','PRM-0262','0'), ('CEB','PRM-0263','0'), ('CEB','PRM-0264','0'), ('CEB','PRM-0265','0'), ('CEB','PRM-0266','0'), ('CEB','PRM-0267','0'), ('CEB','PRM-0268','0'), ('CEB','PRM-0269','0'), ('CEB','PRM-0270','0'), ('CEB','PRM-0271','0'), ('CEB','PRM-0272','0'), ('CEB','PRM-0273','0'), ('CEB','PRM-0274','0'), ('CEB','PRM-0275','0'), ('CEB','PRM-0276','0'), ('CEB','PRM-0277','0'), ('CEB','PRM-0278','0'), ('CEB','PRM-0279','0'), ('CEB','PRM-0280','0'), ('CEB','PRM-0281','0'), ('CEB','PRM-0282','0'), ('CEB','PRM-0283','0'), ('CEB','PRM-0284','0'), ('CEB','PRM-0285','0'), ('CEB','PRM-0286','0'), ('CEB','PRM-0287','0'), ('CEB','PRM-0288','0'), ('CEB','PRM-0289','0'), ('CEB','PRM-0290','0'), ('CEB','PRM-0291','0'), ('CEB','PRM-0292','0'), ('CEB','PRM-0293','0'), ('CEB','PRM-0294','0'), ('CEB','PRM-0295','0'), ('CEB','PRM-0296','0'), ('CEB','PRM-0297','0'), ('CEB','PRM-0298','0'), ('CEB','PRM-0299','0'), ('CEB','PRM-0300','0'), ('CEB','PRM-0301','0'), ('CEB','PRM-0302','0'), ('CEB','PRM-0303','0'), ('CEB','PRM-0304','0'), ('CEB','PRM-0305','0'), ('CEB','PRM-0306','0'), ('CEB','PRM-0307','0'), ('CEB','PRM-0308','0'), ('CEB','PRM-0309','0'), ('CEB','PRM-0310','0'), ('CEB','PRM-0311','0'), ('CEB','PRM-0312','0'), ('CEB','PRM-0313','0'), ('CEB','PRM-0314','0'), ('CEB','PRM-0315','0'), ('CEB','PRM-0316','0'), ('CEB','PRM-0317','0'), ('CEB','PRM-0318','0'), ('CEB','PRM-0319','0');
INSERT INTO `0_loc_stock` VALUES ('CEB','PRM-0320','0'), ('CEB','PRM-0321','0'), ('CEB','PRM-0322','0'), ('CEB','PRM-0323','0'), ('CEB','PRM-0324','0'), ('CEB','PRM-0325','0'), ('CEB','PRM-0326','0'), ('CEB','PRM-0327','0'), ('CEB','PRM-0328','0'), ('CEB','PRM-0329','0'), ('CEB','PRM-0330','0'), ('CEB','PRM-0331','0'), ('CEB','PRM-0332','0'), ('CEB','PRM-0333','0'), ('CEB','PRM-0334','0'), ('CEB','PRM-0335','0'), ('CEB','PRM-0336','0'), ('CEB','PRM-0337','0'), ('CEB','PRM-0338','0'), ('CEB','PRM-0339','0'), ('CEB','PRM-0340','0'), ('CEB','PRM-0341','0'), ('CEB','PRM-0342','0'), ('CEB','PRM-0343','0'), ('CEB','PRM-0344','0'), ('CEB','PRM-0345','0'), ('CEB','PRM-0346','0'), ('CEB','PRM-0347','0'), ('CEB','PRM-0348','0'), ('CEB','PRM-0349','0'), ('CEB','PRM-0350','0'), ('CEB','PRM-0351','0'), ('CEB','PRM-0352','0'), ('CEB','PRM-0353','0'), ('CEB','PRM-0354','0'), ('CEB','PRM-0355','0'), ('CEB','PRM-0356','0'), ('CEB','PRM-0357','0'), ('CEB','PRM-0358','0'), ('CEB','PRM-0359','0'), ('CEB','PRM-0360','0'), ('CEB','PRM-0361','0'), ('CEB','PRM-0362','0'), ('CEB','PRM-0363','0'), ('CEB','PRM-0364','0'), ('CEB','PRM-0365','0'), ('CEB','PRM-0366','0'), ('CEB','PRM-0367','0'), ('CEB','PRM-0368','0'), ('CEB','PRM-0369','0'), ('CEB','PRM-0370','0'), ('CEB','PRM-0371','0'), ('CEB','PRM-0372','0'), ('CEB','PRM-0373','0'), ('CEB','PRM-0374','0'), ('CEB','PRM-0375','0'), ('CEB','PRM-0376','0'), ('CEB','PRM-0377','0'), ('CEB','PRM-0378','0'), ('CEB','PRM-0379','0'), ('CEB','PRM-100','0'), ('CEB','PRM-101','0'), ('CEB','PRP-0001','0'), ('CEB','PRP-0002','0'), ('CEB','PRP-0003','0'), ('CEB','PRP-0004','0'), ('CEB','PRP-0005','0'), ('CEB','PRP-0006','0'), ('CEB','PRP-0007','0'), ('CEB','PRP-0008','0'), ('CEB','PRP-0009','0'), ('CEB','PRP-0010','0'), ('CEB','PRP-0011','0'), ('CEB','PRP-0012','0'), ('CEB','PRP-0013','0'), ('CEB','PRP-0014','0'), ('CEB','PRP-0015','0'), ('CEB','PRP-0016','0'), ('CEB','PRP-0017','0'), ('CEB','PRP-0018','0'), ('CEB','PRP-0019','0'), ('CEB','PRP-0020','0'), ('CEB','PRP-0021','0'), ('CEB','PRP-0022','0'), ('CEB','PRP-0023','0'), ('CEB','PRP-0024','0'), ('CEB','PRP-0025','0'), ('CEB','PRP-0026','0'), ('CEB','PRP-0027','0'), ('CEB','PRP-0028','0'), ('CEB','PRP-0029','0'), ('CEB','PRP-0030','0'), ('CEB','PRP-0031','0'), ('CEB','PRP-0032','0'), ('CEB','PRP-0033','0'), ('CEB','PRP-0034','0'), ('CEB','PRP-0035','0'), ('CEB','PRP-0036','0'), ('CEB','PRP-0037','0'), ('CEB','PRP-0038','0');
INSERT INTO `0_loc_stock` VALUES ('CEB','PRP-0039','0'), ('CEB','PRP-0040','0'), ('CEB','PRP-0041','0'), ('CEB','PRP-0042','0'), ('CEB','PRP-0043','0'), ('CEB','PRP-0044','0'), ('CEB','PRP-0045','0'), ('CEB','PRP-0046','0'), ('CEB','PRP-0047','0'), ('CEB','PRP-0048','0'), ('CEB','PRP-0049','0'), ('CEB','PRP-0050','0'), ('CEB','PRP-0051','0'), ('CEB','PRP-0052','0'), ('CEB','PRP-0053','0'), ('CEB','PRP-0054','0'), ('CEB','PRP-0055','0'), ('CEB','PRP-0056','0'), ('CEB','PRP-0057','0'), ('CEB','PRP-0058','0'), ('CEB','PRP-0059','0'), ('CEB','PRP-0060','0'), ('CEB','PRP-0061','0'), ('CEB','PRP-0062','0'), ('CEB','PRP-0063','0'), ('CEB','PRP-0064','0'), ('CEB','PRP-0065','0'), ('CEB','PRP-0066','0'), ('CEB','PRP-0067','0'), ('CEB','PRP-0068','0'), ('CEB','PRP-0069','0'), ('CEB','PRP-0070','0'), ('CEB','PRP-0071','0'), ('CEB','PRP-0072','0'), ('CEB','PRP-0073','0'), ('CEB','PRP-0074','0'), ('CEB','PRP-0075','0'), ('CEB','PRP-0076','0'), ('CEB','PRP-0077','0'), ('CEB','PRP-0078','0'), ('CEB','PRP-0079','0'), ('CEB','PRP-0080','0'), ('CEB','PRP-0081','0'), ('CEB','PRP-0082','0'), ('CEB','PRP-0083','0'), ('CEB','PRP-0084','0'), ('CEB','PRP-0085','0'), ('CEB','PRP-0086','0'), ('CEB','PRP-0087','0'), ('CEB','PRP-0088','0'), ('CEB','PRP-0089','0'), ('CEB','PRP-0090','0'), ('CEB','PRP-0091','0'), ('CEB','PRP-0092','0'), ('CEB','PRP-0093','0'), ('CEB','PRP-0094','0'), ('CEB','PRP-0095','0'), ('CEB','PRP-0096','0'), ('CEB','PRP-0097','0'), ('CEB','PRP-0098','0'), ('CEB','PRP-0099','0'), ('CEB','PRP-0100','0'), ('CEB','PRP-0101','0'), ('CEB','PRP-0102','0'), ('CEB','PRP-0103','0'), ('CEB','PRP-0104','0'), ('CEB','PRP-0105','0'), ('CEB','PRP-0106','0'), ('CEB','PRP-0107','0'), ('CEB','PRP-0108','0'), ('CEB','PRP-0109','0'), ('CEB','PRP-0110','0'), ('CEB','PRP-0111','0'), ('CEB','PRP-0112','0'), ('CEB','PRP-0113','0'), ('CEB','PRP-0114','0'), ('CEB','PRP-0115','0'), ('CEB','PRP-0116','0'), ('CEB','PRP-0117','0'), ('CEB','PRP-0118','0'), ('CEB','PRP-0119','0'), ('CEB','PRP-0120','0'), ('CEB','PRP-0121','0'), ('CEB','PRP-0122','0'), ('CEB','PRP-0123','0'), ('CEB','PRP-0124','0'), ('CEB','PRP-0125','0'), ('CEB','PRP-0126','0'), ('CEB','PRP-0127','0'), ('CEB','PRP-0128','0'), ('CEB','PRP-0129','0'), ('CEB','PRP-0130','0'), ('CEB','PRP-0131','0'), ('CEB','PRP-0132','0'), ('CEB','PRP-0133','0'), ('CEB','PRP-0134','0'), ('CEB','PRP-0135','0'), ('CEB','PRP-0136','0'), ('CEB','PRP-0137','0'), ('CEB','PRP-0138','0');
INSERT INTO `0_loc_stock` VALUES ('CEB','PRP-0139','0'), ('CEB','PRP-0140','0'), ('CEB','PRP-0141','0'), ('CEB','PRP-0142','0'), ('CEB','PRP-0143','0'), ('CEB','PRP-0144','0'), ('CEB','PRP-0145','0'), ('CEB','PRP-0146','0'), ('CEB','PRP-0147','0'), ('CEB','PRP-0148','0'), ('CEB','PRP-0149','0'), ('CEB','PRP-0150','0'), ('CEB','PRP-0151','0'), ('CEB','PRP-0152','0'), ('CEB','PRP-0153','0'), ('CEB','PRP-0154','0'), ('CEB','PRP-0155','0'), ('CEB','PRP-0156','0'), ('CEB','PRP-0157','0'), ('CEB','PRP-0158','0'), ('CEB','PRP-0159','0'), ('CEB','PRP-0160','0'), ('CEB','PRP-0161','0'), ('CEB','PRP-0162','0'), ('CEB','PRP-0163','0'), ('CEB','PRP-0164','0'), ('CEB','PRP-0165','0'), ('CEB','PRP-0166','0'), ('CEB','PRP-0167','0'), ('CEB','PRP-0168','0'), ('CEB','PRP-0169','0'), ('CEB','PRP-0170','0'), ('CEB','PRP-0171','0'), ('CEB','PRP-0172','0'), ('CEB','PRP-0173','0'), ('CEB','PRP-0174','0'), ('CEB','PRP-0175','0'), ('CEB','PRP-0176','0'), ('CEB','PRP-0177','0'), ('CEB','PRP-0178','0'), ('CEB','PRP-0179','0'), ('CEB','PRP-0180','0'), ('CEB','PRP-0181','0'), ('CEB','PRP-0182','0'), ('CEB','PRP-0183','0'), ('CEB','PRP-0184','0'), ('CEB','PRP-0185','0'), ('CEB','PRP-0186','0'), ('CEB','PRP-0187','0'), ('CEB','PRP-0188','0'), ('CEB','PRP-0189','0'), ('CEB','PRP-0190','0'), ('CEB','PRP-0191','0'), ('CEB','PRP-0192','0'), ('CEB','PRP-0193','0'), ('CEB','PRP-0194','0'), ('CEB','PRP-0195','0'), ('CEB','PRP-0196','0'), ('CEB','PRP-0197','0'), ('CEB','PRP-0198','0'), ('CEB','PRP-0199','0'), ('CEB','PRP-0200','0'), ('CEB','PRP-0201','0'), ('CEB','PRP-0202','0'), ('CEB','PRP-0203','0'), ('CEB','PRP-0204','0'), ('CEB','PRP-0205','0'), ('CEB','PRP-0206','0'), ('CEB','PRP-0207','0'), ('CEB','PRP-0208','0'), ('CEB','PRP-0209','0'), ('CEB','PRP-0210','0'), ('CEB','PRP-0211','0'), ('CEB','PRP-0212','0'), ('CEB','PRP-0213','0'), ('CEB','PRP-0214','0'), ('CEB','PRP-0215','0'), ('CEB','PRP-0216','0'), ('CEB','PRP-0217','0'), ('CEB','PRP-0218','0'), ('CEB','PRP-0219','0'), ('CEB','PRP-0220','0'), ('CEB','PRP-0221','0'), ('CEB','PRP-0222','0'), ('CEB','PRP-0223','0'), ('CEB','PRP-0224','0'), ('CEB','PRP-0225','0'), ('CEB','PRP-0226','0'), ('CEB','PRP-0227','0'), ('CEB','PRP-0228','0'), ('CEB','PRP-0229','0'), ('CEB','PRP-0230','0'), ('CEB','PRP-0231','0'), ('CEB','PRP-0232','0'), ('CEB','PRP-0233','0'), ('CEB','PRP-0234','0'), ('CEB','PRP-0235','0'), ('CEB','PRP-0236','0'), ('CEB','PRP-0237','0'), ('CEB','PRP-0238','0');
INSERT INTO `0_loc_stock` VALUES ('CEB','PRP-0239','0'), ('CEB','PRP-0240','0'), ('CEB','PRP-0241','0'), ('CEB','PRP-0242','0'), ('CEB','PRP-0243','0'), ('CEB','PRP-0244','0'), ('CEB','PRP-0245','0'), ('CEB','PRP-0246','0'), ('CEB','PRP-0247','0'), ('CEB','PRP-0248','0'), ('CEB','PRP-0249','0'), ('CEB','PRP-0250','0'), ('CEB','PRP-0251','0'), ('CEB','PRP-0252','0'), ('CEB','PRP-0253','0'), ('CEB','PRP-0254','0'), ('CEB','PRP-0255','0'), ('CEB','PRP-0256','0'), ('CEB','PRP-0257','0'), ('CEB','PRP-0258','0'), ('CEB','PRP-0259','0'), ('CEB','PRP-0260','0'), ('CEB','PRP-0261','0'), ('CEB','PRP-0262','0'), ('CEB','PRP-0263','0'), ('CEB','PRP-0264','0'), ('CEB','PRP-0265','0'), ('CEB','PRP-0266','0'), ('CEB','PRP-0267','0'), ('CEB','PRP-0268','0'), ('CEB','PRP-0269','0'), ('CEB','PRP-0270','0'), ('CEB','PRP-0271','0'), ('CEB','PRP-0272','0'), ('CEB','PRP-0273','0'), ('CEB','PRP-0274','0'), ('CEB','PRP-0275','0'), ('CEB','PRP-0276','0'), ('CEB','PRP-0277','0'), ('CEB','PRP-0278','0'), ('CEB','PRP-0279','0'), ('CEB','PRP-0280','0'), ('CEB','PRP-0281','0'), ('CEB','PRP-0282','0'), ('CEB','PRP-0283','0'), ('CEB','PRT-0001','0'), ('CEB','PRT-0002','0'), ('CEB','PRT-0003','0'), ('CEB','PRT-0004','0'), ('CEB','PRT-0005','0'), ('CEB','PRT-0006','0'), ('CEB','PRT-0007','0'), ('CEB','PRT-0008','0'), ('CEB','PRT-0009','0'), ('CEB','PRT-0010','0'), ('CEB','PRT-0011','0'), ('CEB','PRT-0012','0'), ('CEB','TNR-0001','0'), ('CEB','TNR-0002','0'), ('CEB','TNR-0003','0'), ('CEB','TNR-0004','0'), ('CEB','TNR-0005','0'), ('CEB','TNR-0006','0'), ('CEB','TNR-0010','0'), ('CEB','TNR-0011','0'), ('CEB','TNR-0012','0'), ('CEB','TNR-0013','0'), ('CEB','TNR-0014','0'), ('CEB','TNR-0015','0'), ('CEB','TNR-0016','0'), ('CEB','TNR-0017','0'), ('CEB','TNR-0018','0'), ('CEB','TNR-0019','0'), ('CEB','TNR-0020','0'), ('CEB','TNR-0021','0'), ('CEB','TNR-0022','0'), ('CEB','TNR-0023','0'), ('CEB','TNR-0024','0'), ('CEB','TNR-0025','0'), ('CEB','TNR-0026','0'), ('CEB','TNR-0027','0'), ('CEB','TNR-0028','0'), ('CEB','TNR-0029','0'), ('CEB','TNR-0030','0'), ('CEB','TNR-0031','0'), ('CEB','TNR-0032','0'), ('CEB','TNR-0033','0'), ('CEB','TNR-0034','0'), ('CEB','TNR-0035','0'), ('CEB','TNR-0036','0'), ('CEB','TNR-0037','0'), ('CEB','TNR-0038','0'), ('CEB','TNR-0039','0'), ('CEB','TNR-0040','0'), ('CEB','TNR-0041','0'), ('CEB','TNR-0042','0'), ('CEB','TNR-0043','0'), ('CEB','TNR-0044','0'), ('CEB','TNR-0045','0'), ('CEB','TNR-0046','0');
INSERT INTO `0_loc_stock` VALUES ('CEB','TNR-0047','0'), ('CEB','TNR-0048','0'), ('CEB','TNR-0049','0'), ('CEB','TNR-0050','0'), ('CEB','TNR-0051','0'), ('CEB','TNR-0052','0'), ('CEB','TNR-0053','0'), ('CEB','TNR-0054','0'), ('CEB','TNR-0055','0'), ('CEB','TNR-0056','0'), ('CEB','TNR-0057','0'), ('CEB','TNR-0058','0'), ('CEB','TNR-0059','0'), ('CEB','TNR-0060','0'), ('CEB','TNR-0061','0'), ('CEB','TNR-0062','0'), ('CEB','TNR-0063','0'), ('CEB','TNR-0064','0'), ('CEB','TNR-0065','0'), ('CEB','TNR-0066','0'), ('CEB','TNR-0067','0'), ('CEB','TNR-0068','0'), ('CEB','TNR-0069','0'), ('CEB','TNR-007','0'), ('CEB','TNR-0070','0'), ('CEB','TNR-0071','0'), ('CEB','TNR-0072','0'), ('CEB','TNR-0073','0'), ('CEB','TNR-0074','0'), ('CEB','TNR-0075','0'), ('CEB','TNR-0076','0'), ('CEB','TNR-0077','0'), ('CEB','TNR-0078','0'), ('CEB','TNR-0079','0'), ('CEB','TNR-008','0'), ('CEB','TNR-0080','0'), ('CEB','TNR-0081','0'), ('CEB','TNR-0082','0'), ('CEB','TNR-0083','0'), ('CEB','TNR-0084','0'), ('CEB','TNR-0085','0'), ('CEB','TNR-0086','0'), ('CEB','TNR-0087','0'), ('CEB','TNR-0088','0'), ('CEB','TNR-0089','0'), ('CEB','TNR-009','0'), ('CEB','TNR-0090','0'), ('CEB','TNR-0091','0'), ('CEB','TNR-0092','0'), ('CEB','TNR-0093','0'), ('CEB','TNR-0094','0'), ('CEB','TNR-0095','0'), ('CEB','TNR-0096','0'), ('CEB','TNR-0097','0'), ('CEB','TNR-0098','0'), ('CEB','TNR-0099','0'), ('CEB','TNR-0100','0'), ('CEB','TNR-0101','0'), ('CEB','TNR-0102','0'), ('CEB','TNR-0103','0'), ('CEB','TNR-0104','0'), ('CEB','TNR-0105','0'), ('CEB','TNR-0106','0'), ('CEB','TNR-0107','0'), ('CEB','TNR-0108','0'), ('CEB','TNR-0109','0'), ('CEB','TNR-0110','0'), ('CEB','TNR-0111','0'), ('CEB','TNR-0112','0'), ('DVO','EMP-0001','0'), ('DVO','EMP-0002','0'), ('DVO','EMP-0003','0'), ('DVO','EMP-0004','0'), ('DVO','EMP-0005','0'), ('DVO','EMP-0006','0'), ('DVO','EMP-0007','0'), ('DVO','EMP-0008','0'), ('DVO','EMP-0009','0'), ('DVO','EMP-0010','0'), ('DVO','EMP-0011','0'), ('DVO','EMP-0012','0'), ('DVO','EMP-0013','0'), ('DVO','EMP-0014','0'), ('DVO','EMP-0015','0'), ('DVO','EMP-0016','0'), ('DVO','EMP-0017','0'), ('DVO','EMP-0018','0'), ('DVO','EMP-0019','0'), ('DVO','EMP-0020','0'), ('DVO','EMP-0021','0'), ('DVO','EMP-0022','0'), ('DVO','EMP-0023','0'), ('DVO','EMP-0024','0'), ('DVO','EMP-0025','0'), ('DVO','EMP-0026','0'), ('DVO','EMP-0027','0'), ('DVO','EMP-0028','0'), ('DVO','EMP-0029','0'), ('DVO','EMP-0030','0'), ('DVO','EMP-0031','0');
INSERT INTO `0_loc_stock` VALUES ('DVO','EMP-0032','0'), ('DVO','EMP-0033','0'), ('DVO','EMP-0034','0'), ('DVO','EMP-0035','0'), ('DVO','EMP-0036','0'), ('DVO','EMP-0037','0'), ('DVO','EMP-0038','0'), ('DVO','EMP-0039','0'), ('DVO','EMP-0040','0'), ('DVO','EMP-0041','0'), ('DVO','EMP-0042','0'), ('DVO','EMP-0043','0'), ('DVO','EMP-0044','0'), ('DVO','EMP-0045','0'), ('DVO','EMP-0046','0'), ('DVO','EMP-0047','0'), ('DVO','EMP-0048','0'), ('DVO','EMP-0049','0'), ('DVO','EMP-0050','0'), ('DVO','EMP-0051','0'), ('DVO','EMP-0052','0'), ('DVO','EMP-0053','0'), ('DVO','EMP-0054','0'), ('DVO','EMP-0055','0'), ('DVO','EMP-0056','0'), ('DVO','EMP-0057','0'), ('DVO','EMP-0058','0'), ('DVO','EMP-0059','0'), ('DVO','EMP-0060','0'), ('DVO','EMP-0061','0'), ('DVO','EMP-0062','0'), ('DVO','EMP-0063','0'), ('DVO','EMP-0064','0'), ('DVO','EMP-0065','0'), ('DVO','EMP-0066','0'), ('DVO','EMP-0067','0'), ('DVO','EMP-0068','0'), ('DVO','EMP-0069','0'), ('DVO','EMP-0070','0'), ('DVO','EMP-0071','0'), ('DVO','EMP-0072','0'), ('DVO','EMP-0073','0'), ('DVO','EMP-0074','0'), ('DVO','EMP-0075','0'), ('DVO','EMP-0076','0'), ('DVO','EMP-0077','0'), ('DVO','EMP-0078','0'), ('DVO','EMP-0079','0'), ('DVO','EMP-0080','0'), ('DVO','EMP-0081','0'), ('DVO','EMP-0082','0'), ('DVO','EMP-0083','0'), ('DVO','EMP-0084','0'), ('DVO','EMP-0085','0'), ('DVO','EMP-0086','0'), ('DVO','EMP-0087','0'), ('DVO','EMP-0088','0'), ('DVO','EMP-0089','0'), ('DVO','EMP-0090','0'), ('DVO','EMP-0091','0'), ('DVO','EMP-0092','0'), ('DVO','EMP-0093','0'), ('DVO','EMP-0094','0'), ('DVO','EMP-0095','0'), ('DVO','EMP-0096','0'), ('DVO','EMP-0097','0'), ('DVO','EMP-0098','0'), ('DVO','EMP-0099','0'), ('DVO','EMP-0100','0'), ('DVO','EMP-0101','0'), ('DVO','EMP-0102','0'), ('DVO','EMP-0103','0'), ('DVO','EMP-0104','0'), ('DVO','EMP-0105','0'), ('DVO','EMP-0106','0'), ('DVO','EMP-0107','0'), ('DVO','EMP-0108','0'), ('DVO','EMP-0109','0'), ('DVO','EMP-0110','0'), ('DVO','EMP-0111','0'), ('DVO','EMP-0112','0'), ('DVO','EMP-0113','0'), ('DVO','EMP-0114','0'), ('DVO','EMP-0115','0'), ('DVO','EMP-0116','0'), ('DVO','EMP-0117','0'), ('DVO','EMP-0118','0'), ('DVO','EMP-0119','0'), ('DVO','EMP-0120','0'), ('DVO','EMP-0121','0'), ('DVO','EMP-0122','0'), ('DVO','EMP-0123','0'), ('DVO','EMP-0124','0'), ('DVO','EMP-0125','0'), ('DVO','EMP-0126','0'), ('DVO','EMP-0127','0'), ('DVO','EMP-0128','0'), ('DVO','EMP-0129','0'), ('DVO','EMP-0130','0'), ('DVO','EMP-0131','0');
INSERT INTO `0_loc_stock` VALUES ('DVO','EMP-0132','0'), ('DVO','EMP-0133','0'), ('DVO','EMP-0134','0'), ('DVO','EMP-0135','0'), ('DVO','EMP-0136','0'), ('DVO','EMP-0137','0'), ('DVO','EMP-0138','0'), ('DVO','EMP-0139','0'), ('DVO','EMP-0140','0'), ('DVO','EMP-0141','0'), ('DVO','PRM-0001','0'), ('DVO','PRM-0002','0'), ('DVO','PRM-0003','0'), ('DVO','PRM-0004','0'), ('DVO','PRM-0005','0'), ('DVO','PRM-0006','0'), ('DVO','PRM-0007','0'), ('DVO','PRM-0008','0'), ('DVO','PRM-0009','0'), ('DVO','PRM-0010','0'), ('DVO','PRM-0011','0'), ('DVO','PRM-0012','0'), ('DVO','PRM-0015','0'), ('DVO','PRM-0016','0'), ('DVO','PRM-0017','0'), ('DVO','PRM-0018','0'), ('DVO','PRM-0019','0'), ('DVO','PRM-0020','0'), ('DVO','PRM-0021','0'), ('DVO','PRM-0022','0'), ('DVO','PRM-0023','0'), ('DVO','PRM-0025','0'), ('DVO','PRM-0026','0'), ('DVO','PRM-0027','0'), ('DVO','PRM-0028','0'), ('DVO','PRM-0029','0'), ('DVO','PRM-0030','0'), ('DVO','PRM-0031','0'), ('DVO','PRM-0032','0'), ('DVO','PRM-0033','0'), ('DVO','PRM-0034','0'), ('DVO','PRM-0035','0'), ('DVO','PRM-0036','0'), ('DVO','PRM-0037','0'), ('DVO','PRM-0038','0'), ('DVO','PRM-0039','0'), ('DVO','PRM-0040','0'), ('DVO','PRM-0041','0'), ('DVO','PRM-0042','0'), ('DVO','PRM-0043','0'), ('DVO','PRM-0044','0'), ('DVO','PRM-0045','0'), ('DVO','PRM-0046','0'), ('DVO','PRM-0047','0'), ('DVO','PRM-0048','0'), ('DVO','PRM-0049','0'), ('DVO','PRM-0050','0'), ('DVO','PRM-0052','0'), ('DVO','PRM-0053','0'), ('DVO','PRM-0054','0'), ('DVO','PRM-0055','0'), ('DVO','PRM-0056','0'), ('DVO','PRM-0057','0'), ('DVO','PRM-0058','0'), ('DVO','PRM-0059','0'), ('DVO','PRM-0060','0'), ('DVO','PRM-0061','0'), ('DVO','PRM-0062','0'), ('DVO','PRM-0063','0'), ('DVO','PRM-0064','0'), ('DVO','PRM-0065','0'), ('DVO','PRM-0066','0'), ('DVO','PRM-0067','0'), ('DVO','PRM-0068','0'), ('DVO','PRM-0069','0'), ('DVO','PRM-0070','0'), ('DVO','PRM-0071','0'), ('DVO','PRM-0072','0'), ('DVO','PRM-0073','0'), ('DVO','PRM-0074','0'), ('DVO','PRM-0075','0'), ('DVO','PRM-0076','0'), ('DVO','PRM-0077','0'), ('DVO','PRM-0078','0'), ('DVO','PRM-0079','0'), ('DVO','PRM-0080','0'), ('DVO','PRM-0081','0'), ('DVO','PRM-0082','0'), ('DVO','PRM-0083','0'), ('DVO','PRM-0084','0'), ('DVO','PRM-0085','0'), ('DVO','PRM-0086','0'), ('DVO','PRM-0087','0'), ('DVO','PRM-0088','0'), ('DVO','PRM-0089','0'), ('DVO','PRM-0090','0'), ('DVO','PRM-0091','0'), ('DVO','PRM-0092','0'), ('DVO','PRM-0093','0'), ('DVO','PRM-0094','0');
INSERT INTO `0_loc_stock` VALUES ('DVO','PRM-0095','0'), ('DVO','PRM-0096','0'), ('DVO','PRM-0097','0'), ('DVO','PRM-0098','0'), ('DVO','PRM-0099','0'), ('DVO','PRM-0102','0'), ('DVO','PRM-0103','0'), ('DVO','PRM-0104','0'), ('DVO','PRM-0105','0'), ('DVO','PRM-0106','0'), ('DVO','PRM-0107','0'), ('DVO','PRM-0108','0'), ('DVO','PRM-0109','0'), ('DVO','PRM-0110','0'), ('DVO','PRM-0111','0'), ('DVO','PRM-0112','0'), ('DVO','PRM-0113','0'), ('DVO','PRM-0114','0'), ('DVO','PRM-0115','0'), ('DVO','PRM-0116','0'), ('DVO','PRM-0117','0'), ('DVO','PRM-0118','0'), ('DVO','PRM-0119','0'), ('DVO','PRM-0120','0'), ('DVO','PRM-0121','0'), ('DVO','PRM-0122','0'), ('DVO','PRM-0123','0'), ('DVO','PRM-0124','0'), ('DVO','PRM-0125','0'), ('DVO','PRM-0126','0'), ('DVO','PRM-0127','0'), ('DVO','PRM-0128','0'), ('DVO','PRM-0129','0'), ('DVO','PRM-0130','0'), ('DVO','PRM-0131','0'), ('DVO','PRM-0132','0'), ('DVO','PRM-0133','0'), ('DVO','PRM-0134','0'), ('DVO','PRM-0135','0'), ('DVO','PRM-0136','0'), ('DVO','PRM-0137','0'), ('DVO','PRM-0138','0'), ('DVO','PRM-0139','0'), ('DVO','PRM-0140','0'), ('DVO','PRM-0141','0'), ('DVO','PRM-0142','0'), ('DVO','PRM-0143','0'), ('DVO','PRM-0144','0'), ('DVO','PRM-0145','0'), ('DVO','PRM-0146','0'), ('DVO','PRM-0147','0'), ('DVO','PRM-0148','0'), ('DVO','PRM-0149','0'), ('DVO','PRM-0150','0'), ('DVO','PRM-0151','0'), ('DVO','PRM-0152','0'), ('DVO','PRM-0153','0'), ('DVO','PRM-0154','0'), ('DVO','PRM-0155','0'), ('DVO','PRM-0156','0'), ('DVO','PRM-0157','0'), ('DVO','PRM-0158','0'), ('DVO','PRM-0159','0'), ('DVO','PRM-0160','0'), ('DVO','PRM-0161','0'), ('DVO','PRM-0162','0'), ('DVO','PRM-0163','0'), ('DVO','PRM-0164','0'), ('DVO','PRM-0165','0'), ('DVO','PRM-0166','0'), ('DVO','PRM-0167','0'), ('DVO','PRM-0168','0'), ('DVO','PRM-0169','0'), ('DVO','PRM-0170','0'), ('DVO','PRM-0171','0'), ('DVO','PRM-0172','0'), ('DVO','PRM-0173','0'), ('DVO','PRM-0174','0'), ('DVO','PRM-0175','0'), ('DVO','PRM-0176','0'), ('DVO','PRM-0177','0'), ('DVO','PRM-0178','0'), ('DVO','PRM-0179','0'), ('DVO','PRM-0180','0'), ('DVO','PRM-0181','0'), ('DVO','PRM-0182','0'), ('DVO','PRM-0183','0'), ('DVO','PRM-0184','0'), ('DVO','PRM-0185','0'), ('DVO','PRM-0186','0'), ('DVO','PRM-0187','0'), ('DVO','PRM-0188','0'), ('DVO','PRM-0189','0'), ('DVO','PRM-0190','0'), ('DVO','PRM-0191','0'), ('DVO','PRM-0192','0'), ('DVO','PRM-0193','0'), ('DVO','PRM-0194','0'), ('DVO','PRM-0195','0'), ('DVO','PRM-0196','0');
INSERT INTO `0_loc_stock` VALUES ('DVO','PRM-0197','0'), ('DVO','PRM-0198','0'), ('DVO','PRM-0199','0'), ('DVO','PRM-0200','0'), ('DVO','PRM-0201','0'), ('DVO','PRM-0202','0'), ('DVO','PRM-0203','0'), ('DVO','PRM-0204','0'), ('DVO','PRM-0205','0'), ('DVO','PRM-0206','0'), ('DVO','PRM-0207','0'), ('DVO','PRM-0208','0'), ('DVO','PRM-0209','0'), ('DVO','PRM-0210','0'), ('DVO','PRM-0211','0'), ('DVO','PRM-0212','0'), ('DVO','PRM-0213','0'), ('DVO','PRM-0214','0'), ('DVO','PRM-0215','0'), ('DVO','PRM-0216','0'), ('DVO','PRM-0217','0'), ('DVO','PRM-0218','0'), ('DVO','PRM-0219','0'), ('DVO','PRM-0220','0'), ('DVO','PRM-0221','0'), ('DVO','PRM-0222','0'), ('DVO','PRM-0223','0'), ('DVO','PRM-0224','0'), ('DVO','PRM-0225','0'), ('DVO','PRM-0226','0'), ('DVO','PRM-0227','0'), ('DVO','PRM-0228','0'), ('DVO','PRM-0229','0'), ('DVO','PRM-0230','0'), ('DVO','PRM-0231','0'), ('DVO','PRM-0232','0'), ('DVO','PRM-0233','0'), ('DVO','PRM-0234','0'), ('DVO','PRM-0235','0'), ('DVO','PRM-0236','0'), ('DVO','PRM-0237','0'), ('DVO','PRM-0238','0'), ('DVO','PRM-0239','0'), ('DVO','PRM-0240','0'), ('DVO','PRM-0241','0'), ('DVO','PRM-0242','0'), ('DVO','PRM-0243','0'), ('DVO','PRM-0244','0'), ('DVO','PRM-0245','0'), ('DVO','PRM-0246','0'), ('DVO','PRM-0247','0'), ('DVO','PRM-0248','0'), ('DVO','PRM-0249','0'), ('DVO','PRM-0250','0'), ('DVO','PRM-0251','0'), ('DVO','PRM-0252','0'), ('DVO','PRM-0253','0'), ('DVO','PRM-0254','0'), ('DVO','PRM-0255','0'), ('DVO','PRM-0256','0'), ('DVO','PRM-0257','0'), ('DVO','PRM-0258','0'), ('DVO','PRM-0259','0'), ('DVO','PRM-0260','0'), ('DVO','PRM-0261','0'), ('DVO','PRM-0262','0'), ('DVO','PRM-0263','0'), ('DVO','PRM-0264','0'), ('DVO','PRM-0265','0'), ('DVO','PRM-0266','0'), ('DVO','PRM-0267','0'), ('DVO','PRM-0268','0'), ('DVO','PRM-0269','0'), ('DVO','PRM-0270','0'), ('DVO','PRM-0271','0'), ('DVO','PRM-0272','0'), ('DVO','PRM-0273','0'), ('DVO','PRM-0274','0'), ('DVO','PRM-0275','0'), ('DVO','PRM-0276','0'), ('DVO','PRM-0277','0'), ('DVO','PRM-0278','0'), ('DVO','PRM-0279','0'), ('DVO','PRM-0280','0'), ('DVO','PRM-0281','0'), ('DVO','PRM-0282','0'), ('DVO','PRM-0283','0'), ('DVO','PRM-0284','0'), ('DVO','PRM-0285','0'), ('DVO','PRM-0286','0'), ('DVO','PRM-0287','0'), ('DVO','PRM-0288','0'), ('DVO','PRM-0289','0'), ('DVO','PRM-0290','0'), ('DVO','PRM-0291','0'), ('DVO','PRM-0292','0'), ('DVO','PRM-0293','0'), ('DVO','PRM-0294','0'), ('DVO','PRM-0295','0'), ('DVO','PRM-0296','0');
INSERT INTO `0_loc_stock` VALUES ('DVO','PRM-0297','0'), ('DVO','PRM-0298','0'), ('DVO','PRM-0299','0'), ('DVO','PRM-0300','0'), ('DVO','PRM-0301','0'), ('DVO','PRM-0302','0'), ('DVO','PRM-0303','0'), ('DVO','PRM-0304','0'), ('DVO','PRM-0305','0'), ('DVO','PRM-0306','0'), ('DVO','PRM-0307','0'), ('DVO','PRM-0308','0'), ('DVO','PRM-0309','0'), ('DVO','PRM-0310','0'), ('DVO','PRM-0311','0'), ('DVO','PRM-0312','0'), ('DVO','PRM-0313','0'), ('DVO','PRM-0314','0'), ('DVO','PRM-0315','0'), ('DVO','PRM-0316','0'), ('DVO','PRM-0317','0'), ('DVO','PRM-0318','0'), ('DVO','PRM-0319','0'), ('DVO','PRM-0320','0'), ('DVO','PRM-0321','0'), ('DVO','PRM-0322','0'), ('DVO','PRM-0323','0'), ('DVO','PRM-0324','0'), ('DVO','PRM-0325','0'), ('DVO','PRM-0326','0'), ('DVO','PRM-0327','0'), ('DVO','PRM-0328','0'), ('DVO','PRM-0329','0'), ('DVO','PRM-0330','0'), ('DVO','PRM-0331','0'), ('DVO','PRM-0332','0'), ('DVO','PRM-0333','0'), ('DVO','PRM-0334','0'), ('DVO','PRM-0335','0'), ('DVO','PRM-0336','0'), ('DVO','PRM-0337','0'), ('DVO','PRM-0338','0'), ('DVO','PRM-0339','0'), ('DVO','PRM-0340','0'), ('DVO','PRM-0341','0'), ('DVO','PRM-0342','0'), ('DVO','PRM-0343','0'), ('DVO','PRM-0344','0'), ('DVO','PRM-0345','0'), ('DVO','PRM-0346','0'), ('DVO','PRM-0347','0'), ('DVO','PRM-0348','0'), ('DVO','PRM-0349','0'), ('DVO','PRM-0350','0'), ('DVO','PRM-0351','0'), ('DVO','PRM-0352','0'), ('DVO','PRM-0353','0'), ('DVO','PRM-0354','0'), ('DVO','PRM-0355','0'), ('DVO','PRM-0356','0'), ('DVO','PRM-0357','0'), ('DVO','PRM-0358','0'), ('DVO','PRM-0359','0'), ('DVO','PRM-0360','0'), ('DVO','PRM-0361','0'), ('DVO','PRM-0362','0'), ('DVO','PRM-0363','0'), ('DVO','PRM-0364','0'), ('DVO','PRM-0365','0'), ('DVO','PRM-0366','0'), ('DVO','PRM-0367','0'), ('DVO','PRM-0368','0'), ('DVO','PRM-0369','0'), ('DVO','PRM-0370','0'), ('DVO','PRM-0371','0'), ('DVO','PRM-0372','0'), ('DVO','PRM-0373','0'), ('DVO','PRM-0374','0'), ('DVO','PRM-0375','0'), ('DVO','PRM-0376','0'), ('DVO','PRM-0377','0'), ('DVO','PRM-0378','0'), ('DVO','PRM-0379','0'), ('DVO','PRM-100','0'), ('DVO','PRM-101','0'), ('DVO','PRP-0001','0'), ('DVO','PRP-0002','0'), ('DVO','PRP-0003','0'), ('DVO','PRP-0004','0'), ('DVO','PRP-0005','0'), ('DVO','PRP-0006','0'), ('DVO','PRP-0007','0'), ('DVO','PRP-0008','0'), ('DVO','PRP-0009','0'), ('DVO','PRP-0010','0'), ('DVO','PRP-0011','0'), ('DVO','PRP-0012','0'), ('DVO','PRP-0013','0'), ('DVO','PRP-0014','0'), ('DVO','PRP-0015','0');
INSERT INTO `0_loc_stock` VALUES ('DVO','PRP-0016','0'), ('DVO','PRP-0017','0'), ('DVO','PRP-0018','0'), ('DVO','PRP-0019','0'), ('DVO','PRP-0020','0'), ('DVO','PRP-0021','0'), ('DVO','PRP-0022','0'), ('DVO','PRP-0023','0'), ('DVO','PRP-0024','0'), ('DVO','PRP-0025','0'), ('DVO','PRP-0026','0'), ('DVO','PRP-0027','0'), ('DVO','PRP-0028','0'), ('DVO','PRP-0029','0'), ('DVO','PRP-0030','0'), ('DVO','PRP-0031','0'), ('DVO','PRP-0032','0'), ('DVO','PRP-0033','0'), ('DVO','PRP-0034','0'), ('DVO','PRP-0035','0'), ('DVO','PRP-0036','0'), ('DVO','PRP-0037','0'), ('DVO','PRP-0038','0'), ('DVO','PRP-0039','0'), ('DVO','PRP-0040','0'), ('DVO','PRP-0041','0'), ('DVO','PRP-0042','0'), ('DVO','PRP-0043','0'), ('DVO','PRP-0044','0'), ('DVO','PRP-0045','0'), ('DVO','PRP-0046','0'), ('DVO','PRP-0047','0'), ('DVO','PRP-0048','0'), ('DVO','PRP-0049','0'), ('DVO','PRP-0050','0'), ('DVO','PRP-0051','0'), ('DVO','PRP-0052','0'), ('DVO','PRP-0053','0'), ('DVO','PRP-0054','0'), ('DVO','PRP-0055','0'), ('DVO','PRP-0056','0'), ('DVO','PRP-0057','0'), ('DVO','PRP-0058','0'), ('DVO','PRP-0059','0'), ('DVO','PRP-0060','0'), ('DVO','PRP-0061','0'), ('DVO','PRP-0062','0'), ('DVO','PRP-0063','0'), ('DVO','PRP-0064','0'), ('DVO','PRP-0065','0'), ('DVO','PRP-0066','0'), ('DVO','PRP-0067','0'), ('DVO','PRP-0068','0'), ('DVO','PRP-0069','0'), ('DVO','PRP-0070','0'), ('DVO','PRP-0071','0'), ('DVO','PRP-0072','0'), ('DVO','PRP-0073','0'), ('DVO','PRP-0074','0'), ('DVO','PRP-0075','0'), ('DVO','PRP-0076','0'), ('DVO','PRP-0077','0'), ('DVO','PRP-0078','0'), ('DVO','PRP-0079','0'), ('DVO','PRP-0080','0'), ('DVO','PRP-0081','0'), ('DVO','PRP-0082','0'), ('DVO','PRP-0083','0'), ('DVO','PRP-0084','0'), ('DVO','PRP-0085','0'), ('DVO','PRP-0086','0'), ('DVO','PRP-0087','0'), ('DVO','PRP-0088','0'), ('DVO','PRP-0089','0'), ('DVO','PRP-0090','0'), ('DVO','PRP-0091','0'), ('DVO','PRP-0092','0'), ('DVO','PRP-0093','0'), ('DVO','PRP-0094','0'), ('DVO','PRP-0095','0'), ('DVO','PRP-0096','0'), ('DVO','PRP-0097','0'), ('DVO','PRP-0098','0'), ('DVO','PRP-0099','0'), ('DVO','PRP-0100','0'), ('DVO','PRP-0101','0'), ('DVO','PRP-0102','0'), ('DVO','PRP-0103','0'), ('DVO','PRP-0104','0'), ('DVO','PRP-0105','0'), ('DVO','PRP-0106','0'), ('DVO','PRP-0107','0'), ('DVO','PRP-0108','0'), ('DVO','PRP-0109','0'), ('DVO','PRP-0110','0'), ('DVO','PRP-0111','0'), ('DVO','PRP-0112','0'), ('DVO','PRP-0113','0'), ('DVO','PRP-0114','0'), ('DVO','PRP-0115','0');
INSERT INTO `0_loc_stock` VALUES ('DVO','PRP-0116','0'), ('DVO','PRP-0117','0'), ('DVO','PRP-0118','0'), ('DVO','PRP-0119','0'), ('DVO','PRP-0120','0'), ('DVO','PRP-0121','0'), ('DVO','PRP-0122','0'), ('DVO','PRP-0123','0'), ('DVO','PRP-0124','0'), ('DVO','PRP-0125','0'), ('DVO','PRP-0126','0'), ('DVO','PRP-0127','0'), ('DVO','PRP-0128','0'), ('DVO','PRP-0129','0'), ('DVO','PRP-0130','0'), ('DVO','PRP-0131','0'), ('DVO','PRP-0132','0'), ('DVO','PRP-0133','0'), ('DVO','PRP-0134','0'), ('DVO','PRP-0135','0'), ('DVO','PRP-0136','0'), ('DVO','PRP-0137','0'), ('DVO','PRP-0138','0'), ('DVO','PRP-0139','0'), ('DVO','PRP-0140','0'), ('DVO','PRP-0141','0'), ('DVO','PRP-0142','0'), ('DVO','PRP-0143','0'), ('DVO','PRP-0144','0'), ('DVO','PRP-0145','0'), ('DVO','PRP-0146','0'), ('DVO','PRP-0147','0'), ('DVO','PRP-0148','0'), ('DVO','PRP-0149','0'), ('DVO','PRP-0150','0'), ('DVO','PRP-0151','0'), ('DVO','PRP-0152','0'), ('DVO','PRP-0153','0'), ('DVO','PRP-0154','0'), ('DVO','PRP-0155','0'), ('DVO','PRP-0156','0'), ('DVO','PRP-0157','0'), ('DVO','PRP-0158','0'), ('DVO','PRP-0159','0'), ('DVO','PRP-0160','0'), ('DVO','PRP-0161','0'), ('DVO','PRP-0162','0'), ('DVO','PRP-0163','0'), ('DVO','PRP-0164','0'), ('DVO','PRP-0165','0'), ('DVO','PRP-0166','0'), ('DVO','PRP-0167','0'), ('DVO','PRP-0168','0'), ('DVO','PRP-0169','0'), ('DVO','PRP-0170','0'), ('DVO','PRP-0171','0'), ('DVO','PRP-0172','0'), ('DVO','PRP-0173','0'), ('DVO','PRP-0174','0'), ('DVO','PRP-0175','0'), ('DVO','PRP-0176','0'), ('DVO','PRP-0177','0'), ('DVO','PRP-0178','0'), ('DVO','PRP-0179','0'), ('DVO','PRP-0180','0'), ('DVO','PRP-0181','0'), ('DVO','PRP-0182','0'), ('DVO','PRP-0183','0'), ('DVO','PRP-0184','0'), ('DVO','PRP-0185','0'), ('DVO','PRP-0186','0'), ('DVO','PRP-0187','0'), ('DVO','PRP-0188','0'), ('DVO','PRP-0189','0'), ('DVO','PRP-0190','0'), ('DVO','PRP-0191','0'), ('DVO','PRP-0192','0'), ('DVO','PRP-0193','0'), ('DVO','PRP-0194','0'), ('DVO','PRP-0195','0'), ('DVO','PRP-0196','0'), ('DVO','PRP-0197','0'), ('DVO','PRP-0198','0'), ('DVO','PRP-0199','0'), ('DVO','PRP-0200','0'), ('DVO','PRP-0201','0'), ('DVO','PRP-0202','0'), ('DVO','PRP-0203','0'), ('DVO','PRP-0204','0'), ('DVO','PRP-0205','0'), ('DVO','PRP-0206','0'), ('DVO','PRP-0207','0'), ('DVO','PRP-0208','0'), ('DVO','PRP-0209','0'), ('DVO','PRP-0210','0'), ('DVO','PRP-0211','0'), ('DVO','PRP-0212','0'), ('DVO','PRP-0213','0'), ('DVO','PRP-0214','0'), ('DVO','PRP-0215','0');
INSERT INTO `0_loc_stock` VALUES ('DVO','PRP-0216','0'), ('DVO','PRP-0217','0'), ('DVO','PRP-0218','0'), ('DVO','PRP-0219','0'), ('DVO','PRP-0220','0'), ('DVO','PRP-0221','0'), ('DVO','PRP-0222','0'), ('DVO','PRP-0223','0'), ('DVO','PRP-0224','0'), ('DVO','PRP-0225','0'), ('DVO','PRP-0226','0'), ('DVO','PRP-0227','0'), ('DVO','PRP-0228','0'), ('DVO','PRP-0229','0'), ('DVO','PRP-0230','0'), ('DVO','PRP-0231','0'), ('DVO','PRP-0232','0'), ('DVO','PRP-0233','0'), ('DVO','PRP-0234','0'), ('DVO','PRP-0235','0'), ('DVO','PRP-0236','0'), ('DVO','PRP-0237','0'), ('DVO','PRP-0238','0'), ('DVO','PRP-0239','0'), ('DVO','PRP-0240','0'), ('DVO','PRP-0241','0'), ('DVO','PRP-0242','0'), ('DVO','PRP-0243','0'), ('DVO','PRP-0244','0'), ('DVO','PRP-0245','0'), ('DVO','PRP-0246','0'), ('DVO','PRP-0247','0'), ('DVO','PRP-0248','0'), ('DVO','PRP-0249','0'), ('DVO','PRP-0250','0'), ('DVO','PRP-0251','0'), ('DVO','PRP-0252','0'), ('DVO','PRP-0253','0'), ('DVO','PRP-0254','0'), ('DVO','PRP-0255','0'), ('DVO','PRP-0256','0'), ('DVO','PRP-0257','0'), ('DVO','PRP-0258','0'), ('DVO','PRP-0259','0'), ('DVO','PRP-0260','0'), ('DVO','PRP-0261','0'), ('DVO','PRP-0262','0'), ('DVO','PRP-0263','0'), ('DVO','PRP-0264','0'), ('DVO','PRP-0265','0'), ('DVO','PRP-0266','0'), ('DVO','PRP-0267','0'), ('DVO','PRP-0268','0'), ('DVO','PRP-0269','0'), ('DVO','PRP-0270','0'), ('DVO','PRP-0271','0'), ('DVO','PRP-0272','0'), ('DVO','PRP-0273','0'), ('DVO','PRP-0274','0'), ('DVO','PRP-0275','0'), ('DVO','PRP-0276','0'), ('DVO','PRP-0277','0'), ('DVO','PRP-0278','0'), ('DVO','PRP-0279','0'), ('DVO','PRP-0280','0'), ('DVO','PRP-0281','0'), ('DVO','PRP-0282','0'), ('DVO','PRP-0283','0'), ('DVO','PRT-0001','0'), ('DVO','PRT-0002','0'), ('DVO','PRT-0003','0'), ('DVO','PRT-0004','0'), ('DVO','PRT-0005','0'), ('DVO','PRT-0006','0'), ('DVO','PRT-0007','0'), ('DVO','PRT-0008','0'), ('DVO','PRT-0009','0'), ('DVO','PRT-0010','0'), ('DVO','PRT-0011','0'), ('DVO','PRT-0012','0'), ('DVO','TNR-0001','0'), ('DVO','TNR-0002','0'), ('DVO','TNR-0003','0'), ('DVO','TNR-0004','0'), ('DVO','TNR-0005','0'), ('DVO','TNR-0006','0'), ('DVO','TNR-0010','0'), ('DVO','TNR-0011','0'), ('DVO','TNR-0012','0'), ('DVO','TNR-0013','0'), ('DVO','TNR-0014','0'), ('DVO','TNR-0015','0'), ('DVO','TNR-0016','0'), ('DVO','TNR-0017','0'), ('DVO','TNR-0018','0'), ('DVO','TNR-0019','0'), ('DVO','TNR-0020','0'), ('DVO','TNR-0021','0'), ('DVO','TNR-0022','0'), ('DVO','TNR-0023','0');
INSERT INTO `0_loc_stock` VALUES ('DVO','TNR-0024','0'), ('DVO','TNR-0025','0'), ('DVO','TNR-0026','0'), ('DVO','TNR-0027','0'), ('DVO','TNR-0028','0'), ('DVO','TNR-0029','0'), ('DVO','TNR-0030','0'), ('DVO','TNR-0031','0'), ('DVO','TNR-0032','0'), ('DVO','TNR-0033','0'), ('DVO','TNR-0034','0'), ('DVO','TNR-0035','0'), ('DVO','TNR-0036','0'), ('DVO','TNR-0037','0'), ('DVO','TNR-0038','0'), ('DVO','TNR-0039','0'), ('DVO','TNR-0040','0'), ('DVO','TNR-0041','0'), ('DVO','TNR-0042','0'), ('DVO','TNR-0043','0'), ('DVO','TNR-0044','0'), ('DVO','TNR-0045','0'), ('DVO','TNR-0046','0'), ('DVO','TNR-0047','0'), ('DVO','TNR-0048','0'), ('DVO','TNR-0049','0'), ('DVO','TNR-0050','0'), ('DVO','TNR-0051','0'), ('DVO','TNR-0052','0'), ('DVO','TNR-0053','0'), ('DVO','TNR-0054','0'), ('DVO','TNR-0055','0'), ('DVO','TNR-0056','0'), ('DVO','TNR-0057','0'), ('DVO','TNR-0058','0'), ('DVO','TNR-0059','0'), ('DVO','TNR-0060','0'), ('DVO','TNR-0061','0'), ('DVO','TNR-0062','0'), ('DVO','TNR-0063','0'), ('DVO','TNR-0064','0'), ('DVO','TNR-0065','0'), ('DVO','TNR-0066','0'), ('DVO','TNR-0067','0'), ('DVO','TNR-0068','0'), ('DVO','TNR-0069','0'), ('DVO','TNR-007','0'), ('DVO','TNR-0070','0'), ('DVO','TNR-0071','0'), ('DVO','TNR-0072','0'), ('DVO','TNR-0073','0'), ('DVO','TNR-0074','0'), ('DVO','TNR-0075','0'), ('DVO','TNR-0076','0'), ('DVO','TNR-0077','0'), ('DVO','TNR-0078','0'), ('DVO','TNR-0079','0'), ('DVO','TNR-008','0'), ('DVO','TNR-0080','0'), ('DVO','TNR-0081','0'), ('DVO','TNR-0082','0'), ('DVO','TNR-0083','0'), ('DVO','TNR-0084','0'), ('DVO','TNR-0085','0'), ('DVO','TNR-0086','0'), ('DVO','TNR-0087','0'), ('DVO','TNR-0088','0'), ('DVO','TNR-0089','0'), ('DVO','TNR-009','0'), ('DVO','TNR-0090','0'), ('DVO','TNR-0091','0'), ('DVO','TNR-0092','0'), ('DVO','TNR-0093','0'), ('DVO','TNR-0094','0'), ('DVO','TNR-0095','0'), ('DVO','TNR-0096','0'), ('DVO','TNR-0097','0'), ('DVO','TNR-0098','0'), ('DVO','TNR-0099','0'), ('DVO','TNR-0100','0'), ('DVO','TNR-0101','0'), ('DVO','TNR-0102','0'), ('DVO','TNR-0103','0'), ('DVO','TNR-0104','0'), ('DVO','TNR-0105','0'), ('DVO','TNR-0106','0'), ('DVO','TNR-0107','0'), ('DVO','TNR-0108','0'), ('DVO','TNR-0109','0'), ('DVO','TNR-0110','0'), ('DVO','TNR-0111','0'), ('DVO','TNR-0112','0'), ('MNL','EMP-0001','0'), ('MNL','EMP-0002','0'), ('MNL','EMP-0003','0'), ('MNL','EMP-0004','0'), ('MNL','EMP-0005','0'), ('MNL','EMP-0006','0'), ('MNL','EMP-0007','0'), ('MNL','EMP-0008','0');
INSERT INTO `0_loc_stock` VALUES ('MNL','EMP-0009','0'), ('MNL','EMP-0010','0'), ('MNL','EMP-0011','0'), ('MNL','EMP-0012','0'), ('MNL','EMP-0013','0'), ('MNL','EMP-0014','0'), ('MNL','EMP-0015','0'), ('MNL','EMP-0016','0'), ('MNL','EMP-0017','0'), ('MNL','EMP-0018','0'), ('MNL','EMP-0019','0'), ('MNL','EMP-0020','0'), ('MNL','EMP-0021','0'), ('MNL','EMP-0022','0'), ('MNL','EMP-0023','0'), ('MNL','EMP-0024','0'), ('MNL','EMP-0025','0'), ('MNL','EMP-0026','0'), ('MNL','EMP-0027','0'), ('MNL','EMP-0028','0'), ('MNL','EMP-0029','0'), ('MNL','EMP-0030','0'), ('MNL','EMP-0031','0'), ('MNL','EMP-0032','0'), ('MNL','EMP-0033','0'), ('MNL','EMP-0034','0'), ('MNL','EMP-0035','0'), ('MNL','EMP-0036','0'), ('MNL','EMP-0037','0'), ('MNL','EMP-0038','0'), ('MNL','EMP-0039','0'), ('MNL','EMP-0040','0'), ('MNL','EMP-0041','0'), ('MNL','EMP-0042','0'), ('MNL','EMP-0043','0'), ('MNL','EMP-0044','0'), ('MNL','EMP-0045','0'), ('MNL','EMP-0046','0'), ('MNL','EMP-0047','0'), ('MNL','EMP-0048','0'), ('MNL','EMP-0049','0'), ('MNL','EMP-0050','0'), ('MNL','EMP-0051','0'), ('MNL','EMP-0052','0'), ('MNL','EMP-0053','0'), ('MNL','EMP-0054','0'), ('MNL','EMP-0055','0'), ('MNL','EMP-0056','0'), ('MNL','EMP-0057','0'), ('MNL','EMP-0058','0'), ('MNL','EMP-0059','0'), ('MNL','EMP-0060','0'), ('MNL','EMP-0061','0'), ('MNL','EMP-0062','0'), ('MNL','EMP-0063','0'), ('MNL','EMP-0064','0'), ('MNL','EMP-0065','0'), ('MNL','EMP-0066','0'), ('MNL','EMP-0067','0'), ('MNL','EMP-0068','0'), ('MNL','EMP-0069','0'), ('MNL','EMP-0070','0'), ('MNL','EMP-0071','0'), ('MNL','EMP-0072','0'), ('MNL','EMP-0073','0'), ('MNL','EMP-0074','0'), ('MNL','EMP-0075','0'), ('MNL','EMP-0076','0'), ('MNL','EMP-0077','0'), ('MNL','EMP-0078','0'), ('MNL','EMP-0079','0'), ('MNL','EMP-0080','0'), ('MNL','EMP-0081','0'), ('MNL','EMP-0082','0'), ('MNL','EMP-0083','0'), ('MNL','EMP-0084','0'), ('MNL','EMP-0085','0'), ('MNL','EMP-0086','0'), ('MNL','EMP-0087','0'), ('MNL','EMP-0088','0'), ('MNL','EMP-0089','0'), ('MNL','EMP-0090','0'), ('MNL','EMP-0091','0'), ('MNL','EMP-0092','0'), ('MNL','EMP-0093','0'), ('MNL','EMP-0094','0'), ('MNL','EMP-0095','0'), ('MNL','EMP-0096','0'), ('MNL','EMP-0097','0'), ('MNL','EMP-0098','0'), ('MNL','EMP-0099','0'), ('MNL','EMP-0100','0'), ('MNL','EMP-0101','0'), ('MNL','EMP-0102','0'), ('MNL','EMP-0103','0'), ('MNL','EMP-0104','0'), ('MNL','EMP-0105','0'), ('MNL','EMP-0106','0'), ('MNL','EMP-0107','0'), ('MNL','EMP-0108','0');
INSERT INTO `0_loc_stock` VALUES ('MNL','EMP-0109','0'), ('MNL','EMP-0110','0'), ('MNL','EMP-0111','0'), ('MNL','EMP-0112','0'), ('MNL','EMP-0113','0'), ('MNL','EMP-0114','0'), ('MNL','EMP-0115','0'), ('MNL','EMP-0116','0'), ('MNL','EMP-0117','0'), ('MNL','EMP-0118','0'), ('MNL','EMP-0119','0'), ('MNL','EMP-0120','0'), ('MNL','EMP-0121','0'), ('MNL','EMP-0122','0'), ('MNL','EMP-0123','0'), ('MNL','EMP-0124','0'), ('MNL','EMP-0125','0'), ('MNL','EMP-0126','0'), ('MNL','EMP-0127','0'), ('MNL','EMP-0128','0'), ('MNL','EMP-0129','0'), ('MNL','EMP-0130','0'), ('MNL','EMP-0131','0'), ('MNL','EMP-0132','0'), ('MNL','EMP-0133','0'), ('MNL','EMP-0134','0'), ('MNL','EMP-0135','0'), ('MNL','EMP-0136','0'), ('MNL','EMP-0137','0'), ('MNL','EMP-0138','0'), ('MNL','EMP-0139','0'), ('MNL','EMP-0140','0'), ('MNL','EMP-0141','0'), ('MNL','PRM-0001','0'), ('MNL','PRM-0002','0'), ('MNL','PRM-0003','0'), ('MNL','PRM-0004','0'), ('MNL','PRM-0005','0'), ('MNL','PRM-0006','0'), ('MNL','PRM-0007','0'), ('MNL','PRM-0008','0'), ('MNL','PRM-0009','0'), ('MNL','PRM-0010','0'), ('MNL','PRM-0011','0'), ('MNL','PRM-0012','0'), ('MNL','PRM-0015','0'), ('MNL','PRM-0016','0'), ('MNL','PRM-0017','0'), ('MNL','PRM-0018','0'), ('MNL','PRM-0019','0'), ('MNL','PRM-0020','0'), ('MNL','PRM-0021','0'), ('MNL','PRM-0022','0'), ('MNL','PRM-0023','0'), ('MNL','PRM-0025','0'), ('MNL','PRM-0026','0'), ('MNL','PRM-0027','0'), ('MNL','PRM-0028','0'), ('MNL','PRM-0029','0'), ('MNL','PRM-0030','0'), ('MNL','PRM-0031','0'), ('MNL','PRM-0032','0'), ('MNL','PRM-0033','0'), ('MNL','PRM-0034','0'), ('MNL','PRM-0035','0'), ('MNL','PRM-0036','0'), ('MNL','PRM-0037','0'), ('MNL','PRM-0038','0'), ('MNL','PRM-0039','0'), ('MNL','PRM-0040','0'), ('MNL','PRM-0041','0'), ('MNL','PRM-0042','0'), ('MNL','PRM-0043','0'), ('MNL','PRM-0044','0'), ('MNL','PRM-0045','0'), ('MNL','PRM-0046','0'), ('MNL','PRM-0047','0'), ('MNL','PRM-0048','0'), ('MNL','PRM-0049','0'), ('MNL','PRM-0050','0'), ('MNL','PRM-0052','0'), ('MNL','PRM-0053','0'), ('MNL','PRM-0054','0'), ('MNL','PRM-0055','0'), ('MNL','PRM-0056','0'), ('MNL','PRM-0057','0'), ('MNL','PRM-0058','0'), ('MNL','PRM-0059','0'), ('MNL','PRM-0060','0'), ('MNL','PRM-0061','0'), ('MNL','PRM-0062','0'), ('MNL','PRM-0063','0'), ('MNL','PRM-0064','0'), ('MNL','PRM-0065','0'), ('MNL','PRM-0066','0'), ('MNL','PRM-0067','0'), ('MNL','PRM-0068','0'), ('MNL','PRM-0069','0'), ('MNL','PRM-0070','0'), ('MNL','PRM-0071','0');
INSERT INTO `0_loc_stock` VALUES ('MNL','PRM-0072','0'), ('MNL','PRM-0073','0'), ('MNL','PRM-0074','0'), ('MNL','PRM-0075','0'), ('MNL','PRM-0076','0'), ('MNL','PRM-0077','0'), ('MNL','PRM-0078','0'), ('MNL','PRM-0079','0'), ('MNL','PRM-0080','0'), ('MNL','PRM-0081','0'), ('MNL','PRM-0082','0'), ('MNL','PRM-0083','0'), ('MNL','PRM-0084','0'), ('MNL','PRM-0085','0'), ('MNL','PRM-0086','0'), ('MNL','PRM-0087','0'), ('MNL','PRM-0088','0'), ('MNL','PRM-0089','0'), ('MNL','PRM-0090','0'), ('MNL','PRM-0091','0'), ('MNL','PRM-0092','0'), ('MNL','PRM-0093','0'), ('MNL','PRM-0094','0'), ('MNL','PRM-0095','0'), ('MNL','PRM-0096','0'), ('MNL','PRM-0097','0'), ('MNL','PRM-0098','0'), ('MNL','PRM-0099','0'), ('MNL','PRM-0102','0'), ('MNL','PRM-0103','0'), ('MNL','PRM-0104','0'), ('MNL','PRM-0105','0'), ('MNL','PRM-0106','0'), ('MNL','PRM-0107','0'), ('MNL','PRM-0108','0'), ('MNL','PRM-0109','0'), ('MNL','PRM-0110','0'), ('MNL','PRM-0111','0'), ('MNL','PRM-0112','0'), ('MNL','PRM-0113','0'), ('MNL','PRM-0114','0'), ('MNL','PRM-0115','0'), ('MNL','PRM-0116','0'), ('MNL','PRM-0117','0'), ('MNL','PRM-0118','0'), ('MNL','PRM-0119','0'), ('MNL','PRM-0120','0'), ('MNL','PRM-0121','0'), ('MNL','PRM-0122','0'), ('MNL','PRM-0123','0'), ('MNL','PRM-0124','0'), ('MNL','PRM-0125','0'), ('MNL','PRM-0126','0'), ('MNL','PRM-0127','0'), ('MNL','PRM-0128','0'), ('MNL','PRM-0129','0'), ('MNL','PRM-0130','0'), ('MNL','PRM-0131','0'), ('MNL','PRM-0132','0'), ('MNL','PRM-0133','0'), ('MNL','PRM-0134','0'), ('MNL','PRM-0135','0'), ('MNL','PRM-0136','0'), ('MNL','PRM-0137','0'), ('MNL','PRM-0138','0'), ('MNL','PRM-0139','0'), ('MNL','PRM-0140','0'), ('MNL','PRM-0141','0'), ('MNL','PRM-0142','0'), ('MNL','PRM-0143','0'), ('MNL','PRM-0144','0'), ('MNL','PRM-0145','0'), ('MNL','PRM-0146','0'), ('MNL','PRM-0147','0'), ('MNL','PRM-0148','0'), ('MNL','PRM-0149','0'), ('MNL','PRM-0150','0'), ('MNL','PRM-0151','0'), ('MNL','PRM-0152','0'), ('MNL','PRM-0153','0'), ('MNL','PRM-0154','0'), ('MNL','PRM-0155','0'), ('MNL','PRM-0156','0'), ('MNL','PRM-0157','0'), ('MNL','PRM-0158','0'), ('MNL','PRM-0159','0'), ('MNL','PRM-0160','0'), ('MNL','PRM-0161','0'), ('MNL','PRM-0162','0'), ('MNL','PRM-0163','0'), ('MNL','PRM-0164','0'), ('MNL','PRM-0165','0'), ('MNL','PRM-0166','0'), ('MNL','PRM-0167','0'), ('MNL','PRM-0168','0'), ('MNL','PRM-0169','0'), ('MNL','PRM-0170','0'), ('MNL','PRM-0171','0'), ('MNL','PRM-0172','0'), ('MNL','PRM-0173','0');
INSERT INTO `0_loc_stock` VALUES ('MNL','PRM-0174','0'), ('MNL','PRM-0175','0'), ('MNL','PRM-0176','0'), ('MNL','PRM-0177','0'), ('MNL','PRM-0178','0'), ('MNL','PRM-0179','0'), ('MNL','PRM-0180','0'), ('MNL','PRM-0181','0'), ('MNL','PRM-0182','0'), ('MNL','PRM-0183','0'), ('MNL','PRM-0184','0'), ('MNL','PRM-0185','0'), ('MNL','PRM-0186','0'), ('MNL','PRM-0187','0'), ('MNL','PRM-0188','0'), ('MNL','PRM-0189','0'), ('MNL','PRM-0190','0'), ('MNL','PRM-0191','0'), ('MNL','PRM-0192','0'), ('MNL','PRM-0193','0'), ('MNL','PRM-0194','0'), ('MNL','PRM-0195','0'), ('MNL','PRM-0196','0'), ('MNL','PRM-0197','0'), ('MNL','PRM-0198','0'), ('MNL','PRM-0199','0'), ('MNL','PRM-0200','0'), ('MNL','PRM-0201','0'), ('MNL','PRM-0202','0'), ('MNL','PRM-0203','0'), ('MNL','PRM-0204','0'), ('MNL','PRM-0205','0'), ('MNL','PRM-0206','0'), ('MNL','PRM-0207','0'), ('MNL','PRM-0208','0'), ('MNL','PRM-0209','0'), ('MNL','PRM-0210','0'), ('MNL','PRM-0211','0'), ('MNL','PRM-0212','0'), ('MNL','PRM-0213','0'), ('MNL','PRM-0214','0'), ('MNL','PRM-0215','0'), ('MNL','PRM-0216','0'), ('MNL','PRM-0217','0'), ('MNL','PRM-0218','0'), ('MNL','PRM-0219','0'), ('MNL','PRM-0220','0'), ('MNL','PRM-0221','0'), ('MNL','PRM-0222','0'), ('MNL','PRM-0223','0'), ('MNL','PRM-0224','0'), ('MNL','PRM-0225','0'), ('MNL','PRM-0226','0'), ('MNL','PRM-0227','0'), ('MNL','PRM-0228','0'), ('MNL','PRM-0229','0'), ('MNL','PRM-0230','0'), ('MNL','PRM-0231','0'), ('MNL','PRM-0232','0'), ('MNL','PRM-0233','0'), ('MNL','PRM-0234','0'), ('MNL','PRM-0235','0'), ('MNL','PRM-0236','0'), ('MNL','PRM-0237','0'), ('MNL','PRM-0238','0'), ('MNL','PRM-0239','0'), ('MNL','PRM-0240','0'), ('MNL','PRM-0241','0'), ('MNL','PRM-0242','0'), ('MNL','PRM-0243','0'), ('MNL','PRM-0244','0'), ('MNL','PRM-0245','0'), ('MNL','PRM-0246','0'), ('MNL','PRM-0247','0'), ('MNL','PRM-0248','0'), ('MNL','PRM-0249','0'), ('MNL','PRM-0250','0'), ('MNL','PRM-0251','0'), ('MNL','PRM-0252','0'), ('MNL','PRM-0253','0'), ('MNL','PRM-0254','0'), ('MNL','PRM-0255','0'), ('MNL','PRM-0256','0'), ('MNL','PRM-0257','0'), ('MNL','PRM-0258','0'), ('MNL','PRM-0259','0'), ('MNL','PRM-0260','0'), ('MNL','PRM-0261','0'), ('MNL','PRM-0262','0'), ('MNL','PRM-0263','0'), ('MNL','PRM-0264','0'), ('MNL','PRM-0265','0'), ('MNL','PRM-0266','0'), ('MNL','PRM-0267','0'), ('MNL','PRM-0268','0'), ('MNL','PRM-0269','0'), ('MNL','PRM-0270','0'), ('MNL','PRM-0271','0'), ('MNL','PRM-0272','0'), ('MNL','PRM-0273','0');
INSERT INTO `0_loc_stock` VALUES ('MNL','PRM-0274','0'), ('MNL','PRM-0275','0'), ('MNL','PRM-0276','0'), ('MNL','PRM-0277','0'), ('MNL','PRM-0278','0'), ('MNL','PRM-0279','0'), ('MNL','PRM-0280','0'), ('MNL','PRM-0281','0'), ('MNL','PRM-0282','0'), ('MNL','PRM-0283','0'), ('MNL','PRM-0284','0'), ('MNL','PRM-0285','0'), ('MNL','PRM-0286','0'), ('MNL','PRM-0287','0'), ('MNL','PRM-0288','0'), ('MNL','PRM-0289','0'), ('MNL','PRM-0290','0'), ('MNL','PRM-0291','0'), ('MNL','PRM-0292','0'), ('MNL','PRM-0293','0'), ('MNL','PRM-0294','0'), ('MNL','PRM-0295','0'), ('MNL','PRM-0296','0'), ('MNL','PRM-0297','0'), ('MNL','PRM-0298','0'), ('MNL','PRM-0299','0'), ('MNL','PRM-0300','0'), ('MNL','PRM-0301','0'), ('MNL','PRM-0302','0'), ('MNL','PRM-0303','0'), ('MNL','PRM-0304','0'), ('MNL','PRM-0305','0'), ('MNL','PRM-0306','0'), ('MNL','PRM-0307','0'), ('MNL','PRM-0308','0'), ('MNL','PRM-0309','0'), ('MNL','PRM-0310','0'), ('MNL','PRM-0311','0'), ('MNL','PRM-0312','0'), ('MNL','PRM-0313','0'), ('MNL','PRM-0314','0'), ('MNL','PRM-0315','0'), ('MNL','PRM-0316','0'), ('MNL','PRM-0317','0'), ('MNL','PRM-0318','0'), ('MNL','PRM-0319','0'), ('MNL','PRM-0320','0'), ('MNL','PRM-0321','0'), ('MNL','PRM-0322','0'), ('MNL','PRM-0323','0'), ('MNL','PRM-0324','0'), ('MNL','PRM-0325','0'), ('MNL','PRM-0326','0'), ('MNL','PRM-0327','0'), ('MNL','PRM-0328','0'), ('MNL','PRM-0329','0'), ('MNL','PRM-0330','0'), ('MNL','PRM-0331','0'), ('MNL','PRM-0332','0'), ('MNL','PRM-0333','0'), ('MNL','PRM-0334','0'), ('MNL','PRM-0335','0'), ('MNL','PRM-0336','0'), ('MNL','PRM-0337','0'), ('MNL','PRM-0338','0'), ('MNL','PRM-0339','0'), ('MNL','PRM-0340','0'), ('MNL','PRM-0341','0'), ('MNL','PRM-0342','0'), ('MNL','PRM-0343','0'), ('MNL','PRM-0344','0'), ('MNL','PRM-0345','0'), ('MNL','PRM-0346','0'), ('MNL','PRM-0347','0'), ('MNL','PRM-0348','0'), ('MNL','PRM-0349','0'), ('MNL','PRM-0350','0'), ('MNL','PRM-0351','0'), ('MNL','PRM-0352','0'), ('MNL','PRM-0353','0'), ('MNL','PRM-0354','0'), ('MNL','PRM-0355','0'), ('MNL','PRM-0356','0'), ('MNL','PRM-0357','0'), ('MNL','PRM-0358','0'), ('MNL','PRM-0359','0'), ('MNL','PRM-0360','0'), ('MNL','PRM-0361','0'), ('MNL','PRM-0362','0'), ('MNL','PRM-0363','0'), ('MNL','PRM-0364','0'), ('MNL','PRM-0365','0'), ('MNL','PRM-0366','0'), ('MNL','PRM-0367','0'), ('MNL','PRM-0368','0'), ('MNL','PRM-0369','0'), ('MNL','PRM-0370','0'), ('MNL','PRM-0371','0'), ('MNL','PRM-0372','0'), ('MNL','PRM-0373','0');
INSERT INTO `0_loc_stock` VALUES ('MNL','PRM-0374','0'), ('MNL','PRM-0375','0'), ('MNL','PRM-0376','0'), ('MNL','PRM-0377','0'), ('MNL','PRM-0378','0'), ('MNL','PRM-0379','0'), ('MNL','PRM-100','0'), ('MNL','PRM-101','0'), ('MNL','PRP-0001','0'), ('MNL','PRP-0002','0'), ('MNL','PRP-0003','0'), ('MNL','PRP-0004','0'), ('MNL','PRP-0005','0'), ('MNL','PRP-0006','0'), ('MNL','PRP-0007','0'), ('MNL','PRP-0008','0'), ('MNL','PRP-0009','0'), ('MNL','PRP-0010','0'), ('MNL','PRP-0011','0'), ('MNL','PRP-0012','0'), ('MNL','PRP-0013','0'), ('MNL','PRP-0014','0'), ('MNL','PRP-0015','0'), ('MNL','PRP-0016','0'), ('MNL','PRP-0017','0'), ('MNL','PRP-0018','0'), ('MNL','PRP-0019','0'), ('MNL','PRP-0020','0'), ('MNL','PRP-0021','0'), ('MNL','PRP-0022','0'), ('MNL','PRP-0023','0'), ('MNL','PRP-0024','0'), ('MNL','PRP-0025','0'), ('MNL','PRP-0026','0'), ('MNL','PRP-0027','0'), ('MNL','PRP-0028','0'), ('MNL','PRP-0029','0'), ('MNL','PRP-0030','0'), ('MNL','PRP-0031','0'), ('MNL','PRP-0032','0'), ('MNL','PRP-0033','0'), ('MNL','PRP-0034','0'), ('MNL','PRP-0035','0'), ('MNL','PRP-0036','0'), ('MNL','PRP-0037','0'), ('MNL','PRP-0038','0'), ('MNL','PRP-0039','0'), ('MNL','PRP-0040','0'), ('MNL','PRP-0041','0'), ('MNL','PRP-0042','0'), ('MNL','PRP-0043','0'), ('MNL','PRP-0044','0'), ('MNL','PRP-0045','0'), ('MNL','PRP-0046','0'), ('MNL','PRP-0047','0'), ('MNL','PRP-0048','0'), ('MNL','PRP-0049','0'), ('MNL','PRP-0050','0'), ('MNL','PRP-0051','0'), ('MNL','PRP-0052','0'), ('MNL','PRP-0053','0'), ('MNL','PRP-0054','0'), ('MNL','PRP-0055','0'), ('MNL','PRP-0056','0'), ('MNL','PRP-0057','0'), ('MNL','PRP-0058','0'), ('MNL','PRP-0059','0'), ('MNL','PRP-0060','0'), ('MNL','PRP-0061','0'), ('MNL','PRP-0062','0'), ('MNL','PRP-0063','0'), ('MNL','PRP-0064','0'), ('MNL','PRP-0065','0'), ('MNL','PRP-0066','0'), ('MNL','PRP-0067','0'), ('MNL','PRP-0068','0'), ('MNL','PRP-0069','0'), ('MNL','PRP-0070','0'), ('MNL','PRP-0071','0'), ('MNL','PRP-0072','0'), ('MNL','PRP-0073','0'), ('MNL','PRP-0074','0'), ('MNL','PRP-0075','0'), ('MNL','PRP-0076','0'), ('MNL','PRP-0077','0'), ('MNL','PRP-0078','0'), ('MNL','PRP-0079','0'), ('MNL','PRP-0080','0'), ('MNL','PRP-0081','0'), ('MNL','PRP-0082','0'), ('MNL','PRP-0083','0'), ('MNL','PRP-0084','0'), ('MNL','PRP-0085','0'), ('MNL','PRP-0086','0'), ('MNL','PRP-0087','0'), ('MNL','PRP-0088','0'), ('MNL','PRP-0089','0'), ('MNL','PRP-0090','0'), ('MNL','PRP-0091','0'), ('MNL','PRP-0092','0');
INSERT INTO `0_loc_stock` VALUES ('MNL','PRP-0093','0'), ('MNL','PRP-0094','0'), ('MNL','PRP-0095','0'), ('MNL','PRP-0096','0'), ('MNL','PRP-0097','0'), ('MNL','PRP-0098','0'), ('MNL','PRP-0099','0'), ('MNL','PRP-0100','0'), ('MNL','PRP-0101','0'), ('MNL','PRP-0102','0'), ('MNL','PRP-0103','0'), ('MNL','PRP-0104','0'), ('MNL','PRP-0105','0'), ('MNL','PRP-0106','0'), ('MNL','PRP-0107','0'), ('MNL','PRP-0108','0'), ('MNL','PRP-0109','0'), ('MNL','PRP-0110','0'), ('MNL','PRP-0111','0'), ('MNL','PRP-0112','0'), ('MNL','PRP-0113','0'), ('MNL','PRP-0114','0'), ('MNL','PRP-0115','0'), ('MNL','PRP-0116','0'), ('MNL','PRP-0117','0'), ('MNL','PRP-0118','0'), ('MNL','PRP-0119','0'), ('MNL','PRP-0120','0'), ('MNL','PRP-0121','0'), ('MNL','PRP-0122','0'), ('MNL','PRP-0123','0'), ('MNL','PRP-0124','0'), ('MNL','PRP-0125','0'), ('MNL','PRP-0126','0'), ('MNL','PRP-0127','0'), ('MNL','PRP-0128','0'), ('MNL','PRP-0129','0'), ('MNL','PRP-0130','0'), ('MNL','PRP-0131','0'), ('MNL','PRP-0132','0'), ('MNL','PRP-0133','0'), ('MNL','PRP-0134','0'), ('MNL','PRP-0135','0'), ('MNL','PRP-0136','0'), ('MNL','PRP-0137','0'), ('MNL','PRP-0138','0'), ('MNL','PRP-0139','0'), ('MNL','PRP-0140','0'), ('MNL','PRP-0141','0'), ('MNL','PRP-0142','0'), ('MNL','PRP-0143','0'), ('MNL','PRP-0144','0'), ('MNL','PRP-0145','0'), ('MNL','PRP-0146','0'), ('MNL','PRP-0147','0'), ('MNL','PRP-0148','0'), ('MNL','PRP-0149','0'), ('MNL','PRP-0150','0'), ('MNL','PRP-0151','0'), ('MNL','PRP-0152','0'), ('MNL','PRP-0153','0'), ('MNL','PRP-0154','0'), ('MNL','PRP-0155','0'), ('MNL','PRP-0156','0'), ('MNL','PRP-0157','0'), ('MNL','PRP-0158','0'), ('MNL','PRP-0159','0'), ('MNL','PRP-0160','0'), ('MNL','PRP-0161','0'), ('MNL','PRP-0162','0'), ('MNL','PRP-0163','0'), ('MNL','PRP-0164','0'), ('MNL','PRP-0165','0'), ('MNL','PRP-0166','0'), ('MNL','PRP-0167','0'), ('MNL','PRP-0168','0'), ('MNL','PRP-0169','0'), ('MNL','PRP-0170','0'), ('MNL','PRP-0171','0'), ('MNL','PRP-0172','0'), ('MNL','PRP-0173','0'), ('MNL','PRP-0174','0'), ('MNL','PRP-0175','0'), ('MNL','PRP-0176','0'), ('MNL','PRP-0177','0'), ('MNL','PRP-0178','0'), ('MNL','PRP-0179','0'), ('MNL','PRP-0180','0'), ('MNL','PRP-0181','0'), ('MNL','PRP-0182','0'), ('MNL','PRP-0183','0'), ('MNL','PRP-0184','0'), ('MNL','PRP-0185','0'), ('MNL','PRP-0186','0'), ('MNL','PRP-0187','0'), ('MNL','PRP-0188','0'), ('MNL','PRP-0189','0'), ('MNL','PRP-0190','0'), ('MNL','PRP-0191','0'), ('MNL','PRP-0192','0');
INSERT INTO `0_loc_stock` VALUES ('MNL','PRP-0193','0'), ('MNL','PRP-0194','0'), ('MNL','PRP-0195','0'), ('MNL','PRP-0196','0'), ('MNL','PRP-0197','0'), ('MNL','PRP-0198','0'), ('MNL','PRP-0199','0'), ('MNL','PRP-0200','0'), ('MNL','PRP-0201','0'), ('MNL','PRP-0202','0'), ('MNL','PRP-0203','0'), ('MNL','PRP-0204','0'), ('MNL','PRP-0205','0'), ('MNL','PRP-0206','0'), ('MNL','PRP-0207','0'), ('MNL','PRP-0208','0'), ('MNL','PRP-0209','0'), ('MNL','PRP-0210','0'), ('MNL','PRP-0211','0'), ('MNL','PRP-0212','0'), ('MNL','PRP-0213','0'), ('MNL','PRP-0214','0'), ('MNL','PRP-0215','0'), ('MNL','PRP-0216','0'), ('MNL','PRP-0217','0'), ('MNL','PRP-0218','0'), ('MNL','PRP-0219','0'), ('MNL','PRP-0220','0'), ('MNL','PRP-0221','0'), ('MNL','PRP-0222','0'), ('MNL','PRP-0223','0'), ('MNL','PRP-0224','0'), ('MNL','PRP-0225','0'), ('MNL','PRP-0226','0'), ('MNL','PRP-0227','0'), ('MNL','PRP-0228','0'), ('MNL','PRP-0229','0'), ('MNL','PRP-0230','0'), ('MNL','PRP-0231','0'), ('MNL','PRP-0232','0'), ('MNL','PRP-0233','0'), ('MNL','PRP-0234','0'), ('MNL','PRP-0235','0'), ('MNL','PRP-0236','0'), ('MNL','PRP-0237','0'), ('MNL','PRP-0238','0'), ('MNL','PRP-0239','0'), ('MNL','PRP-0240','0'), ('MNL','PRP-0241','0'), ('MNL','PRP-0242','0'), ('MNL','PRP-0243','0'), ('MNL','PRP-0244','0'), ('MNL','PRP-0245','0'), ('MNL','PRP-0246','0'), ('MNL','PRP-0247','0'), ('MNL','PRP-0248','0'), ('MNL','PRP-0249','0'), ('MNL','PRP-0250','0'), ('MNL','PRP-0251','0'), ('MNL','PRP-0252','0'), ('MNL','PRP-0253','0'), ('MNL','PRP-0254','0'), ('MNL','PRP-0255','0'), ('MNL','PRP-0256','0'), ('MNL','PRP-0257','0'), ('MNL','PRP-0258','0'), ('MNL','PRP-0259','0'), ('MNL','PRP-0260','0'), ('MNL','PRP-0261','0'), ('MNL','PRP-0262','0'), ('MNL','PRP-0263','0'), ('MNL','PRP-0264','0'), ('MNL','PRP-0265','0'), ('MNL','PRP-0266','0'), ('MNL','PRP-0267','0'), ('MNL','PRP-0268','0'), ('MNL','PRP-0269','0'), ('MNL','PRP-0270','0'), ('MNL','PRP-0271','0'), ('MNL','PRP-0272','0'), ('MNL','PRP-0273','0'), ('MNL','PRP-0274','0'), ('MNL','PRP-0275','0'), ('MNL','PRP-0276','0'), ('MNL','PRP-0277','0'), ('MNL','PRP-0278','0'), ('MNL','PRP-0279','0'), ('MNL','PRP-0280','0'), ('MNL','PRP-0281','0'), ('MNL','PRP-0282','0'), ('MNL','PRP-0283','0'), ('MNL','PRT-0001','0'), ('MNL','PRT-0002','0'), ('MNL','PRT-0003','0'), ('MNL','PRT-0004','0'), ('MNL','PRT-0005','0'), ('MNL','PRT-0006','0'), ('MNL','PRT-0007','0'), ('MNL','PRT-0008','0'), ('MNL','PRT-0009','0');
INSERT INTO `0_loc_stock` VALUES ('MNL','PRT-0010','0'), ('MNL','PRT-0011','0'), ('MNL','PRT-0012','0'), ('MNL','TNR-0001','0'), ('MNL','TNR-0002','0'), ('MNL','TNR-0003','0'), ('MNL','TNR-0004','0'), ('MNL','TNR-0005','0'), ('MNL','TNR-0006','0'), ('MNL','TNR-0010','0'), ('MNL','TNR-0011','0'), ('MNL','TNR-0012','0'), ('MNL','TNR-0013','0'), ('MNL','TNR-0014','0'), ('MNL','TNR-0015','0'), ('MNL','TNR-0016','0'), ('MNL','TNR-0017','0'), ('MNL','TNR-0018','0'), ('MNL','TNR-0019','0'), ('MNL','TNR-0020','0'), ('MNL','TNR-0021','0'), ('MNL','TNR-0022','0'), ('MNL','TNR-0023','0'), ('MNL','TNR-0024','0'), ('MNL','TNR-0025','0'), ('MNL','TNR-0026','0'), ('MNL','TNR-0027','0'), ('MNL','TNR-0028','0'), ('MNL','TNR-0029','0'), ('MNL','TNR-0030','0'), ('MNL','TNR-0031','0'), ('MNL','TNR-0032','0'), ('MNL','TNR-0033','0'), ('MNL','TNR-0034','0'), ('MNL','TNR-0035','0'), ('MNL','TNR-0036','0'), ('MNL','TNR-0037','0'), ('MNL','TNR-0038','0'), ('MNL','TNR-0039','0'), ('MNL','TNR-0040','0'), ('MNL','TNR-0041','0'), ('MNL','TNR-0042','0'), ('MNL','TNR-0043','0'), ('MNL','TNR-0044','0'), ('MNL','TNR-0045','0'), ('MNL','TNR-0046','0'), ('MNL','TNR-0047','0'), ('MNL','TNR-0048','0'), ('MNL','TNR-0049','0'), ('MNL','TNR-0050','0'), ('MNL','TNR-0051','0'), ('MNL','TNR-0052','0'), ('MNL','TNR-0053','0'), ('MNL','TNR-0054','0'), ('MNL','TNR-0055','0'), ('MNL','TNR-0056','0'), ('MNL','TNR-0057','0'), ('MNL','TNR-0058','0'), ('MNL','TNR-0059','0'), ('MNL','TNR-0060','0'), ('MNL','TNR-0061','0'), ('MNL','TNR-0062','0'), ('MNL','TNR-0063','0'), ('MNL','TNR-0064','0'), ('MNL','TNR-0065','0'), ('MNL','TNR-0066','0'), ('MNL','TNR-0067','0'), ('MNL','TNR-0068','0'), ('MNL','TNR-0069','0'), ('MNL','TNR-007','0'), ('MNL','TNR-0070','0'), ('MNL','TNR-0071','0'), ('MNL','TNR-0072','0'), ('MNL','TNR-0073','0'), ('MNL','TNR-0074','0'), ('MNL','TNR-0075','0'), ('MNL','TNR-0076','0'), ('MNL','TNR-0077','0'), ('MNL','TNR-0078','0'), ('MNL','TNR-0079','0'), ('MNL','TNR-008','0'), ('MNL','TNR-0080','0'), ('MNL','TNR-0081','0'), ('MNL','TNR-0082','0'), ('MNL','TNR-0083','0'), ('MNL','TNR-0084','0'), ('MNL','TNR-0085','0'), ('MNL','TNR-0086','0'), ('MNL','TNR-0087','0'), ('MNL','TNR-0088','0'), ('MNL','TNR-0089','0'), ('MNL','TNR-009','0'), ('MNL','TNR-0090','0'), ('MNL','TNR-0091','0'), ('MNL','TNR-0092','0'), ('MNL','TNR-0093','0'), ('MNL','TNR-0094','0'), ('MNL','TNR-0095','0'), ('MNL','TNR-0096','0'), ('MNL','TNR-0097','0');
INSERT INTO `0_loc_stock` VALUES ('MNL','TNR-0098','0'), ('MNL','TNR-0099','0'), ('MNL','TNR-0100','0'), ('MNL','TNR-0101','0'), ('MNL','TNR-0102','0'), ('MNL','TNR-0103','0'), ('MNL','TNR-0104','0'), ('MNL','TNR-0105','0'), ('MNL','TNR-0106','0'), ('MNL','TNR-0107','0'), ('MNL','TNR-0108','0'), ('MNL','TNR-0109','0'), ('MNL','TNR-0110','0'), ('MNL','TNR-0111','0'), ('MNL','TNR-0112','0');
INSERT INTO `0_loc_stock_12` VALUES ('BCD','1111111','0'), ('BCD','CON-0001','0'), ('BCD','CON-0002','0'), ('BCD','CON-0003','0'), ('BCD','CON-0004','0'), ('BCD','CON-0005','0'), ('BCD','CON-0006','0'), ('BCD','CON-0007','0'), ('BCD','CON-0008','0'), ('BCD','CON-0009','0'), ('BCD','CON-0010','0'), ('BCD','MNFC-001','0'), ('BCD','PRP-0001','0'), ('BCD','PRP-0002','0'), ('BCD','PRP-0003','0'), ('BCD','PRP-0004','0'), ('BCD','PRP-0005','0'), ('BCD','PRP-0006','0'), ('BCD','PRT-0001','0'), ('BCD','PRT-0002','0'), ('BCD','PRT-0003','0'), ('BCD','PRT-0004','0'), ('BCD','PRT-0005','0'), ('BCD','PRT-0006','0'), ('BCD','PRT-0007','0'), ('BCD','PRT-0008','0'), ('BCD','PRT-0009','0'), ('BCD','PRT-0010','0'), ('CDO','1111111','0'), ('CDO','CON-0001','0'), ('CDO','CON-0002','0'), ('CDO','CON-0003','0'), ('CDO','CON-0004','0'), ('CDO','CON-0005','0'), ('CDO','CON-0006','0'), ('CDO','CON-0007','0'), ('CDO','CON-0008','0'), ('CDO','CON-0009','0'), ('CDO','CON-0010','0'), ('CDO','MNFC-001','0'), ('CDO','PRP-0001','0'), ('CDO','PRP-0002','0'), ('CDO','PRP-0003','0'), ('CDO','PRP-0004','0'), ('CDO','PRP-0005','0'), ('CDO','PRP-0006','0'), ('CDO','PRT-0001','0'), ('CDO','PRT-0002','0'), ('CDO','PRT-0003','0'), ('CDO','PRT-0004','0'), ('CDO','PRT-0005','0'), ('CDO','PRT-0006','0'), ('CDO','PRT-0007','0'), ('CDO','PRT-0008','0'), ('CDO','PRT-0009','0'), ('CDO','PRT-0010','0'), ('CEB','1111111','0'), ('CEB','CON-0001','0'), ('CEB','CON-0002','0'), ('CEB','CON-0003','0'), ('CEB','CON-0004','0'), ('CEB','CON-0005','0'), ('CEB','CON-0006','0'), ('CEB','CON-0007','0'), ('CEB','CON-0008','0'), ('CEB','CON-0009','0'), ('CEB','CON-0010','0'), ('CEB','MNFC-001','0'), ('CEB','PRP-0001','0'), ('CEB','PRP-0002','0'), ('CEB','PRP-0003','0'), ('CEB','PRP-0004','0'), ('CEB','PRP-0005','0'), ('CEB','PRP-0006','0'), ('CEB','PRT-0001','0'), ('CEB','PRT-0002','0'), ('CEB','PRT-0003','0'), ('CEB','PRT-0004','0'), ('CEB','PRT-0005','0'), ('CEB','PRT-0006','0'), ('CEB','PRT-0007','0'), ('CEB','PRT-0008','0'), ('CEB','PRT-0009','0'), ('CEB','PRT-0010','0'), ('DVO','1111111','0'), ('DVO','CON-0001','0'), ('DVO','CON-0002','0'), ('DVO','CON-0003','0'), ('DVO','CON-0004','0'), ('DVO','CON-0005','0'), ('DVO','CON-0006','0'), ('DVO','CON-0007','0'), ('DVO','CON-0008','0'), ('DVO','CON-0009','0'), ('DVO','CON-0010','0'), ('DVO','MNFC-001','0'), ('DVO','PRP-0001','0'), ('DVO','PRP-0002','0'), ('DVO','PRP-0003','0'), ('DVO','PRP-0004','0');
INSERT INTO `0_loc_stock_12` VALUES ('DVO','PRP-0005','0'), ('DVO','PRP-0006','0'), ('DVO','PRT-0001','0'), ('DVO','PRT-0002','0'), ('DVO','PRT-0003','0'), ('DVO','PRT-0004','0'), ('DVO','PRT-0005','0'), ('DVO','PRT-0006','0'), ('DVO','PRT-0007','0'), ('DVO','PRT-0008','0'), ('DVO','PRT-0009','0'), ('DVO','PRT-0010','0'), ('MNL','1111111','0'), ('MNL','CON-0001','0'), ('MNL','CON-0002','0'), ('MNL','CON-0003','0'), ('MNL','CON-0004','0'), ('MNL','CON-0005','0'), ('MNL','CON-0006','0'), ('MNL','CON-0007','0'), ('MNL','CON-0008','0'), ('MNL','CON-0009','0'), ('MNL','CON-0010','0'), ('MNL','MNFC-001','0'), ('MNL','PRP-0001','0'), ('MNL','PRP-0002','0'), ('MNL','PRP-0003','0'), ('MNL','PRP-0004','0'), ('MNL','PRP-0005','0'), ('MNL','PRP-0006','0'), ('MNL','PRT-0001','0'), ('MNL','PRT-0002','0'), ('MNL','PRT-0003','0'), ('MNL','PRT-0004','0'), ('MNL','PRT-0005','0'), ('MNL','PRT-0006','0'), ('MNL','PRT-0007','0'), ('MNL','PRT-0008','0'), ('MNL','PRT-0009','0'), ('MNL','PRT-0010','0');
INSERT INTO `0_movement_types` VALUES ('1','Adjustment','0');
INSERT INTO `0_payment_terms` VALUES ('7','30 PDC','30','0','0'), ('6','15 PDC','15','0','0'), ('5','7 PDC','7','0','0'), ('4','COD','1','0','0'), ('8','7 Net','7','0','0'), ('9','45 PDC','45','0','0'), ('10','60 PDC','60','0','0'), ('11','15 Net','15','0','0'), ('12','30 Net','30','0','0'), ('13','45 Net','45','0','0'), ('14','60 Net','60','0','0');
INSERT INTO `0_pc_code` VALUES ('1','CEB','TONER','1'), ('2','MNL','TONER','1'), ('3','DVO','TONER','1'), ('4','CDO','TONER','1'), ('5','BCD','TONER','1007');
INSERT INTO `0_printers` VALUES ('1','QL500','Label printer','QL500','server','127','20'), ('2','Samsung','Main network printer','scx4521F','server','515','5'), ('3','Local','Local print server at user IP','lp','','515','10');
INSERT INTO `0_print_profiles` VALUES ('1','Out of office','','0'), ('2','Sales Department','','0'), ('3','Central','','2'), ('4','Sales Department','104','2'), ('5','Sales Department','105','2'), ('6','Sales Department','107','2'), ('7','Sales Department','109','2'), ('8','Sales Department','110','2'), ('9','Sales Department','201','2');
INSERT INTO `0_purch_data` VALUES ('4','PRM-0032','10','','1','SCC, HP1012DBLADE, DOCTOR BLADE FOR HP 12A, 15A, 24A, 13A, FX9'), ('4','PRM-0029','10','','1','SCC, AXDBLADE, DOCTOR BLADE FOR HP 06A, 92A, FX3'), ('4','PRT-0002','10','','1','HP P1102 LASERJET PRINTER ');
INSERT INTO `0_purch_orders` VALUES ('1','4','','2011-12-21','1','','CEB','288 P. Rodriguez St., Poblacion, Lapu-Lapu City 6014, Cebu, Phils.','1','2011-12-21','admin'), ('2','4','sample memo','2011-12-21','2','','CEB','288 P. Rodriguez St., Poblacion, Lapu-Lapu City 6014, Cebu, Phils.','1','2011-12-21','admin'), ('3','4','','2011-12-21','3','','CEB','288 P. Rodriguez St., Poblacion, Lapu-Lapu City 6014, Cebu, Phils.','1','2011-12-21','admin'), ('4','4','','2011-12-21','4','','CEB','288 P. Rodriguez St., Poblacion, Lapu-Lapu City 6014, Cebu, Phils.','1','2011-12-21','admin');
INSERT INTO `0_purch_order_details` VALUES ('1','1','PRM-0029','SCC, AXDBLADE, DOCTOR BLADE FOR HP 06A, 92A, FX3','2011-12-31','0','10','0','0','2','0'), ('2','1','PRP-0139','DK-100-BLADE, DRUM CLEANING BLADE KM1500','2011-12-31','0','10','0','0','4','0'), ('3','2','PRM-0032','SCC, HP1012DBLADE, DOCTOR BLADE FOR HP 12A, 15A, 24A, 13A, FX9','2011-12-31','1','10','10','10','1','1'), ('4','3','PRM-0029','SCC, AXDBLADE, DOCTOR BLADE FOR HP 06A, 92A, FX3','2011-12-31','0','10','10','10','10','10'), ('5','4','PRT-0002','HP P1102 LASERJET PRINTER ','2011-12-31','0','10','10','10','2','2');
INSERT INTO `0_refs` VALUES ('1','13','1'), ('1','16','1'), ('1','17','1'), ('1','18','1'), ('1','20','1'), ('1','22','1'), ('1','25','1'), ('1','26','1'), ('1','28','1'), ('1','29','1'), ('1','30','1'), ('1','45','1'), ('1','166','1'), ('2','18','2'), ('2','25','2'), ('2','26','2'), ('2','28','2'), ('2','29','2'), ('3','18','3'), ('3','25','3'), ('3','26','3'), ('3','28','3'), ('3','29','3'), ('4','18','4'), ('4','25','4');
INSERT INTO `0_refs_so_forms` VALUES ('1','13','1','0','CEB'), ('1','30','1','0','CEB');
INSERT INTO `0_refs_wo_forms` VALUES ('1','26','1','2'), ('1','28','1','2'), ('1','29','1','2'), ('2','26','2','2'), ('2','28','2','2'), ('2','29','2','2'), ('3','26','3','2'), ('3','28','3','2'), ('3','29','3','2');
INSERT INTO `0_salesman` VALUES ('1','Sales Person','','','','5','1000','4','0'), ('2','House - Cebu','+6332.340.4946','','needink@gmail.com','0','0','0','0'), ('3','Arnel Gipala','+6332.340.4946','','arnel.needink@gmail.com','0','0','0','0'), ('4','Ella Hazel Delos Angeles','+6332.340.4946','','ellahazel.needink@gmail.com','0','0','0','0'), ('5','Arens Kohl Wagas','+6332.340.4946','','arenskohl.needink@gmail.com','0','0','0','0'), ('6','Joah Kiseo','+6332.340.4946','','joah.needink@gmail.com','0','0','0','0'), ('7','Genalyn Talosig','+632.501.4978','','gheng.needink@gmail.com','0','0','0','0'), ('8','Wilfredo Peneyra','+632.501.4978','','willy.needink@gmail.com','0','0','0','0'), ('9','Marvin Concepcion','+632.501.4978','','marvin.needink@gmail.com','0','0','0','0'), ('10','Naneth Nadnadin','+632.501.4978','','naneth.needink@gmail.com','0','0','0','0'), ('11','Avelino Ebora','+632.501.4978','','avelino.needink@gmail.com','0','0','0','0'), ('12','Ileen Dee Mora','+6382.321.5244','','ileen.needink@gmail.com','0','0','0','0'), ('13','Eusebio Salcedo','+6382.321.5244','','seb.needink@gmail.com','0','0','0','0'), ('14','Cisca Mae Miag-ao','+6382.321.5244','','cisca.needink@gmail.com','0','0','0','0'), ('15','Raymond Duque','+6388.323.2639','','raymond.needink@gmail.com','0','0','0','0'), ('16','Alvic Bolista','+6388.323.2639','','alvic.needink@gmail.com','0','0','0','0'), ('17','Michelle Remegio','+6334.704.1665','','michelle.needink@gmail.com','0','0','0','0'), ('18','Hannah Joy Villanueva','+6334.704.1665','','hannah.needink@gmail.com','0','0','0','0');
INSERT INTO `0_sales_forms` VALUES ('1','CEB','10','1',NULL), ('2','CEB','11','1',NULL), ('3','CEB','12','1','1'), ('4','CEB','12','1','2'), ('5','CEB','13','2',NULL), ('6','CEB','30','2',NULL), ('7','CEB','32','1',NULL), ('8','MNL','10','1',NULL), ('9','MNL','11','1',NULL), ('10','MNL','12','1','1'), ('11','MNL','12','1','2'), ('12','MNL','13','1',NULL), ('13','MNL','30','1',NULL), ('14','MNL','32','1',NULL), ('15','DVO','10','1',NULL), ('16','DVO','11','1',NULL), ('17','DVO','12','1','1'), ('18','DVO','12','1','2'), ('19','DVO','13','1',NULL), ('20','DVO','30','1',NULL), ('21','DVO','32','1',NULL), ('22','CDO','10','1',NULL), ('23','CDO','11','1',NULL), ('24','CDO','12','1','1'), ('25','CDO','12','1','2'), ('26','CDO','13','1',NULL), ('27','CDO','30','1',NULL), ('28','CDO','32','1',NULL), ('29','BCD','10','1',NULL), ('30','BCD','11','1',NULL), ('31','BCD','12','1','1'), ('32','BCD','12','1','2'), ('33','BCD','13','1',NULL), ('34','BCD','30','1',NULL), ('35','BCD','32','1',NULL);
INSERT INTO `0_sales_form_category` VALUES ('1','PR','PR'), ('2','OR','OR');
INSERT INTO `0_sales_form_trans_type` VALUES ('10','Sales Invoice'), ('11','Customer Credit Note'), ('12','Customer Payment'), ('13','Delivery Note'), ('30','Sales Order'), ('32','Sales Quotation');
INSERT INTO `0_sales_orders` VALUES ('1','30','1','0','6','1','1','','','2011-12-21','1','1','sadf','','','sample','0','CEB','2011-12-22','0','1','2011-12-21','admin','1');
INSERT INTO `0_sales_order_details` VALUES ('1','1','30','PRT-0002','HP P1102 LASERJET PRINTER ','1','12','1','0');
INSERT INTO `0_sales_pos` VALUES ('1','Cebu','0','1','CEB','0','0');
INSERT INTO `0_sales_types` VALUES ('1','Retail','1','1','0'), ('2','Wholesale','0','0.7','0');
INSERT INTO `0_security_roles` VALUES ('1','Inquiries','Inquiries','768;2816;3072;3328;5632;5888;8192;8448;10752;11008;13312;15872;16128','257;258;259;260;513;514;515;516;517;518;519;520;521;522;523;524;525;773;774;2822;3073;3075;3076;3077;3329;3330;3331;3332;3333;3334;3335;5377;5633;5640;5889;5890;5891;7937;7938;7939;7940;8193;8194;8450;8451;10497;10753;11009;11010;11012;13057;13313;13315;15617;15618;15619;15620;15621;15622;15623;15624;15628;15625;15626;15627;15873;15882;16129;16130;16131;16132','1'), ('2','System Administrator','System Administrator','256;512;768;2816;3072;3328;5376;5632;5888;7936;8192;8448;10496;10752;11008;13056;13312;15616;15872;16128','257;258;259;260;513;514;515;516;517;518;519;520;521;522;523;524;525;769;770;771;772;773;774;2817;2818;2819;2820;2821;2822;2823;3073;3074;3082;3075;3076;3077;3078;3079;3080;3081;3083;3329;3330;3331;3332;3333;3334;3335;5377;5633;5634;5635;5636;5637;5641;5638;5639;5640;5642;5889;5890;5891;7937;7938;7939;7940;8193;8194;8195;8196;8197;8449;8450;8451;10497;10753;10754;10755;10756;10757;11009;11010;11011;11012;13057;13313;13314;13315;15617;15618;15619;15620;15621;15622;15623;15624;15628;15625;15626;15627;15873;15874;15875;15876;15877;15878;15879;15880;15883;15881;15882;15884;16129;16130;16131;16132','0'), ('3','Salesman','Salesman','768;3072;857600;8192','257;258;259;260;513;514;515;516;517;518;519;520;521;522;523;524;525;771;773;774;2817;2818;2819;2820;2821;2822;2823;3073;3082;3075;3329;3330;3331;3332;3333;3334;3335;5377;5633;5634;5635;5636;5637;5641;5638;5639;5640;5642;857701;5889;5890;5891;7937;7938;7939;7940;8193;8194;8449;8450;8451;10497;10753;10754;10755;10756;10757;11009;11010;11011;11012;13057;13313;13314;13315;15617;15618;15619;15620;15621;15622;15623;15624;15628;15625;15626;15627;15873;15874;15875;15876;15877;15878;15879;15880;15883;15881;15882;16129;16130;16131;16132','1'), ('4','Stock Manager','Stock Manager','852736;2816;3072;3328;5632;5888;8192;8448;10752;11008;13312;15872;16128','257;258;259;260;513;514;515;516;517;518;519;520;521;522;523;524;525;769;770;771;772;773;774;852836;2818;2822;3073;3076;3077;3329;3330;3331;3332;3333;3334;3335;5377;5633;5640;5889;5890;5891;7937;7938;7939;7940;8193;8194;8450;8451;10497;10753;11009;11010;11012;13057;13313;13315;15617;15618;15619;15620;15621;15622;15623;15624;15628;15625;15626;15627;15882;16129;16130;16131;16132','1'), ('5','Production Manager','Production Manager','512;852736;2816;3072;3328;5632;5888;8192;8448;10752;11008;13312;15616;15872;16128','257;258;259;260;521;523;524;769;770;771;772;773;774;852836;2818;2819;2820;2821;2822;2823;3073;3074;3076;3077;3078;3079;3080;3081;3329;3330;3331;3332;3333;3334;3335;5377;5633;5640;5889;5890;5891;7937;7938;7939;7940;8193;8194;8196;8197;8450;8451;10497;10753;10755;11009;11010;11012;13057;13313;13315;15617;15619;15620;15621;15624;15876;15877;15880;15882;16129;16130;16131;16132','1'), ('6','Purchase Officer','Purchase Officer','512;852736;2816;3072;3328;5376;5632;5888;8192;8448;10752;11008;13312;15616;15872;16128','257;258;259;260;521;523;524;769;770;771;772;773;774;852836;2818;2819;2820;2821;2822;2823;3073;3074;3076;3077;3078;3079;3080;3081;3329;3330;3331;3332;3333;3334;3335;5377;5633;5635;5640;5889;5890;5891;7937;7938;7939;7940;8193;8194;8196;8197;8449;8450;8451;10497;10753;10755;11009;11010;11012;13057;13313;13315;15617;15619;15620;15621;15624;15876;15877;15880;15882;16129;16130;16131;16132','1'), ('7','AR Officer','AR Officer','512;768;2816;3072;3328;5632;5888;8192;8448;10752;11008;13312;15616;15872;16128','257;258;259;260;521;523;524;771;773;774;2818;2819;2820;2821;2822;2823;3073;3074;3075;3076;3077;3078;3079;3080;3081;3329;3330;3331;3332;3333;3334;3335;5377;5633;5634;5637;5638;5639;5640;5889;5890;5891;7937;7938;7939;7940;8193;8194;8196;8197;8450;8451;10497;10753;10755;11009;11010;11012;13057;13313;13315;15617;15619;15620;15621;15624;15873;15876;15877;15878;15880;15882;16129;16130;16131;16132','1'), ('8','AP Officer','AP Officer','512;852736;2816;3072;3328;5376;5632;5888;8192;8448;10752;11008;13312;15616;15872;16128','257;258;259;260;521;523;524;769;770;771;772;773;774;852836;2818;2819;2820;2821;2822;2823;3073;3074;3082;3076;3077;3078;3079;3080;3081;3329;3330;3331;3332;3333;3334;3335;5377;5633;5635;5640;5889;5890;5891;7937;7938;7939;7940;8193;8194;8196;8197;8449;8450;8451;10497;10753;10755;11009;11010;11012;13057;13313;13315;15617;15619;15620;15621;15624;15876;15877;15880;15882;16129;16130;16131;16132','1'), ('9','Accountant','New Accountant','512;768;2816;3072;3328;5376;5632;5888;8192;8448;10752;11008;13312;15616;15872;16128','257;258;259;260;521;523;524;771;772;773;774;2818;2819;2820;2821;2822;2823;3073;3074;3075;3076;3077;3078;3079;3080;3081;3329;3330;3331;3332;3333;3334;3335;5377;5633;5634;5635;5637;5638;5639;5640;5889;5890;5891;7937;7938;7939;7940;8193;8194;8196;8197;8449;8450;8451;10497;10753;10755;11009;11010;11012;13057;13313;13315;15617;15618;15619;15620;15621;15624;15873;15876;15877;15878;15880;15882;16129;16130;16131;16132','1'), ('10','Sub Admin','Sub Admin','512;768;2816;3072;3328;5376;5632;5888;8192;8448;13312;15616;15872;16128','257;258;259;260;521;523;524;771;772;773;774;2818;2819;2820;2821;2822;2823;3073;3074;3082;3075;3076;3077;3078;3079;3080;3081;3083;3329;3330;3331;3332;3333;3334;3335;5377;5633;5634;5635;5636;5637;5641;5638;5639;5640;5642;5889;5890;5891;7937;7938;7939;7940;8193;8194;8196;8197;8449;8450;8451;10497;10753;10754;10755;10756;10757;11009;11010;11011;11012;13057;13313;13315;15617;15619;15620;15621;15624;15873;15874;15876;15877;15878;15879;15880;15882;16129;16130;16131;16132','0'), ('11','Cebu - Accounting','Perform general accounting','768;852736;3072;5632;857600;5888;8192;8448;11008;13312;15616;15872;16128','257;258;259;260;513;514;515;516;517;518;519;520;521;522;523;524;525;771;772;852836;2817;2818;2819;2820;2821;2822;2823;3073;3078;3079;3329;3330;3331;3332;3333;3334;3335;5377;5633;5638;5639;5640;857701;5891;7937;7938;7939;7940;8193;8194;8451;10497;10753;10754;10755;10756;10757;11010;13057;13313;13315;15617;15618;15619;15620;15621;15622;15623;15624;15628;15625;15626;15627;15873;15874;15875;15876;15878;15879;15880;15883;16129;16130;16131;16132','0'), ('13','Cebu - Admin/PPC','Admin &amp; Production Planning &amp; Control','768;3072;5632;5888;8192;8448;10496;10752;11008;13312;15616;15872;16128','257;258;259;260;513;514;515;516;517;518;519;520;521;522;523;524;525;771;772;774;2817;2818;2819;2820;2821;2822;2823;3073;3077;3078;3079;3081;3329;3330;3331;3332;3333;3334;3335;5377;5633;5638;5639;5640;5891;7937;7938;7939;7940;8193;8194;8196;8197;8449;8450;8451;10497;10753;10754;10755;10757;11009;11010;11011;11012;13057;13313;13315;15617;15618;15619;15620;15621;15622;15623;15624;15628;15625;15626;15627;15873;15874;15875;15876;15878;15879;15880;15883;15884;16129;16130;16131;16132','0'), ('14','Sales Coordinator','Sales Coordinator','768;3072;857600;8192','257;258;259;260;513;514;515;516;517;518;519;520;521;522;523;524;525;771;772;774;2817;2818;2819;2820;2821;2822;2823;3073;3082;3075;3076;3329;3330;3331;3332;3333;3334;3335;5377;5633;5634;5635;5636;5637;5641;5638;5639;5640;5642;857701;5889;5890;5891;7937;7938;7939;7940;8193;8449;8450;8451;10497;10753;10754;10755;10756;10757;11009;11010;11011;11012;13057;13313;13314;13315;15617;15618;15619;15620;15621;15622;15623;15624;15628;15625;15626;15627;15873;15874;15875;15876;15877;15878;15879;15880;15883;15881;15882;16129;16130;16131;16132','0'), ('15','Sales Personnel','Sales Personnel','768;3072;857600;8192','257;258;259;260;513;514;515;516;517;518;519;520;521;522;523;524;525;771;772;774;2817;2818;2819;2820;2821;2822;2823;3073;3082;3075;3329;3330;3331;3332;3333;3334;3335;5377;5633;5634;5635;5636;5637;5641;5638;5639;5640;5642;857701;5889;5890;5891;7937;7938;7939;7940;8193;8449;8450;8451;10497;10753;10754;10755;10756;10757;11009;11010;11011;11012;13057;13313;13314;13315;15617;15618;15619;15620;15621;15622;15623;15624;15628;15625;15626;15627;15873;15874;15875;15876;15877;15878;15879;15880;15883;15881;15882;16129;16130;16131;16132','0'), ('16','Cebu - Admin Personnel','Admin Personnel','768;3072;3328;857600;8192;15872','257;258;259;260;513;514;515;516;517;518;519;520;521;522;523;524;525;771;772;774;2817;2818;2819;2820;2821;2822;2823;3073;3082;3075;3076;3080;3334;5377;5633;5634;5635;5636;5637;5641;5638;5639;5640;5642;857701;5889;5890;5891;7937;7938;7939;7940;8193;8449;8450;8451;10497;10753;10754;10755;10756;10757;11009;11010;11011;11012;13057;13313;13314;13315;15617;15618;15619;15620;15621;15622;15623;15624;15628;15625;15626;15627;15877;16129;16130;16131;16132','0'), ('17','Cebu - Purchasing','Purchasing Personnel','768;3072;3328;5376;5632;5888;8192;8448;15872;16128','257;258;259;260;513;514;515;516;517;518;519;520;521;522;523;524;525;771;772;774;2817;2818;2819;2820;2821;2822;2823;3080;3335;5377;5633;5635;5637;5889;5890;5891;7937;7938;7939;7940;8193;8194;8449;8450;8451;10497;10753;10754;10755;10756;10757;11009;11010;11011;11012;13057;13313;13314;13315;15617;15618;15619;15620;15621;15622;15623;15624;15628;15625;15626;15627;15877;16130','0'), ('18','Cebu - HRD Personnel','HRD Personnel','768;5376;5632;8192','257;258;259;260;513;514;515;516;517;518;519;520;521;522;523;524;525;771;772;774;2817;2818;2819;2820;2821;2822;2823;3073;3074;3082;3075;3076;3077;3078;3079;3080;3081;3083;3329;3330;3331;3332;3333;3334;3335;5377;5633;5635;5637;5889;5890;5891;7937;7938;7939;7940;8193;8194;8449;8450;8451;10497;10753;10754;10755;10756;10757;11009;11010;11011;11012;13057;13313;13314;13315;15617;15618;15619;15620;15621;15622;15623;15624;15628;15625;15626;15627;15873;15874;15875;15876;15877;15878;15879;15880;15883;15881;15882;16129;16130;16131;16132','0'), ('19','Cebu - Warehouse','Warehouse Personnel','768;5632;8192;10752','257;258;259;260;513;514;515;516;517;518;519;520;521;522;523;524;525;771;772;774;2817;2818;2819;2820;2821;2822;2823;3073;3074;3082;3075;3076;3077;3078;3079;3080;3081;3083;3329;3330;3331;3332;3333;3334;3335;5377;5636;5889;5890;5891;7937;7938;7939;7940;8193;8194;8449;8450;8451;10497;10756;11009;11010;11011;11012;13057;13313;13314;13315;15617;15618;15619;15620;15621;15622;15623;15624;15628;15625;15626;15627;15873;15874;15875;15876;15877;15878;15879;15880;15883;15881;15882;16129;16130;16131;16132','0'), ('20','MLA - Warehouse','Brach Warehouse','768;3072;857600;8192;8448','257;258;259;260;513;514;515;516;517;518;519;520;521;522;523;524;525;771;772;774;2817;2818;2819;2820;2821;2822;2823;3073;3329;3330;3331;3332;3333;3334;3335;5377;5633;5634;5635;5636;5637;5641;5638;5639;5640;5642;857701;5889;5890;5891;7937;7938;7939;7940;8193;8194;8449;10497;10753;10754;10755;10756;10757;11009;11010;11011;11012;13057;13313;13314;13315;15617;15618;15619;15620;15621;15622;15623;15624;15628;15625;15626;15627;15873;15874;15875;15876;15877;15878;15879;15880;15883;15881;15882;16129;16130;16131;16132','0'), ('21','MLA - Admin Head','Branch Admin Head','768;3072;3328;857600;8192;8448','257;258;259;260;513;514;515;516;517;518;519;520;521;522;523;524;525;771;772;774;2817;2818;2819;2820;2821;2822;2823;3073;3082;3075;3077;3080;3335;5377;5633;5634;5635;5636;5637;5641;5638;5639;5640;5642;857701;5889;5890;5891;7937;7938;7939;7940;8193;8194;8449;8450;10497;10753;10754;10755;10756;10757;11009;11010;11011;11012;13057;13313;13314;13315;15617;15618;15619;15620;15621;15622;15623;15624;15628;15625;15626;15627;15873;15874;15875;15876;15877;15878;15879;15880;15883;15881;15882;16129;16130;16131;16132','0');
INSERT INTO `0_shippers` VALUES ('1','Default','','','','','0');
INSERT INTO `0_stock_category` VALUES ('1','Toner','1','pc','M','4010','5010','1510','5040','1530','0','0','0','0'), ('2','Printer','1','unit','B','4010','5010','1510','5040','1530','0','0','0','0'), ('3','Printer Parts','1','pc','B','4010','5010','1510','5040','1530','0','0','0','0'), ('4','Production Materials','1','pc','B','4010','5010','1510','5040','1530','0','0','0','1'), ('5','Empty Cartridge','1','pc','B','4010','5010','1510','5040','1530','0','0','0','1'), ('6','Miscellaneous','1','pc','B','4010','5010','1510','5040','1530','0','0','0','1'), ('7','PC Related','1','pc','B','4010','5010','1510','5040','1530','0','0','0','0');
INSERT INTO `0_stock_master` VALUES ('EMP-0001','5','1','HP, Q7553X, EMPTY CARTRIDGE, 53X','','pc','B','4010','5010','1510','5040','1530','0','0','0','0','0','0','0','0','1','0','0'), ('EMP-0002','5','1','HP, C3903A, EMPTY CARTIDGE, 03A','','pc','B','4010','5010','1510','5040','1530','0','0','0','0','0','0','0','0','1','0','0'), ('EMP-0003','5','1','HP, CE505A, EMPTY CARTRIDGE, 05A','','pc','B','4010','5010','1510','5040','1530','0','0','0','0','0','0','0','0','1','0','0'), ('EMP-0004','5','1','HP, C3906A, EMPTY CARTRIDGE, 06A','','pc','B','4010','5010','1510','5040','1530','0','0','0','0','0','0','0','0','1','0','0'), ('EMP-0005','5','1','HP, C3909A, EMPTY CARTRIDGE, 09A','','pc','B','4010','5010','1510','5040','1530','0','0','0','0','0','0','0','0','1','0','0'), ('EMP-0006','5','1','HP, Q2610A, EMPTY CARTRIDGE, 10A','','pc','B','4010','5010','1510','5040','1530','0','0','0','0','0','0','0','0','1','0','0'), ('EMP-0007','5','1','HP, Q6511A, EMPTY CARTRIDGE, 11A','','pc','B','4010','5010','1510','5040','1530','0','0','0','0','0','0','0','0','1','0','0'), ('EMP-0008','5','1','HP, Q2612A, EMPTY CARTRIDGE, 12A','','pc','B','4010','5010','1510','5040','1530','0','0','0','0','45','0','0','0','1','0','0'), ('EMP-0009','5','1','HP, Q2613A, EMPTY CARTRIDGE, 13A','','pc','B','4010','5010','1510','5040','1530','0','0','0','0','0','0','0','0','1','0','0'), ('EMP-0010','5','1','HP, C7115A, EMPTY CARTRIDGE, 15A','','pc','B','4010','5010','1510','5040','1530','0','0','0','0','0','0','0','0','1','0','0'), ('EMP-0011','5','1','HP, Q7516A, EMPTY CARTRIDGE, 16A','','pc','B','4010','5010','1510','5040','1530','0','0','0','0','0','0','0','0','1','0','0'), ('EMP-0012','5','1','HP, Q2624A, EMPTY CARTRIDGE, 24A','','pc','B','4010','5010','1510','5040','1530','0','0','0','0','0','0','0','0','1','0','0'), ('EMP-0013','5','1','HP, C4127X, EMPTY CARTRIDGE, 27X','','pc','B','4010','5010','1510','5040','1530','0','0','0','0','0','0','0','0','1','0','0'), ('EMP-0014','5','1','HP, C4129X, EMPTY CARTRIDGE, 29X','','pc','M','4010','5010','1510','5040','1530','0','0','0','0','0','0','0','0','1','0','0'), ('EMP-0015','5','1','HP, CB435A, EMPTY CARTRIDGE, 35A','','pc','M','4010','5010','1510','5040','1530','0','0','0','0','0','0','0','0','1','0','0'), ('EMP-0016','5','1','HP, CB436A, EMPTY CARTRIDGE, 36A','','pc','M','4010','5010','1510','5040','1530','0','0','0','0','0','0','0','0','1','0','0'), ('EMP-0017','5','1','HP, Q1338A, EMPTY CARTRIDGE, 38A','','pc','B','4010','5010','1510','5040','1530','0','0','0','0','0','0','0','0','1','0','0'), ('EMP-0018','5','1','HP, Q1339A, EMPTY CARTRIDGE, 39A','','pc','B','4010','5010','1510','5040','1530','0','0','0','0','0','0','0','0','1','0','0'), ('EMP-0019','5','1','HP, Q5942A, EMPTY CARTRIDGE, 42A','','pc','B','4010','5010','1510','5040','1530','0','0','0','0','0','0','0','0','1','0','0'), ('EMP-0020','5','1','HP, Q5945A, EMPTY CARTRIDGE, 45A','','pc','B','4010','5010','1510','5040','1530','0','0','0','0','0','0','0','0','1','0','0'), ('EMP-0021','5','1','HP, Q5949A, EMPTY CARTRIDGE, 49A','','pc','B','4010','5010','1510','5040','1530','0','0','0','0','0','0','0','0','1','0','0'), ('EMP-0022','5','1','HP, Q7551A, EMPTY CARTRIDGE, 51A','','pc','B','4010','5010','1510','5040','1530','0','0','0','0','0','0','0','0','1','0','0'), ('EMP-0023','5','1','HP, Q7553A, EMPTY CARTRIDGE, 53A','','pc','B','4010','5010','1510','5040','1530','0','0','0','0','0','0','0','0','1','0','0'), ('EMP-0024','5','1','HP, CE255A, EMPTY CARTRIDGE, 55A','','pc','B','4010','5010','1510','5040','1530','0','0','0','0','0','0','0','0','1','0','0'), ('EMP-0025','5','1','HP, Q6000A, EMPTY CARTRIDGE, 6000A, BLACK','','pc','B','4010','5010','1510','5040','1530','0','0','0','0','0','0','0','0','1','0','0'), ('EMP-0026','5','1','HP, Q6001A, EMPTY CARTRIDGE, 6001A, CYAN','','pc','B','4010','5010','1510','5040','1530','0','0','0','0','0','0','0','0','1','0','0'), ('EMP-0027','5','1','HP, Q6002A, EMPTY CARTRIDGE, 6002A, YELLOW','','pc','B','4010','5010','1510','5040','1530','0','0','0','0','0','0','0','0','1','0','0'), ('EMP-0028','5','1','HP, Q6003A, EMPTY CARTRIDGE, 6003A, MAGENTA','','pc','B','4010','5010','1510','5040','1530','0','0','0','0','0','0','0','0','1','0','0'), ('EMP-0029','5','1','HP, C8061X, EMPTY CARTRIDGE, 61X','','pc','B','4010','5010','1510','5040','1530','0','0','0','0','0','0','0','0','1','0','0'), ('EMP-0030','5','1','HP, CC364A, EMPTY CARTRIDGE, 64A','','pc','B','4010','5010','1510','5040','1530','0','0','0','0','0','0','0','0','1','0','0'), ('EMP-0031','5','1','HP, 92274A, EMPTY CARTRIDGE, 74A','','pc','B','4010','5010','1510','5040','1530','0','0','0','0','0','0','0','0','1','0','0'), ('EMP-0032','5','1','HP, CE278A, EMPTY CARTRIDGE, 78A','','pc','B','4010','5010','1510','5040','1530','0','0','0','0','0','0','0','0','1','0','0'), ('EMP-0033','5','1','HP, C4182X, EMPTY CARTRIDGE, 82X','','pc','B','4010','5010','1510','5040','1530','0','0','0','0','0','0','0','0','1','0','0'), ('EMP-0034','5','1','HP, CE285A, EMPTY CARTRIDGE, 85A','','pc','B','4010','5010','1510','5040','1530','0','0','0','0','0','0','0','0','1','0','0'), ('EMP-0035','5','1','HP, C4092A, EMPTY CARTRIDGE, 92A','','pc','B','4010','5010','1510','5040','1530','0','0','0','0','0','0','0','0','1','0','0'), ('EMP-0036','5','1','HP, C4096A, EMPTY CARTRIDGE, 96A','','pc','B','4010','5010','1510','5040','1530','0','0','0','0','0','0','0','0','1','0','0'), ('EMP-0037','5','1','HP, 92298A, EMPTY CARTRIDGE, 98A','','pc','B','4010','5010','1510','5040','1530','0','0','0','0','0','0','0','0','1','0','0'), ('EMP-0038','5','1','HP, 320A, EMPTY CARTRIDGE, BLACK','','pc','B','4010','5010','1510','5040','1530','0','0','0','0','0','0','0','0','1','0','0'), ('EMP-0039','5','1','HP, 321A, EMPTY CARTRIDGE, CYAN','','pc','B','4010','5010','1510','5040','1530','0','0','0','0','0','0','0','0','1','0','0'), ('EMP-0040','5','1','HP, 322A, EMPTY CARTRIDGE, YELLOW','','pc','B','4010','5010','1510','5040','1530','0','0','0','0','0','0','0','0','1','0','0'), ('EMP-0041','5','1','HP, 323A, EMPTY CARTRIDGE, MAGENTA','','pc','B','4010','5010','1510','5040','1530','0','0','0','0','0','0','0','0','1','0','0'), ('EMP-0042','5','1','HP, CC530, EMPTY CARTRIDGE, 530A, BLACK','','pc','B','4010','5010','1510','5040','1530','0','0','0','0','0','0','0','0','1','0','0'), ('EMP-0043','5','1','HP, CC531, EMPTY CARTRIDGE, 531A, CYAN','','pc','B','4010','5010','1510','5040','1530','0','0','0','0','0','0','0','0','1','0','0'), ('EMP-0044','5','1','HP, CC532, EMPTY CARTRIDGE, 532A, YELLOW','','pc','B','4010','5010','1510','5040','1530','0','0','0','0','0','0','0','0','1','0','0'), ('EMP-0045','5','1','HP, CC533, EMPTY CARTRIDGE, 533A, MAGENTA','','pc','B','4010','5010','1510','5040','1530','0','0','0','0','0','0','0','0','1','0','0'), ('EMP-0046','5','1','HP, CB540, EMPTY CARTRIDGE, 540A, BLACK','','pc','B','4010','5010','1510','5040','1530','0','0','0','0','0','0','0','0','1','0','0'), ('EMP-0047','5','1','HP, CB541, EMPTY CARTRIDGE, 541A, CYAN','','pc','B','4010','5010','1510','5040','1530','0','0','0','0','0','0','0','0','1','0','0'), ('EMP-0048','5','1','HP, CB542, EMPTY CARTRIDGE, 542A, YELLOW','','pc','B','4010','5010','1510','5040','1530','0','0','0','0','0','0','0','0','1','0','0'), ('EMP-0049','5','1','HP, CB543, EMPTY CARTRIDGE, 543A, MAGENTA','','pc','B','4010','5010','1510','5040','1530','0','0','0','0','0','0','0','0','1','0','0'), ('EMP-0050','5','1','SAMSUNG, MLT-D209, EMPTY CARTRIDGE, D209','','pc','B','4010','5010','1510','5040','1530','0','0','0','0','0','0','0','0','1','0','0'), ('EMP-0051','5','1','SAMSUNG, MLT-D104S, EMPTY CARTRIDGE, D104','','pc','B','4010','5010','1510','5040','1530','0','0','0','0','0','0','0','0','1','0','0'), ('EMP-0052','5','1','SAMSUNG, SF-560, EMPTY CARTRIDGE, SF560','','pc','B','4010','5010','1510','5040','1530','0','0','0','0','0','0','0','0','1','0','0'), ('EMP-0053','5','1','SASMSUNG, MLT-D105, EMPTY CARTRIDGE, D105','','pc','B','4010','5010','1510','5040','1530','0','0','0','0','0','0','0','0','1','0','0'), ('EMP-0054','5','1','SAMSUNG, ML-1710, EMPTY CARTRIDGE, 1710','','pc','B','4010','5010','1510','5040','1530','0','0','0','0','0','0','0','0','1','0','0'), ('EMP-0055','5','1','SAMSUNG, SCX-4521, EMPTY CARTRIDGE','','pc','B','4010','5010','1510','5040','1530','0','0','0','0','0','0','0','0','1','0','0'), ('EMP-0056','5','1','SAMSUNG, CLT-409, EMPTY CARTRIDGE, BLACK','','pc','B','4010','5010','1510','5040','1530','0','0','0','0','0','0','0','0','1','0','0'), ('EMP-0057','5','1','SAMSUNG, CLT-407, EMPTY CARTRIDGE, BLACK','','pc','B','4010','5010','1510','5040','1530','0','0','0','0','0','0','0','0','1','0','0'), ('EMP-0058','5','1','SAMSUNG, CLT-409, EMPTY CARTRIDGE, CYAN','','pc','B','4010','5010','1510','5040','1530','0','0','0','0','0','0','0','0','1','0','0'), ('EMP-0059','5','1','SAMSUNG, CLT-409, EMPTY CARTRIDGE, MAGENTA','','pc','B','4010','5010','1510','5040','1530','0','0','0','0','0','0','0','0','1','0','0'), ('EMP-0060','5','1','SAMSUNG, ML-1610D, EMPTY CARTRIDGE, 1610','','pc','B','4010','5010','1510','5040','1530','0','0','0','0','0','0','0','0','1','0','0'), ('EMP-0061','5','1','SAMSUNG, ML-2010, EMPTY CARTRIDGE, 2010','','pc','B','4010','5010','1510','5040','1530','0','0','0','0','0','0','0','0','1','0','0'), ('EMP-0062','5','1','SAMSUNG, ML-3050, EMPTY CARTRIDGE, 3050','','pc','B','4010','5010','1510','5040','1530','0','0','0','0','0','0','0','0','1','0','0'), ('EMP-0063','5','1','SAMSUNG, PE220, EMPTY CARTRIDGE','','pc','B','4010','5010','1510','5040','1530','0','0','0','0','0','0','0','0','1','0','0'), ('EMP-0064','5','1','SAMSUNG, SCX-4200, EMPTY CARTRIDGE','','pc','B','4010','5010','1510','5040','1530','0','0','0','0','0','0','0','0','1','0','0'), ('EMP-0065','5','1','SAMSUNG, SCX-4216, EMPTY CARTRIDGE','','pc','B','4010','5010','1510','5040','1530','0','0','0','0','0','0','0','0','1','0','0'), ('EMP-0066','5','1','SAMSUNG, SCX-4300, EMPTY CARTRIDGE','','pc','B','4010','5010','1510','5040','1530','0','0','0','0','0','0','0','0','1','0','0'), ('EMP-0067','5','1','SAMSUNG, SF-5100D3, EMPTY CARTRIDGE','','pc','B','4010','5010','1510','5040','1530','0','0','0','0','0','0','0','0','1','0','0'), ('EMP-0068','5','1','SAMSUNG, CLT-409, EMPTY CARTRIDGE, YELLOW','','pc','B','4010','5010','1510','5040','1530','0','0','0','0','0','0','0','0','1','0','0'), ('EMP-0069','5','1','SAMSUNG, CLT-407, EMPTY CARTRIDGE, YELLOW','','pc','B','4010','5010','1510','5040','1530','0','0','0','0','0','0','0','0','1','0','0'), ('EMP-0070','5','1','BROTHER, TN-2025, EMPTY CARTRIDGE','','pc','B','4010','5010','1510','5040','1530','0','0','0','0','0','0','0','0','1','0','0'), ('EMP-0071','5','1','BROTHER, DR-2025, EMPTY CARTRIDGE','','pc','B','4010','5010','1510','5040','1530','0','0','0','0','0','0','0','0','1','0','0'), ('EMP-0072','5','1','BROTHER, TN-2150, EMPTY CARTRIDGE','','pc','B','4010','5010','1510','5040','1530','0','0','0','0','0','0','0','0','1','0','0'), ('EMP-0073','5','1','BROTHER, TN-4100, EMPTY CARTRIDGE','','pc','B','4010','5010','1510','5040','1530','0','0','0','0','0','0','0','0','1','0','0'), ('EMP-0074','5','1','BROTHER, TN-3290, EMPTY CARTRIDGE','','pc','B','4010','5010','1510','5040','1530','0','0','0','0','0','0','0','0','1','0','0'), ('EMP-0075','5','1','BROTHER, TN-3250,EMPTY CARTRIDGE','','pc','B','4010','5010','1510','5040','1530','0','0','0','0','0','0','0','0','1','0','0'), ('EMP-0076','5','1','BROTHER, TN-240, EMPTY CARTRIDGE, BLACK','','pc','B','4010','5010','1510','5040','1530','0','0','0','0','0','0','0','0','1','0','0'), ('EMP-0077','5','1','BROTHER, TN-240, EMPTY CARTRIDGE, CYAN','','pc','B','4010','5010','1510','5040','1530','0','0','0','0','0','0','0','0','1','0','0'), ('EMP-0078','5','1','BROTHER, TN-240, EMPTY CARTRIDGE, MAGENTA','','pc','B','4010','5010','1510','5040','1530','0','0','0','0','0','0','0','0','1','0','0'), ('EMP-0079','5','1','BROTHER, TN-2130, EMPTY CARTRIDGE','','pc','B','4010','5010','1510','5040','1530','0','0','0','0','0','0','0','0','1','0','0'), ('EMP-0080','5','1','BROTHER, TN-3145, EMPTY CARTRIDGE','','pc','B','4010','5010','1510','5040','1530','0','0','0','0','0','0','0','0','1','0','0'), ('EMP-0081','5','1','BROTHER, TN-240, EMPTY CARTRIDGE, YELLOW','','pc','B','4010','5010','1510','5040','1530','0','0','0','0','0','0','0','0','1','0','0'), ('EMP-0082','5','1','CANON, 315 II, EMPTY CARTRIDGE','','pc','B','4010','5010','1510','5040','1530','0','0','0','0','0','0','0','0','1','0','0'), ('EMP-0083','5','1','CANON, 312, EMPTY CARTRIDGE','','pc','B','4010','5010','1510','5040','1530','0','0','0','0','0','0','0','0','1','0','0'), ('EMP-0084','5','1','CANON, CARTRIDGE-W, EMPTY CARTRIDGE','','pc','B','4010','5010','1510','5040','1530','0','0','0','0','0','0','0','0','1','0','0'), ('EMP-0085','5','1','CANON, CARTRIDGE U, EMPTY CARTRIDGE','','pc','B','4010','5010','1510','5040','1530','0','0','0','0','0','0','0','0','1','0','0'), ('EMP-0086','5','1','CANON, FX3, EMPTY CARTRIDGE','','pc','B','4010','5010','1510','5040','1530','0','0','0','0','0','0','0','0','1','0','0'), ('EMP-0087','5','1','CANON, FX9, EMPTY CARTRIDGE','','pc','B','4010','5010','1510','5040','1530','0','0','0','0','0','0','0','0','1','0','0'), ('EMP-0088','5','1','FUJI, 203, EMPTY CARTRIDGE','','pc','B','4010','5010','1510','5040','1530','0','0','0','0','0','0','0','0','1','0','0'), ('EMP-0089','5','1','KYOCERA, TK-410, EMPTY CARTRIDGE','','pc','B','4010','5010','1510','5040','1530','0','0','0','0','0','0','0','0','1','0','0'), ('EMP-0090','5','1','KYOCERA, TK-135, EMPTY CARTRIDGE','','pc','B','4010','5010','1510','5040','1530','0','0','0','0','0','0','0','0','1','0','0'), ('EMP-0091','5','1','OPTIMUM, OPT-SCX4200, EMPTY CARTRIDGE','','pc','B','4010','5010','1510','5040','1530','0','0','0','0','0','0','0','0','1','0','0'), ('EMP-0092','5','1','OPTIMUM, OPT-1710, EMPTY CARTRIDGE','','pc','B','4010','5010','1510','5040','1530','0','0','0','0','0','0','0','0','1','0','0'), ('EMP-0093','5','1','OPTIMUM, OPT-78A, EMPTY CARTRIDGE','','pc','B','4010','5010','1510','5040','1530','0','0','0','0','0','0','0','0','1','0','0'), ('EMP-0094','5','1','OPTIMUM, OPT-85A, EMPTY CARTRIDGE','','pc','B','4010','5010','1510','5040','1530','0','0','0','0','0','0','0','0','1','0','0'), ('EMP-0095','5','1','OPTIMUM, OPT-530A, EMPTY CARTRIDGE, BLACK','','pc','B','4010','5010','1510','5040','1530','0','0','0','0','0','0','0','0','1','0','0'), ('EMP-0096','5','1','OPTIMUM, OPT-531A, EMPTY CARTRIDGE, CYAN','','pc','B','4010','5010','1510','5040','1530','0','0','0','0','0','0','0','0','1','0','0'), ('EMP-0097','5','1','OPTIMUM, OPT-532A, EMPTY CARTRIDGE, YELLOW','','pc','B','4010','5010','1510','5040','1530','0','0','0','0','0','0','0','0','1','0','0'), ('EMP-0098','5','1','OPTIMUM, OPT-533A, EMPTY CARTRIDGE, MAGENTA','','pc','B','4010','5010','1510','5040','1530','0','0','0','0','0','0','0','0','1','0','0'), ('EMP-0099','5','1','OPTIMUM, OPT-C1110B, EMPTY CARTRIDGE, BLACK','','pc','B','4010','5010','1510','5040','1530','0','0','0','0','0','0','0','0','1','0','0'), ('EMP-0100','5','1','OPTIMUM, OPT-C1110C, EMPTY CARTRIDGE, CYAN','','pc','B','4010','5010','1510','5040','1530','0','0','0','0','0','0','0','0','1','0','0');
INSERT INTO `0_stock_master` VALUES ('EMP-0101','5','1','OPTIMUM, OPT-C1110Y, EMPTY CARTRIDGE, YELLOW','','pc','B','4010','5010','1510','5040','1530','0','0','0','0','0','0','0','0','1','0','0'), ('EMP-0102','5','1','OPTIMUM, OPT-C1110M, EMPTY CARTRIDGE, MAGENTA','','pc','B','4010','5010','1510','5040','1530','0','0','0','0','0','0','0','0','1','0','0'), ('EMP-0103','5','1','OPTIMUM, OPT-03A, EMPTY CARTRIDGE','','pc','B','4010','5010','1510','5040','1530','0','0','0','0','0','0','0','0','1','0','0'), ('EMP-0104','5','1','OPTIMUM, OPT-06A, EMPTY CARTRIDGE','','pc','B','4010','5010','1510','5040','1530','0','0','0','0','0','0','0','0','1','0','0'), ('EMP-0105','5','1','OPTIMUM, OPT-09A, EMPTY CARTRIDGE','','pc','B','4010','5010','1510','5040','1530','0','0','0','0','0','0','0','0','1','0','0'), ('EMP-0106','5','1','OPTIMUM, OPT-10A, EMPTY CARTRIDGE','','pc','B','4010','5010','1510','5040','1530','0','0','0','0','0','0','0','0','1','0','0'), ('EMP-0107','5','1','OPTIMUM, OPT-11A, EMPTY CARTRIDGE','','pc','B','4010','5010','1510','5040','1530','0','0','0','0','0','0','0','0','1','0','0'), ('EMP-0108','5','1','OPTIMUM, OPT-12A, EMPTY CARTRIDGE','','pc','B','4010','5010','1510','5040','1530','0','0','0','0','0','0','0','0','1','0','0'), ('EMP-0109','5','1','OPTIMUM, OPT-13A, EMPTY CARTRIDGE','','pc','B','4010','5010','1510','5040','1530','0','0','0','0','0','0','0','0','1','0','0'), ('EMP-0110','5','1','OPTIMUM, OPT-15A, EMPTY CARTRIDGE','','pc','B','4010','5010','1510','5040','1530','0','0','0','0','0','0','0','0','1','0','0'), ('EMP-0111','5','1','OPTIMUM, OPT-1610, EMPTY CARTRIDGE','','pc','B','4010','5010','1510','5040','1530','0','0','0','0','0','0','0','0','1','0','0'), ('EMP-0112','5','1','OPTIMUM, OPT-1640, EMPTY CARTRIDGE','','pc','B','4010','5010','1510','5040','1530','0','0','0','0','0','0','0','0','1','0','0'), ('EMP-0113','5','1','OPTIMUM, OPT-2010, EMPTY CARTRIDGE','','pc','B','4010','5010','1510','5040','1530','0','0','0','0','0','0','0','0','1','0','0'), ('EMP-0114','5','1','OPTIMUM, OPT-24A, EMPTY CARTRIDGE','','pc','B','4010','5010','1510','5040','1530','0','0','0','0','0','0','0','0','1','0','0'), ('EMP-0115','5','1','OPTIMUM, OPT-27X, EMPTY CARTRIDGE','','pc','B','4010','5010','1510','5040','1530','0','0','0','0','0','0','0','0','1','0','0'), ('EMP-0116','5','1','OPTIMUM, OPT-29X, EMPTY CARTRIDGE','','pc','B','4010','5010','1510','5040','1530','0','0','0','0','0','0','0','0','1','0','0'), ('EMP-0117','5','1','OPTIMUM, OPT-35A, EMPTY CARTRIDGE','','pc','B','4010','5010','1510','5040','1530','0','0','0','0','0','0','0','0','1','0','0'), ('EMP-0118','5','1','OPTIMUM, OPT-36A, EMPTY CARTRIDGE','','pc','B','4010','5010','1510','5040','1530','0','0','0','0','0','0','0','0','1','0','0'), ('EMP-0119','5','1','OPTIMUM, OPT-38A, EMPTY CARTRIDGE','','pc','B','4010','5010','1510','5040','1530','0','0','0','0','0','0','0','0','1','0','0'), ('EMP-0120','5','1','OPTIMUM, OPT-39A, EMPTY CARTRIDGE','','pc','B','4010','5010','1510','5040','1530','0','0','0','0','0','0','0','0','1','0','0'), ('EMP-0121','5','1','OPTIMUM, OPT-42A, EMPTY CARTRIDGE','','pc','B','4010','5010','1510','5040','1530','0','0','0','0','0','0','0','0','1','0','0'), ('EMP-0122','5','1','OPTIMUM, OPT-45A, EMPTY CARTRIDGE','','pc','B','4010','5010','1510','5040','1530','0','0','0','0','0','0','0','0','1','0','0'), ('EMP-0123','5','1','OPTIMUM, OPT-49A, EMPTY CARTRIDGE','','pc','B','4010','5010','1510','5040','1530','0','0','0','0','0','0','0','0','1','0','0'), ('EMP-0124','5','1','OPTIMUM, OPT-51A, EMPTY CARTRIDGE','','pc','B','4010','5010','1510','5040','1530','0','0','0','0','0','0','0','0','1','0','0'), ('EMP-0125','5','1','OPTIMUM, OPT-53A, EMPTY CARTRIDGE','','pc','B','4010','5010','1510','5040','1530','0','0','0','0','0','0','0','0','1','0','0'), ('EMP-0126','5','1','OPTIMUM, OPT-6000A, EMPTY CARTRIDGE, BLACK','','pc','B','4010','5010','1510','5040','1530','0','0','0','0','0','0','0','0','1','0','0'), ('EMP-0127','5','1','OPTIMUM, OPT-6001A, EMPTY CARTRIDGE, CYAN','','pc','B','4010','5010','1510','5040','1530','0','0','0','0','0','0','0','0','1','0','0'), ('EMP-0128','5','1','OPTIMUM, OPT-6002A, EMPTY CARTRIDGE, YELLOW','','pc','B','4010','5010','1510','5040','1530','0','0','0','0','0','0','0','0','1','0','0'), ('EMP-0129','5','1','OPTIMUM, OPT-6003A, EMPTY CARTRIDGE, MAGENTA','','pc','B','4010','5010','1510','5040','1530','0','0','0','0','0','0','0','0','1','0','0'), ('EMP-0130','5','1','OPTIMUM, OPT-61X, EMPTY CARTRIDGE','','pc','B','4010','5010','1510','5040','1530','0','0','0','0','0','0','0','0','1','0','0'), ('EMP-0131','5','1','OPTIMUM, OPT-92A, EMPTY CARTRIDGE','','pc','B','4010','5010','1510','5040','1530','0','0','0','0','0','0','0','0','1','0','0'), ('EMP-0132','5','1','OPTIMUM, OPT-96A, EMPTY CARTRIDGE','','pc','B','4010','5010','1510','5040','1530','0','0','0','0','0','0','0','0','1','0','0'), ('EMP-0133','5','1','OPTIMUM, OPT-98A, EMPTY CARTRIDGE','','pc','B','4010','5010','1510','5040','1530','0','0','0','0','0','0','0','0','1','0','0'), ('EMP-0134','5','1','OPTIMUM, OPT-540A, EMPTY CARTRIDGE, BLACK','','pc','B','4010','5010','1510','5040','1530','0','0','0','0','0','0','0','0','1','0','0'), ('EMP-0135','5','1','OPTIMUM, OPT-541A, EMPTY CARTRIDGE, CYAN','','pc','B','4010','5010','1510','5040','1530','0','0','0','0','0','0','0','0','1','0','0'), ('EMP-0136','5','1','OPTIMUM, OPT-542A, EMPTY CARTRIDGE, YELLOW','','pc','B','4010','5010','1510','5040','1530','0','0','0','0','0','0','0','0','1','0','0'), ('EMP-0137','5','1','OPTIMUM, OPT-543A, EMPTY CARTRIDGE, MAGENTA','','pc','B','4010','5010','1510','5040','1530','0','0','0','0','0','0','0','0','1','0','0'), ('EMP-0138','5','1','OPTIMUM, OPT-D209, EMPTY CARTRIDGE','','pc','B','4010','5010','1510','5040','1530','0','0','0','0','0','0','0','0','1','0','0'), ('EMP-0139','5','1','OPTIMUM, OPT-FX3, EMPTY CARTRIDGE','','pc','B','4010','5010','1510','5040','1530','0','0','0','0','0','0','0','0','1','0','0'), ('EMP-0140','5','1','OPTIMUM, OPT-FX9, EMPTY CARTRIDGE','','pc','B','4010','5010','1510','5040','1530','0','0','0','0','0','0','0','0','1','0','0'), ('EMP-0141','5','1','OPTIMUM, OPT-PE220, EMPTY CARTRIDGE','','pc','B','4010','5010','1510','5040','1530','0','0','0','0','0','0','0','0','1','0','0'), ('PRM-0001','4','1','BOX, 343X102X135 MM, EXTRA SMALL','','pc','B','4010','5010','1510','5040','1530','0','0','0','0','0','0','0','0','1','0','0'), ('PRM-0002','4','1','BOX, 430X160X300 MM, LARGE','','pc','B','4010','5010','1510','5040','1530','0','0','0','0','0','0','0','0','0','0','0'), ('PRM-0003','4','1','BOX, 430X140X250 MM, MEDIUM','','pc','B','4010','5010','1510','5040','1530','0','0','0','0','0','0','0','0','1','0','0'), ('PRM-0004','4','1','SCC, AXBLADE, WIPER BLADE FOR HP 06A, 92A, FX3','','pc','B','4010','5010','1510','5040','1530','0','0','0','0','0','0','0','0','1','0','0'), ('PRM-0005','4','1','BOX, 343X125X173 MM, SMALL','','pc','B','4010','5010','1510','5040','1530','0','0','0','0','0','0','0','0','0','0','0'), ('PRM-0006','4','1','BOX, 490X170X270 MM, EXTRA-LARGE','','pc','B','4010','5010','1510','5040','1530','0','0','0','0','0','0','0','0','0','0','0'), ('PRM-0007','4','1','SCC, HP23BLADE-3, WIPER BLADE FOR HP 10A, 11A, 51A, 55A','','pc','B','4010','5010','1510','5040','1530','0','0','0','0','0','0','0','0','0','0','0'), ('PRM-0008','4','1','KUROKI, LP53, WIPER BLADE FOR HP 96A, 10A, 11A, 51A, 55A','','pc','B','4010','5010','1510','5040','1530','0','0','0','0','0','0','0','0','0','0','0'), ('PRM-0009','4','1','KUROKI, LP74, WIPER BLADE FOR HP 27X, 61X','','pc','B','4010','5010','1510','5040','1530','0','0','0','0','0','0','0','0','0','0','0'), ('PRM-0010','4','1','KUROKI, LP93, WIPER BLADE FOR HP 38A, 39A, 42A, 54A','','pc','B','4010','5010','1510','5040','1530','0','0','0','0','0','0','0','0','0','0','0'), ('PRM-0011','4','1','KUROKI, LP168, WIPER BLADE FOR HP 64A','','pc','B','4010','5010','1510','5040','1530','0','0','0','0','0','0','0','0','0','0','0'), ('PRM-0012','4','1','KUROKI, LP50, WIPER BLADE FOR HP 29X, 82X, 16A, 43X','','pc','B','4010','5010','1510','5040','1530','0','0','0','0','0','0','0','0','0','0','0'), ('PRM-0015','4','1','UNINET, ITEM NO. 8174, WIPER BLADE FOR USE IN HP 42A, 38A, 39A, 45A','','pc','B','4010','5010','1510','5040','1530','0','0','0','0','0','0','0','0','1','0','0'), ('PRM-0016','4','1','UNINET, ITEM NO. 14115, WIPER BLADE FOR USE IN HP 27X, 61X, 64A','','pc','B','4010','5010','1510','5040','1530','0','0','0','0','0','0','0','0','0','0','0'), ('PRM-0017','4','1','UNINET, ITEM NO. 7727, WIPER BLADE FOR USE IN HP 96A, 10A, 11A, 51A, 55A','','pc','B','4010','5010','1510','5040','1530','0','0','0','0','0','0','0','0','0','0','0'), ('PRM-0018','4','1','SCC, 5KBLADE, WIPER BLADE FOR HP 29X, 82X, 16A','','pc','B','4010','5010','1510','5040','1530','0','0','0','0','0','0','0','0','0','0','0'), ('PRM-0019','4','1','SCC, HP26BLADE, WIPER BLADE FOR HP Q6000A TO 03A','','pc','B','4010','5010','1510','5040','1530','0','0','0','0','0','0','0','0','0','0','0'), ('PRM-0020','4','1','SCC, SAM1610BLADE, WIPER BLADE FOR SAMSUNG ML-1610, ML-2010, D108, SCX-4521, FUJI-XEROX X3124, PE220','','pc','B','4010','5010','1510','5040','1530','0','0','0','0','0','0','0','0','1','0','0'), ('PRM-0021','4','1','SCC, HP1505BLADE, WIPER BLADE FOR HP 35A, 36A, 85A, 78A','','pc','B','4010','5010','1510','5040','1530','0','0','0','0','0','0','0','0','0','0','0'), ('PRM-0022','4','1','HP, HP OEM, WIPER BLADE FOR HP 35A, 36A, 85A, 78A','','pc','B','4010','5010','1510','5040','1530','0','0','0','0','0','0','0','0','0','0','0'), ('PRM-0023','4','1','SCC, HP2055BLADE2, WIPER BLADE FOR HP 05A','','pc','B','4010','5010','1510','5040','1530','0','0','0','0','0','0','0','0','0','0','0'), ('PRM-0025','4','1','SCC, SAM105BLADE, WIPER BLADE FOR SAMSUNG D105','','pc','B','4010','5010','1510','5040','1530','0','0','0','0','0','0','0','0','0','0','0'), ('PRM-0026','4','1','SCC, SAM2851BLADE, WIPER BLADE FOR D209, ML-2850','','pc','B','4010','5010','1510','5040','1530','0','0','0','0','0','0','0','0','0','0','0'), ('PRM-0027','4','1','SCC, SAM3051BLADE, WIPER BLADE FOR ML-3050','','pc','B','4010','5010','1510','5040','1530','0','0','0','0','0','0','0','0','0','0','0'), ('PRM-0028','4','1','SCC, SAM1750BLADE, WIPER BLADE FOR SAMSUNG D109. SCX4200, SF-560, X3119','','pc','B','4010','5010','1510','5040','1530','0','0','0','0','0','0','0','0','0','0','0'), ('PRM-0029','4','1','SCC, AXDBLADE, DOCTOR BLADE FOR HP 06A, 92A, FX3','','pc','B','4010','5010','1510','5040','1530','0','0','0','0','10','0','0','0','0','0','0'), ('PRM-0030','4','1','SCC, LJ4DBLADE, DOCTOR BLADE FOR HP 98A','','pc','B','4010','5010','1510','5040','1530','0','0','0','0','0','0','0','0','0','0','0'), ('PRM-0031','4','1','SCC, WXDBLADE, DOCTOR BLADE FOR HP 09A, 82X','','pc','B','4010','5010','1510','5040','1530','0','0','0','0','0','0','0','0','0','0','0'), ('PRM-0032','4','1','SCC, HP1012DBLADE, DOCTOR BLADE FOR HP 12A, 15A, 24A, 13A, FX9','','pc','B','4010','5010','1510','5040','1530','0','0','0','0','10','0','0','0','0','0','0'), ('PRM-0033','4','1','SCC, HP1320DBLADE, DOCTOR BLADE FOR HP 49A, 53A','','pc','B','4010','5010','1510','5040','1530','0','0','0','0','0','0','0','0','0','0','0'), ('PRM-0034','4','1','SCC, 4KDBLADE-2PU, DOCTOR BLADE FOR HP 96A, 27X, 61X','','pc','B','4010','5010','1510','5040','1530','0','0','0','0','0','0','0','0','0','0','0'), ('PRM-0035','4','1','KUROKI, LP48M, DOCTOR BLADE FOR HP 96A, 27X, 61X','','pc','B','4010','5010','1510','5040','1530','0','0','0','0','0','0','0','0','1','0','0'), ('PRM-0036','4','1','KUROKI, LP99M, DOCTOR BLADE FOR HP 10A','','pc','B','4010','5010','1510','5040','1530','0','0','0','0','0','0','0','0','0','0','0'), ('PRM-0037','4','1','KUROKI, LP126M, DOCTOR BLADE FOR HP 11A, 51A','','pc','B','4010','5010','1510','5040','1530','0','0','0','0','0','0','0','0','0','0','0'), ('PRM-0038','4','1','KUROKI, LP93M, DOCTOR BLADE FOR HP 38A, 39A, 42A, 45A','','pc','B','4010','5010','1510','5040','1530','0','0','0','0','0','0','0','0','0','0','0'), ('PRM-0039','4','1','KUROKI, LP50M, DOCTOR BLADE FOR HP 29X','','pc','B','4010','5010','1510','5040','1530','0','0','0','0','0','0','0','0','0','0','0'), ('PRM-0040','4','1','KUROKI, LP195M, DOCTOR BLADE FOR HP 55A','','pc','B','4010','5010','1510','5040','1530','0','0','0','0','0','0','0','0','0','0','0'), ('PRM-0041','4','1','SCC, HP23DBLADE, DOCTOR BLADE FOR HP 10A, 11A, 51A, 55A','','pc','B','4010','5010','1510','5040','1530','0','0','0','0','0','0','0','0','0','0','0'), ('PRM-0042','4','1','UNINET, ITEM NO. 10189, DOCTOR BLADE FOR HP 10A, 11A, 51A','','pc','B','4010','5010','1510','5040','1530','0','0','0','0','0','0','0','0','0','0','0'), ('PRM-0043','4','1','SCC, HP43DBLADE-3, DOCTOR BLADE FOR HP 38A, 39A, 42A, 45A','','pc','B','4010','5010','1510','5040','1530','0','0','0','0','0','0','0','0','0','0','0'), ('PRM-0044','4','1','SCC, 5KDBLADE, DOCTOR BLADE FOR 29X','','pc','B','4010','5010','1510','5040','1530','0','0','0','0','0','0','0','0','0','0','0'), ('PRM-0045','4','1','SCC, HP52DBLADE, DOCTOR BLADE FOR HP 16A','','pc','B','4010','5010','1510','5040','1530','0','0','0','0','0','0','0','0','0','0','0'), ('PRM-0046','4','1','SCC, HP1505DBLADE2, DOCTOR BLADE FOR HP 35A, 36A, 85A, 78A','','pc','B','4010','5010','1510','5040','1530','0','0','0','0','0','0','0','0','0','0','0'), ('PRM-0047','4','1','HP, HPOEM, DOCTOR BLADE FOR HP 35A, 36A, 85A, 78A','','pc','B','4010','5010','1510','5040','1530','0','0','0','0','0','0','0','0','0','0','0'), ('PRM-0048','4','1','SCC, HP2055DBLADE-10, DOCTOR BLADE FOR HP 05A','','pc','B','4010','5010','1510','5040','1530','0','0','0','0','0','0','0','0','0','0','0'), ('PRM-0049','4','1','SCC, HP4515DBLADE, DOCTOR BLADE FOR HP 64A','','pc','B','4010','5010','1510','5040','1530','0','0','0','0','0','0','0','0','0','0','0'), ('PRM-0050','4','1','SCC, SAM1750DBLADE, DOCTOR BLADE FOR SAMSUNG D109, SCX4200, SF-560, X3119','','pc','B','4010','5010','1510','5040','1530','0','0','0','0','0','0','0','0','0','0','0'), ('PRM-0052','4','1','SCC, HP26DBLADE, DOCTOR BLADE FOR HP Q6000A TO 03A','','pc','B','4010','5010','1510','5040','1530','0','0','0','0','0','0','0','0','0','0','0'), ('PRM-0053','4','1','SCC, B2040DBLADE, DOCTOR BLADE FOR BROTHER TN-2025','','pc','B','4010','5010','1510','5040','1530','0','0','0','0','0','0','0','0','0','0','0'), ('PRM-0054','4','1','SCC, DRAX2, DRUM FOR HP 06A, 92A, FX3','','pc','B','4010','5010','1510','5040','1530','0','0','0','0','0','0','0','0','0','0','0'), ('PRM-0055','4','1','SCC, DRLJ4, DRUM FOR HP 98A','','pc','B','4010','5010','1510','5040','1530','0','0','0','0','0','0','0','0','1','0','0'), ('PRM-0056','4','1','SCC, DRVX, DRUM FOR HP 03A / VX','','pc','B','4010','5010','1510','5040','1530','0','0','0','0','0','0','0','0','1','0','0'), ('PRM-0057','4','1','SCC, DRWX, DRUM FOR HP 09A','','pc','B','4010','5010','1510','5040','1530','0','0','0','0','0','0','0','0','0','0','0'), ('PRM-0058','4','1','SCC, DRHP1012, DRUM FOR HP 12A, FX9','','pc','B','4010','5010','1510','5040','1530','0','0','0','0','45','0','0','0','0','0','0'), ('PRM-0059','4','1','SCC, DRHP1012-2, DRUM FOR HP 12A, FX9','','pc','B','4010','5010','1510','5040','1530','0','0','0','0','0','0','0','0','0','0','0'), ('PRM-0060','4','1','SCC, DRHP1200, DRUM FOR HP 15A, 24A, 13A','','pc','B','4010','5010','1510','5040','1530','0','0','0','0','0','0','0','0','0','0','0'), ('PRM-0061','4','1','SCC, DRHP2015, DRUM FOR HP 49A, 53A','','pc','B','4010','5010','1510','5040','1530','0','0','0','0','0','0','0','0','0','0','0'), ('PRM-0062','4','1','SCC, DRHP21, DRUM FOR HP 96A','','pc','B','4010','5010','1510','5040','1530','0','0','0','0','0','0','0','0','0','0','0'), ('PRM-0063','4','1','SCC, DRHP21-2, DRUM FOR HP 96A','','pc','B','4010','5010','1510','5040','1530','0','0','0','0','0','0','0','0','0','0','0');
INSERT INTO `0_stock_master` VALUES ('PRM-0064','4','1','SCC, DRHP23-2, DRUM FOR HP 10A','','pc','B','4010','5010','1510','5040','1530','0','0','0','0','0','0','0','0','0','0','0'), ('PRM-0065','4','1','SCC, DRHP2430, DRUM FOR HP 11A, 51A','','pc','B','4010','5010','1510','5040','1530','0','0','0','0','0','0','0','0','0','0','0'), ('PRM-0066','4','1','SCC, DR4K, DRUM FOR HP 27X','','pc','B','4010','5010','1510','5040','1530','0','0','0','0','0','0','0','0','0','0','0'), ('PRM-0067','4','1','SCC, DRHP41, DRUM FOR HP 61X','','pc','B','4010','5010','1510','5040','1530','0','0','0','0','0','0','0','0','0','0','0'), ('PRM-0068','4','1','SCC, DRHP43-2, DRUM FOR HP 38A, 39A, 42A, 45A','','pc','B','4010','5010','1510','5040','1530','0','0','0','0','0','0','0','0','0','0','0'), ('PRM-0069','4','1','SCC, DR5K, DRUM FOR HP 29X','','pc','B','4010','5010','1510','5040','1530','0','0','0','0','0','0','0','0','0','0','0'), ('PRM-0070','4','1','SCC, DRHP81, DRUM FOR HP 82X','','pc','B','4010','5010','1510','5040','1530','0','0','0','0','0','0','0','0','0','0','0'), ('PRM-0071','4','1','SCC, DR9K, DRUM FOR HP 43X','','pc','B','4010','5010','1510','5040','1530','0','0','0','0','0','0','0','0','0','0','0'), ('PRM-0072','4','1','SCC, DRHP26-2 W/ GEARS, DRUM FOR HP Q6000A TO 03A','','pc','B','4010','5010','1510','5040','1530','0','0','0','0','0','0','0','0','0','0','0'), ('PRM-0073','4','1','SCC, DRHP52, DRUM FOR HP 16A','','pc','B','4010','5010','1510','5040','1530','0','0','0','0','0','0','0','0','0','0','0'), ('PRM-0074','4','1','SCC, DRSAM1610 ODYSSEY DRUM W/ GEARS, DRUM FOR SAMSUNG ML-1610, ML-2010, D108, SCX-4521, SCX-4725, FUJI XEROX X3124, PE220','','pc','B','4010','5010','1510','5040','1530','0','0','0','0','0','0','0','0','0','0','0'), ('PRM-0075','4','1','SCC, DRSAM1610-2 ODYSSEY DRUM W/ GEARS, DRUM FOR SAMSUNG ML-1610, ML-2010, D108, SCX-4521, SCX-4725, FUJI XEROX X3124, PE220','','pc','B','4010','5010','1510','5040','1530','0','0','0','0','0','0','0','0','0','0','0'), ('PRM-0076','4','1','SCC, DRHP1505 ODYSSEY W/ GEARS, DRUM FOR HP 35A, 36A, 85A, 78A','','pc','B','4010','5010','1510','5040','1530','0','0','0','0','0','0','0','0','0','0','0'), ('PRM-0077','4','1','SCC, DRHP1505-2, ODYSSEY W/ GEARS, DRUM FOR HP 35A, 36A, 85A, 78A','','pc','B','4010','5010','1510','5040','1530','0','0','0','0','0','0','0','0','1','0','0'), ('PRM-0078','4','1','HP, HP OEM W/ GEARS, DRUM FOR HP 35A, 36A, 85A, 78A','','pc','B','4010','5010','1510','5040','1530','0','0','0','0','0','0','0','0','0','0','0'), ('PRM-0079','4','1','UNINET, UNI DRUM W/ GEARS, OEM STYLE, ITEM NO.: 15874, DRUM FOR HP 35A, 36A, 85A, 78A','','pc','B','4010','5010','1510','5040','1530','0','0','0','0','0','0','0','0','0','0','0'), ('PRM-0080','4','1','SCC, GRSET-HP26, GEAR SET FOR USE IN HP Q6000A TO 03A DRHP26-1 DRUM','','pc','B','4010','5010','1510','5040','1530','0','0','0','0','0','0','0','0','0','0','0'), ('PRM-0081','4','1','SCC, DRHP2055 ODYSSEY W/ GEARS, DRUM FOR HP 05A','','pc','B','4010','5010','1510','5040','1530','0','0','0','0','0','0','0','0','0','0','0'), ('PRM-0082','4','1','SCC, DRHP2025-2, DRUM FOR HP 1215, 2025, 1525','','pc','B','4010','5010','1510','5040','1530','0','0','0','0','0','0','0','0','0','0','0'), ('PRM-0083','4','1','SCC, DRHPP3015 W/ GEAR, DRUM FOR HP 55A','','pc','B','4010','5010','1510','5040','1530','0','0','0','0','0','0','0','0','0','0','0'), ('PRM-0084','4','1','SCC, DRHP4515 W/ GEAR, DRUM FOR HP 64A','','pc','B','4010','5010','1510','5040','1530','0','0','0','0','0','0','0','0','0','0','0'), ('PRM-0085','4','1','SCC, DRSAM2851, DRUM FOR SAMSUNG D209, D105, ML-2850','','pc','B','4010','5010','1510','5040','1530','0','0','0','0','0','0','0','0','0','0','0'), ('PRM-0086','4','1','SCC, DRSAM1750, DRUM FOR SAMSUNG D109, SCX4200, SF-560, FUJI-XEROX 3119','','pc','B','4010','5010','1510','5040','1530','0','0','0','0','0','0','0','0','0','0','0'), ('PRM-0087','4','1','SCC, DRSAM3051, DRUM FOR SAMSUNG ML-3050','','pc','B','4010','5010','1510','5040','1530','0','0','0','0','0','0','0','0','0','0','0'), ('PRM-0088','4','1','SCC, DRB2040, DRUM FOR BROTHER DRUM KIT DR-2025','','pc','B','4010','5010','1510','5040','1530','0','0','0','0','0','0','0','0','0','0','0'), ('PRM-0089','4','1','SCC, DRSAM1630, DRUM FOR SAMSUNG D104','','pc','B','4010','5010','1510','5040','1530','0','0','0','0','0','0','0','0','0','0','0'), ('PRM-0090','4','1','SINONAR, IMAGING, DRUM FOR CANON IR1022-NPG32','','pc','B','4010','5010','1510','5040','1530','0','0','0','0','0','0','0','0','0','0','0'), ('PRM-0091','4','1','SINONAR, IMAGING, DRUM FOR CANON IR1300-NPG21','','pc','B','4010','5010','1510','5040','1530','0','0','0','0','0','0','0','0','0','0','0'), ('PRM-0092','4','1','SINONAR, IMAGING, DRUM FOR CANON IR 1600-NPG-20','','pc','B','4010','5010','1510','5040','1530','0','0','0','0','0','0','0','0','0','0','0'), ('PRM-0093','4','1','SINONAR, IMAGING, DRUM FOR CANON IR 2020 - NPG28','','pc','B','4010','5010','1510','5040','1530','0','0','0','0','0','0','0','0','0','0','0'), ('PRM-0094','4','1','SINONAR, IMAGING, DRUM FOR KYOCERA KM1620','','pc','B','4010','5010','1510','5040','1530','0','0','0','0','0','0','0','0','0','0','0'), ('PRM-0095','4','1','SCC, EX340B-OS1087, TONER BOTTLE FOR HP 98A (340G/BOTTLE)','','pc','B','4010','5010','1510','5040','1530','0','0','0','0','0','0','0','0','0','0','0'), ('PRM-0096','4','1','SCC, WX840B-OS, TONER BOTTLE FOR HP 09A (840G/BOTTLE)','','pc','B','4010','5010','1510','5040','1530','0','0','0','0','0','0','0','0','0','0','0'), ('PRM-0097','4','1','SCC, TRHP21-260B-OS, TONER BOTTLE FOR HP 96A (260G/BOTTLE)','','pc','B','4010','5010','1510','5040','1530','0','0','0','0','0','0','0','0','0','0','0'), ('PRM-0098','4','1','SCC, TRHP4K-500B-OS, TONER BOTTLE FOR HP 27X (500G/BOTTLE)','','pc','B','4010','5010','1510','5040','1530','0','0','0','0','0','0','0','0','0','0','0'), ('PRM-0099','4','1','SCC, 5K-500B, TONER BOTTLE FOR HP 29X (500G/BOTTLE)','','pc','B','4010','5010','1510','5040','1530','0','0','0','0','0','0','0','0','0','0','0'), ('PRM-0102','4','1','SCC, HP13-143B-OS, TONER BOTTLE FOR HP 13A (143G/BOTTLE)','','pc','B','4010','5010','1510','5040','1530','0','0','0','0','0','0','0','0','0','0','0'), ('PRM-0103','4','1','SCC, HP1150-160B-OS, TONER BOTTLE FOR HP 24A (160G/BOTTLE)','','pc','B','4010','5010','1510','5040','1530','0','0','0','0','0','0','0','0','0','0','0'), ('PRM-0104','4','1','SCC, TRHP4350-550B-OS, TONER BOTTLE FOR HP 42A (550G/BOTTLE)','','pc','B','4010','5010','1510','5040','1530','0','0','0','0','0','0','0','0','0','0','0'), ('PRM-0105','4','1','SCC, TRHP42-700B-OS, TONER BOTTLE FOR HP 38A (700G/BOTTLE)','','pc','B','4010','5010','1510','5040','1530','0','0','0','0','0','0','0','0','0','0','0'), ('PRM-0106','4','1','SCC, TRHP43-1050B-OS, TONER BOTTLE FOR HP 39A, 45A (1050G/BOTTLE)','','pc','B','4010','5010','1510','5040','1530','0','0','0','0','0','0','0','0','0','0','0'), ('PRM-0107','4','1','SCC, HP2430-300B, TONER BOTTLE FOR HP 11A, 51A (300G/BOTTLE)','','pc','B','4010','5010','1510','5040','1530','0','0','0','0','0','0','0','0','0','0','0'), ('PRM-0108','4','1','SCC, TRHP23-340B-OS, TONER BOTTLE FOR HP 10A (340G/BOTTLE)','','pc','B','4010','5010','1510','5040','1530','0','0','0','0','0','0','0','0','0','0','0'), ('PRM-0109','4','1','SCC, 9K-1650B, TONER BOTTLE FOR HP 43X (1650G/BOTTLE)','','pc','B','4010','5010','1510','5040','1530','0','0','0','0','0','0','0','0','0','0','0'), ('PRM-0110','4','1','SCC, TRHP26-110B-KOS, BLACK, TONER 110G BOTTLE FOR HP Q6000A','','pc','B','4010','5010','1510','5040','1530','0','0','0','0','0','0','0','0','0','0','0'), ('PRM-0111','4','1','SCC, HP26-90B-KOS2, BLACK, 90G BOTTLE, TONER FOR HP Q6000A','','pc','B','4010','5010','1510','5040','1530','0','0','0','0','0','0','0','0','0','0','0'), ('PRM-0112','4','1','SCC, HP-26-100B-COS, CYAN, 100G BOTTLE, TONER FOR HP Q6001A','','pc','B','4010','5010','1510','5040','1530','0','0','0','0','0','0','0','0','0','0','0'), ('PRM-0113','4','1','SCC, HP26-100B-YOS, YELLOW, 100G BOTTLE, TONER FOR HP Q6002A','','pc','B','4010','5010','1510','5040','1530','0','0','0','0','0','0','0','0','0','0','0'), ('PRM-0114','4','1','SCC, TRHP26-100B-MAOS, MAGENTA, 100G BOTTLE, TONER FOR HP Q6003A','','pc','B','4010','5010','1510','5040','1530','0','0','0','0','0','0','0','0','0','0','0'), ('PRM-0115','4','1','SCC, TRHP26-80B-COS2, CYAN, 80G BOTTLE, TONER FOR HP Q6001A','','pc','B','4010','5010','1510','5040','1530','0','0','0','0','0','0','0','0','0','0','0'), ('PRM-0116','4','1','SCC, HP26-80B-YOS2, YELLOW, 80G BOTTLE, TONER FOR HP Q6002A','','pc','B','4010','5010','1510','5040','1530','0','0','0','0','0','0','0','0','0','0','0'), ('PRM-0117','4','1','SCC, TRHP26-90B-MAOS2, MAGENTA, 90G BOTTLE, TONER FOR HP Q6003A','','pc','B','4010','5010','1510','5040','1530','0','0','0','0','0','0','0','0','1','0','0'), ('PRM-0118','4','1','SCC, AXT-10KG, TONER FOR HP 06A, 92A, FX3 (10KG/BAG)','','pc','B','4010','5010','1510','5040','1530','0','0','0','0','0','0','0','0','0','0','0'), ('PRM-0119','4','1','SCC, HP1320-10KG BAG, TONER FOR 49A, 53A (10KG/BAG)','','pc','B','4010','5010','1510','5040','1530','0','0','0','0','0','0','0','0','0','0','0'), ('PRM-0120','4','1','SCC, HP1012-10KG, TONER FOR HP 12A, FX9 (10KG/BAG)','','pc','B','4010','5010','1510','5040','1530','0','0','0','0','0','0','0','0','0','0','0'), ('PRM-0121','4','1','SCC, TRHP52-580B-OS, BOTTLE, TONER FOR HP 16A(580G/BOTTLE)','','pc','B','4010','5010','1510','5040','1530','0','0','0','0','0','0','0','0','0','0','0'), ('PRM-0122','4','1','SCC, TRHP15050S-10KG, 10KG BAG, TONER FOR HP 35A, 36A, 85A, 78A','','pc','B','4010','5010','1510','5040','1530','0','0','0','0','0','0','0','0','0','0','0'), ('PRM-0123','4','1','UNINET, ABSOLUTE BLACK, 10KG BAG, ITEM NO.: 12098, TONER FOR HP 35A, 36A @ 1185 x 125G (1 BAG=80 BOTTLES)','','pc','B','4010','5010','1510','5040','1530','0','0','0','0','0','0','0','0','0','0','0'), ('PRM-0124','4','1','SCC, TRS2010OS-10KG, 10KG BAG TONER, TONER FOR USE IN SAMSUNG ML201-, ML-1610, D208, D105, PE220, D104, SCX4200, D109, SCX-4725, SF-560, X3119, X3124','','pc','B','4010','5010','1510','5040','1530','0','0','0','0','0','0','0','0','0','0','0'), ('PRM-0125','4','1','SCC, HP2055-290B-OS, 290G/BOTTLE, TONER FOR USE IN HP 05A','','pc','B','4010','5010','1510','5040','1530','0','0','0','0','0','0','0','0','0','0','0'), ('PRM-0126','4','1','SCC, HP4515-470B-OS, 470G/BOTTLE, TONER FOR USE IN HP 64A','','pc','B','4010','5010','1510','5040','1530','0','0','0','0','0','0','0','0','0','0','0'), ('PRM-0127','4','1','SCC, D1320-30B-K, BLACK, 30G/BOTTLE, TONER FOR USE IN FUJI C1110','','pc','B','4010','5010','1510','5040','1530','0','0','0','0','0','0','0','0','0','0','0'), ('PRM-0128','4','1','SCC, D1320-30B-C, CYAN, 30G/BOTTLE, TONER FOR USE IN FUJI C1110','','pc','B','4010','5010','1510','5040','1530','0','0','0','0','0','0','0','0','0','0','0'), ('PRM-0129','4','1','SCC, D1320-30B-Y, YELLOW, 30G/BOTTLE, TONER FOR USE IN FUJI C1110','','pc','B','4010','5010','1510','5040','1530','0','0','0','0','0','0','0','0','0','0','0'), ('PRM-0130','4','1','SCC, D1320-30B-M, MAGENTA, 30G/BOTTLE, TONER FOR USE IN FUJI C1110','','pc','B','4010','5010','1510','5040','1530','0','0','0','0','0','0','0','0','0','0','0'), ('PRM-0131','4','1','SCC, TRD3100-115B-K, 115G/BOTTLE, TONER FOR USE IN FUJI C525A','','pc','B','4010','5010','1510','5040','1530','0','0','0','0','0','0','0','0','0','0','0'), ('PRM-0132','4','1','SCC, TRD3100-115B-C, CYAN, 115G/BOTTLE, TONER FOR USE IN FUJI C525A','','pc','B','4010','5010','1510','5040','1530','0','0','0','0','0','0','0','0','0','0','0'), ('PRM-0133','4','1','SCC, TRD3100-125B-Y, YELLOW, 125G/BOTTLE, TONER FOR USE IN FUJI C525A','','pc','B','4010','5010','1510','5040','1530','0','0','0','0','0','0','0','0','0','0','0'), ('PRM-0134','4','1','SCC, TRD3100-140B-MA, MAGENTA, 140G/BOTTLE, TONER FOR USE IN FUJI C525A','','pc','B','4010','5010','1510','5040','1530','0','0','0','0','0','0','0','0','0','0','0'), ('PRM-0135','4','1','SCC, SAM409-70B-KOS, BLACK, 70G/BOTTLE, TONER FOR USE IN SAMSUNG CLP315/409','','pc','B','4010','5010','1510','5040','1530','0','0','0','0','0','0','0','0','0','0','0'), ('PRM-0136','4','1','SCC, SAM300-50B-COS, CYAN, 50G/BOTTLE, TONER FOR USE IN SAMSUNG CLP315/409','','pc','B','4010','5010','1510','5040','1530','0','0','0','0','0','0','0','0','0','0','0'), ('PRM-0137','4','1','SCC, SAM300-50B-YOS, YELLOW, 50G/BOTTLE, TONER FOR USE IN SAMSUNG CLP315/409','','pc','B','4010','5010','1510','5040','1530','0','0','0','0','0','0','0','0','1','0','0'), ('PRM-0138','4','1','SCC, SAM300-45B-MAOS, MAGENTA, 45G/BOTTLE, TONER FOR USE IN SAMSUNG CLP135/409','','pc','B','4010','5010','1510','5040','1530','0','0','0','0','0','0','0','0','0','0','0'), ('PRM-0139','4','1','SCC, HPUNI-500B-K, BLACK, UNIVERSAL, 500G/BOTTLE, TONER FOR USE IN HP 1215, 2025, 1525','','pc','B','4010','5010','1510','5040','1530','0','0','0','0','0','0','0','0','0','0','0'), ('PRM-0140','4','1','SCC, HPUNI-500B-C, CYAN, UNIVERSAL, 500G/BOTTLE, TONER FOR USE IN HP 1215, 2025, 1525','','pc','B','4010','5010','1510','5040','1530','0','0','0','0','0','0','0','0','0','0','0'), ('PRM-0141','4','1','SCC, HPUNI-500B-Y, YELLOW, UNIVERSAL, 500G/BOTTLE, TONER FOR USE IN HP 1215, 2025, 1525','','pc','B','4010','5010','1510','5040','1530','0','0','0','0','0','0','0','0','0','0','0'), ('PRM-0142','4','1','SCC, HP2025-500B-MA, MAGENTA, 500G/BOTTLE, TONER FOR USE IN HP 1215, 2025, 1525','','pc','B','4010','5010','1510','5040','1530','0','0','0','0','0','0','0','0','0','0','0'), ('PRM-0143','4','1','SCC, HP1515-55B-K, BLACK, 55G/BOTTLE, TONER USE FOR HP 1515, 1525','','pc','B','4010','5010','1510','5040','1530','0','0','0','0','0','0','0','0','0','0','0'), ('PRM-0144','4','1','SCC, HP1515-40B-C, CYAN, 40G/BOTTLE, TONER FOR USE IN HP 1515, 1525','','pc','B','4010','5010','1510','5040','1530','0','0','0','0','0','0','0','0','0','0','0'), ('PRM-0145','4','1','SCC, HP1515-40B-Y, YELLOW, 40G/BOTTLE, TONER FOR USE IN HP 1515, 1525','','pc','B','4010','5010','1510','5040','1530','0','0','0','0','0','0','0','0','0','0','0'), ('PRM-0146','4','1','SCC, HP1515-40B-M, MAGENTA, 40G/BOTTLE, TONER FOR USE IN HP 1515, 1525','','pc','B','4010','5010','1510','5040','1530','0','0','0','0','0','0','0','0','0','0','0'), ('PRM-0147','4','1','SCC, B3040-85B-K, BLACK, BOTTLE, TONER FOR TN-240BK BLACK(85G/BOTTLE)','','pc','B','4010','5010','1510','5040','1530','0','0','0','0','0','0','0','0','0','0','0'), ('PRM-0148','4','1','SCC, B3040-70B-C, CYAN, BOTTLE, TONER FOR BROTHER TN-240C CYAN(70G/BOTTLE)','','pc','B','4010','5010','1510','5040','1530','0','0','0','0','0','0','0','0','0','0','0'), ('PRM-0149','4','1','SCC, B3040-65B-Y, YELLOW, BOTTLE, TONER FOR BROTHER TN-240Y YELLOW(65G/BOTTLE)','','pc','B','4010','5010','1510','5040','1530','0','0','0','0','0','0','0','0','0','0','0'), ('PRM-0150','4','1','SCC, B3040-45B-MA, MAGENTA, BOTTLE, TONER FOR BROTHER TN-240M MAGENTA(45G/BOTTLE)','','pc','B','4010','5010','1510','5040','1530','0','0','0','0','0','0','0','0','0','0','0'), ('PRM-0151','4','1','SCC, HPP3015-305B, 305G/BOTTLE, TONER FOR HP  55A','','pc','B','4010','5010','1510','5040','1530','0','0','0','0','0','0','0','0','0','0','0'), ('PRM-0152','4','1','SCC, MPT5-10KG, UNIVERSAL, 10KG/BAG, TONER FOR HP 06A, 92A, 15A, 13A, FX3, 27X, 61X, (12A, 96A, 61X, 49A, 11A)','','pc','B','4010','5010','1510','5040','1530','0','0','0','0','0','0','0','0','1','0','0'), ('PRM-0153','4','1','SCC, TRSUNIV-10KG, UNIVERSAL, 10KG BAG, TONER FOR USE IN SAMSUNG ML-2010, ML-1610, D108, D209, D208, D105, SCX-4521, SCX-4725, P3220, D104, X3124, SF-560','','pc','B','4010','5010','1510','5040','1530','0','0','0','0','0','0','0','0','1','0','0'), ('PRM-0154','4','1','SCC, TRS2851-160B-OS, TONER FOR D209, ML-2850','','pc','B','4010','5010','1510','5040','1530','0','0','0','0','0','0','0','0','0','0','0'), ('PRM-0155','4','1','SCC, TRS3051-260B-OS, TONER FOR ML-3050','','pc','B','4010','5010','1510','5040','1530','0','0','0','0','0','0','0','0','0','0','0'), ('PRM-0156','4','1','SCC, B2170-110B, TONER FOR TN-2150/2130','','pc','B','4010','5010','1510','5040','1530','0','0','0','0','0','0','0','0','0','0','0'), ('PRM-0157','4','1','SCC, TRB5250-200B-OS, TONER FOR TN-3145','','pc','B','4010','5010','1510','5040','1530','0','0','0','0','0','0','0','0','0','0','0'), ('PRM-0158','4','1','SCC, B5350-225B-OS, TONER FOR TN-3290','','pc','B','4010','5010','1510','5040','1530','0','0','0','0','0','0','0','0','0','0','0'), ('PRM-0159','4','1','SCC, B6050-220B, TONER FOR TN-4100','','pc','B','4010','5010','1510','5040','1530','0','0','0','0','0','0','0','0','0','0','0'), ('PRM-0160','4','1','UNINET, ABSOLUTE BLACK, P/N:5090, 240G/BOTTLE, TONER FOR TN-4100','','pc','B','4010','5010','1510','5040','1530','0','0','0','0','0','0','0','0','0','0','0'), ('PRM-0161','4','1','FL, 250G/BOTTLE, BROTHER TONER FOR TN-2025','','pc','B','4010','5010','1510','5040','1530','0','0','0','0','0','0','0','0','0','0','0'), ('PRM-0162','4','1','CLEAR COPY, 1KG BOTTLE TONER, TONER FOR USE IN KYOCERA TK-410','','pc','B','4010','5010','1510','5040','1530','0','0','0','0','0','0','0','0','0','0','0'), ('PRM-0163','4','1','UNINET, 10KG BAG, TONER FOR USE IN KYOCERA TK-100/TK-18','','pc','B','4010','5010','1510','5040','1530','0','0','0','0','0','0','0','0','0','0','0'), ('PRM-0164','4','1','UNINET, ITEM NO.:8075, 295G/BOTTLE, TONER FOR USE IN KYOCERA TK-100/TK-18','','pc','B','4010','5010','1510','5040','1530','0','0','0','0','0','0','0','0','0','0','0'), ('PRM-0165','4','1','JINYINDA, JYD-H8061, CHIPS FOR HP 61X','','pc','B','4010','5010','1510','5040','1530','0','0','0','0','0','0','0','0','0','0','0');
INSERT INTO `0_stock_master` VALUES ('PRM-0166','4','1','SCC, U16CHIP, CHIPS FOR HP 16A','','pc','B','4010','5010','1510','5040','1530','0','0','0','0','0','0','0','0','1','0','0'), ('PRM-0167','4','1','SCC, U17-3CHIP, UNIVERSAL, CHIPS FOR HP 13A, 49A, 53A, 10A, 11A, 51A, 38A, 42A, CAN308/708/715/315','','pc','B','4010','5010','1510','5040','1530','0','0','0','0','0','0','0','0','0','0','0'), ('PRM-0168','4','1','JINYINDA, JYD-UNI-A, UNIVERSAL, CHIPS FOR 13A, 49A, 53A, 10A, 11A, 51A, 38A, 42A, CAN308/708/715/315, 39A, 45A','','pc','B','4010','5010','1510','5040','1530','0','0','0','0','0','0','0','0','0','0','0'), ('PRM-0169','4','1','SCC, U18-3CHIP, UNIVERSAL, CHIPS FOR HP 39A, 45A','','pc','B','4010','5010','1510','5040','1530','0','0','0','0','0','0','0','0','0','0','0'), ('PRM-0170','4','1','SCC, SAM105CP, CHIPS FOR SAMSUNG D105','','pc','B','4010','5010','1510','5040','1530','0','0','0','0','0','0','0','0','0','0','0'), ('PRM-0171','4','1','SCC, SAM209CP, CHIPS FOR SAMSUNG D209','','pc','B','4010','5010','1510','5040','1530','0','0','0','0','0','0','0','0','0','0','0'), ('PRM-0172','4','1','SCC, SAM209CP, CHIPS FOR SAMSUNG D109','','pc','B','4010','5010','1510','5040','1530','0','0','0','0','0','0','0','0','0','0','0'), ('PRM-0173','4','1','SCC, SAM108CP, CHIPS FOR SAMSUNG D108','','pc','B','4010','5010','1510','5040','1530','0','0','0','0','0','0','0','0','0','0','0'), ('PRM-0174','4','1','SCC, SAM104CHIP, CHIPS FOR SAMSUNG D104','','pc','B','4010','5010','1510','5040','1530','0','0','0','0','0','0','0','0','0','0','0'), ('PRM-0175','4','1','SCC, SAM105CHIP, CHIPS FOR SAMSUNG D105','','pc','B','4010','5010','1510','5040','1530','0','0','0','0','0','0','0','0','0','0','0'), ('PRM-0176','4','1','SCC, SAM409CHIP-B, CHIPS FOR SAMSUNG 409 BLACK','','pc','B','4010','5010','1510','5040','1530','0','0','0','0','0','0','0','0','0','0','0'), ('PRM-0177','4','1','SCC, SAM409CHIP-C, CHIPS FOR SAMSUNG 409 CYAN','','pc','B','4010','5010','1510','5040','1530','0','0','0','0','0','0','0','0','0','0','0'), ('PRM-0178','4','1','SCC, SAM409CHIP-Y, CHIPS FOR SAMSUNG 409 YELLOW','','pc','B','4010','5010','1510','5040','1530','0','0','0','0','0','0','0','0','0','0','0'), ('PRM-0179','4','1','SCC, SAM409CHIP-M, CHIPS FOR SAMSUNG 409 MAGENTA','','pc','B','4010','5010','1510','5040','1530','0','0','0','0','0','0','0','0','0','0','0'), ('PRM-0180','4','1','SCC, U27-2CHIP-K, BLACK, CHIPS FOR HP CP5525, CP2025, CP1515, CM1312 FAMILY, CANON LBP-5050, LBP-5460, LBP-9600, LBP-9100, MF8050/7750','','pc','B','4010','5010','1510','5040','1530','0','0','0','0','0','0','0','0','0','0','0'), ('PRM-0181','4','1','SCC, U27-2CHIP-C, CYAN, CHIPS FOR HP CP5525, CP2025, CP1515, CM1312 FAMILY, CANON LBP-5050, LBP-5460, LBP-9600, LBP-9100, MF8050/7750','','pc','B','4010','5010','1510','5040','1530','0','0','0','0','0','0','0','0','0','0','0'), ('PRM-0182','4','1','SCC, U27-2CHIP-MA, MAGENTA, CHIPS HP CP5525, CP1515, CM1312 FAMILY, CANON LBP-5050, LBP-5460, LBP-9600, LBP-9100, MF8050/7750','','pc','B','4010','5010','1510','5040','1530','0','0','0','0','0','0','0','0','0','0','0'), ('PRM-0183','4','1','SCC, U27-2CHIP-Y, YELLOW, CHIPS FOR HP CP5525, CP2025, CP1515, CM1312 FAMILY, CANON LBP-5050, LBP-5460, LBP-9600, LBP-9100, MF8050/7750','','pc','B','4010','5010','1510','5040','1530','0','0','0','0','0','0','0','0','0','0','0'), ('PRM-0184','4','1','UNINET, ASIC SMARTCHIP, P/N: 14137, CHIPS FOR HP 11A, CRG-310','','pc','B','4010','5010','1510','5040','1530','0','0','0','0','0','0','0','0','0','0','0'), ('PRM-0185','4','1','SUNKING, CHIPS FOR HP 61X','','pc','B','4010','5010','1510','5040','1530','0','0','0','0','0','0','0','0','0','0','0'), ('PRM-0186','4','1','SUNKING, UNIVERSAL HP-A, CHIPS FOR HP 13A, 49A, 53A, 10A, 11A, 51A, 38A, 42A, CAN308/708/715/315, 39A, 45A','','pc','B','4010','5010','1510','5040','1530','0','0','0','0','0','0','0','0','0','0','0'), ('PRM-0187','4','1','JINYINDA, JYD-UNI-A, UNIVERSAL LOW YIELD, CHIPS FOR HP 13A, 49A, 53A, 10A, 11A, 51A, 38A, 42A, 39A, 45A','','pc','B','4010','5010','1510','5040','1530','0','0','0','0','0','0','0','0','0','0','0'), ('PRM-0188','4','1','SUNKING, CHIPS FOR HP 78A','','pc','B','4010','5010','1510','5040','1530','0','0','0','0','0','0','0','0','0','0','0'), ('PRM-0189','4','1','SUNKING, CHIPS FOR HP 36A','','pc','B','4010','5010','1510','5040','1530','0','0','0','0','0','0','0','0','0','0','0'), ('PRM-0190','4','1','SUNKING, CHIPS FOR HP 05A','','pc','B','4010','5010','1510','5040','1530','0','0','0','0','0','0','0','0','0','0','0'), ('PRM-0191','4','1','JINYINDA, JYD-H505A, CHIPS FOR HP 05A','','pc','B','4010','5010','1510','5040','1530','0','0','0','0','0','0','0','0','0','0','0'), ('PRM-0192','4','1','SUNKING, CHIPS FOR HP Q6000A BLACK','','pc','B','4010','5010','1510','5040','1530','0','0','0','0','0','0','0','0','0','0','0'), ('PRM-0193','4','1','SUNKING, CHIPS FOR HP Q6001A CYAN','','pc','B','4010','5010','1510','5040','1530','0','0','0','0','0','0','0','0','0','0','0'), ('PRM-0194','4','1','SUNKING, CHIPS FOR HP Q6002A YELLOW','','pc','B','4010','5010','1510','5040','1530','0','0','0','0','0','0','0','0','0','0','0'), ('PRM-0195','4','1','SUNKING, CHIPS FOR HP Q6003A MAGENTA','','pc','B','4010','5010','1510','5040','1530','0','0','0','0','0','0','0','0','0','0','0'), ('PRM-0196','4','1','JINYINDA, JYD-6000A, 2.5K, BLACK, CHIPS FOR HP Q6000A','','pc','B','4010','5010','1510','5040','1530','0','0','0','0','0','0','0','0','0','0','0'), ('PRM-0197','4','1','JINYINDA, JYD-6001A, 2K, CYAN, CHIPS FOR HP Q6001A','','pc','B','4010','5010','1510','5040','1530','0','0','0','0','0','0','0','0','0','0','0'), ('PRM-0198','4','1','JINYINDA, JYD-6002A, 2K. YELLOW, CHIPS FOR HP Q6002A','','pc','B','4010','5010','1510','5040','1530','0','0','0','0','0','0','0','0','0','0','0'), ('PRM-0199','4','1','JINYINDA, JYD-6003A, 2K, MAGENTA, CHIPS FOR HP Q6003A','','pc','B','4010','5010','1510','5040','1530','0','0','0','0','0','0','0','0','0','0','0'), ('PRM-0200','4','1','SUNKING, CHIPS, HIGH QUALITY FOR XEROX PE220','','pc','B','4010','5010','1510','5040','1530','0','0','0','0','0','0','0','0','0','0','0'), ('PRM-0201','4','1','JINYINDA, JYD-XPE220, CHIPS FOR XEROX PE220','','pc','B','4010','5010','1510','5040','1530','0','0','0','0','0','0','0','0','0','0','0'), ('PRM-0202','4','1','SUNKING, CHIPS FOR XEROX 3200','','pc','B','4010','5010','1510','5040','1530','0','0','0','0','0','0','0','0','0','0','0'), ('PRM-0203','4','1','JINYINDA, JYD-X3200, FOR XEROX 3200','','pc','B','4010','5010','1510','5040','1530','0','0','0','0','0','0','0','0','0','0','0'), ('PRM-0204','4','1','SUNKING, CHIPS FOR HP 16A','','pc','B','4010','5010','1510','5040','1530','0','0','0','0','0','0','0','0','0','0','0'), ('PRM-0205','4','1','JINYINDA, JYD-H7516A, CHIPS FOR HP 16A','','pc','B','4010','5010','1510','5040','1530','0','0','0','0','0','0','0','0','0','0','0'), ('PRM-0206','4','1','SUNKING, CHIPS FOR HP 64A','','pc','B','4010','5010','1510','5040','1530','0','0','0','0','0','0','0','0','0','0','0'), ('PRM-0207','4','1','JINYINDA, JYD-H364A, CHIPS FOR HP 64A','','pc','B','4010','5010','1510','5040','1530','0','0','0','0','0','0','0','0','0','0','0'), ('PRM-0208','4','1','SUNKING, CHIPS FOR HP 55A','','pc','B','4010','5010','1510','5040','1530','0','0','0','0','0','0','0','0','0','0','0'), ('PRM-0209','4','1','JINYINDA, JYD-H255A, CHIPS FOR HP 55A','','pc','B','4010','5010','1510','5040','1530','0','0','0','0','0','0','0','0','0','0','0'), ('PRM-0210','4','1','SUNKING, CHIPS FOR SAMSUNG D109','','pc','B','4010','5010','1510','5040','1530','0','0','0','0','0','0','0','0','0','0','0'), ('PRM-0211','4','1','JINYINDA, JYDT-D109, CHIPS FOR SAMSUNG D109','','pc','B','4010','5010','1510','5040','1530','0','0','0','0','0','0','0','0','0','0','0'), ('PRM-0212','4','1','SUNKING, CHIPS FOR HP 2025 BLACK','','pc','B','4010','5010','1510','5040','1530','0','0','0','0','0','0','0','0','0','0','0'), ('PRM-0213','4','1','SUNKING, CHIPS FOR HP 2025 CYAN','','pc','B','4010','5010','1510','5040','1530','0','0','0','0','0','0','0','0','0','0','0'), ('PRM-0214','4','1','SUNKING, CHIPS FOR HP 2025 YELLOW','','pc','B','4010','5010','1510','5040','1530','0','0','0','0','0','0','0','0','0','0','0'), ('PRM-0215','4','1','SUNKING, CHIPS FOR HP 2025 MAGENTA','','pc','B','4010','5010','1510','5040','1530','0','0','0','0','0','0','0','0','0','0','0'), ('PRM-0216','4','1','SUNKING, CHIPS FOR FUJI C1110 BLACK','','pc','B','4010','5010','1510','5040','1530','0','0','0','0','0','0','0','0','0','0','0'), ('PRM-0217','4','1','SUNKING, CHIPS FOR FUJI C1110 CYAN','','pc','B','4010','5010','1510','5040','1530','0','0','0','0','0','0','0','0','0','0','0'), ('PRM-0218','4','1','SUNKING, CHIPS FOR FUJI C1110 YELLOW','','pc','B','4010','5010','1510','5040','1530','0','0','0','0','0','0','0','0','0','0','0'), ('PRM-0219','4','1','SUNKING, CHIPS FOR FUJI C1110 MAGENTA','','pc','B','4010','5010','1510','5040','1530','0','0','0','0','0','0','0','0','0','0','0'), ('PRM-0220','4','1','JINYINDA, JYD-XC1110K, CHIPS FOR FUJI C1110 BLACK','','pc','B','4010','5010','1510','5040','1530','0','0','0','0','0','0','0','0','0','0','0'), ('PRM-0221','4','1','JINYINDA, JYD-XC1110C, CHIPS FOR FUJI C1110 CYAN','','pc','B','4010','5010','1510','5040','1530','0','0','0','0','0','0','0','0','0','0','0'), ('PRM-0222','4','1','JINYINDA, JYD-XC1110Y, CHIPS FOR FUJI C1110 YELLOW','','pc','B','4010','5010','1510','5040','1530','0','0','0','0','0','0','0','0','1','0','0'), ('PRM-0223','4','1','JINYINDA, JYD-XC1110M, CHIPS FOR FUJI C1110 MAGENTA','','pc','B','4010','5010','1510','5040','1530','0','0','0','0','0','0','0','0','0','0','0'), ('PRM-0224','4','1','JINYINDA, DRUM KIT, CHIPS FOR FUJI C1110','','pc','B','4010','5010','1510','5040','1530','0','0','0','0','0','0','0','0','0','0','0'), ('PRM-0225','4','1','SUNKING, CHIPS, FOR HP 1215 BLACK','','pc','B','4010','5010','1510','5040','1530','0','0','0','0','0','0','0','0','0','0','0'), ('PRM-0226','4','1','SUNKING, CHIPS, FOR HP 1215 CYAN','','pc','B','4010','5010','1510','5040','1530','0','0','0','0','0','0','0','0','0','0','0'), ('PRM-0227','4','1','SUNKING, CHIPS, FOR HP 1215 YELLOW','','pc','B','4010','5010','1510','5040','1530','0','0','0','0','0','0','0','0','0','0','0'), ('PRM-0228','4','1','SUNKING, CHIPS, FOR HP 1215 MAGENTA','','pc','B','4010','5010','1510','5040','1530','0','0','0','0','0','0','0','0','0','0','0'), ('PRM-0229','4','1','JINYINDA, JYD-H1215K, CHIPS FOR HP 1215 BLACK','','pc','B','4010','5010','1510','5040','1530','0','0','0','0','0','0','0','0','0','0','0'), ('PRM-0230','4','1','JINYINDA, JYD-H1215C, CHIPS FOR HP 1215 CYAN','','pc','B','4010','5010','1510','5040','1530','0','0','0','0','0','0','0','0','0','0','0'), ('PRM-0231','4','1','JINYINDA, JYD-H1215Y, CHIPS FOR HP 1215 YELLOW','','pc','B','4010','5010','1510','5040','1530','0','0','0','0','0','0','0','0','0','0','0'), ('PRM-0232','4','1','JINYINDA, JYD-H1215M, CHIPS FOR HP 1215 MAGENTA','','pc','B','4010','5010','1510','5040','1530','0','0','0','0','0','0','0','0','0','0','0'), ('PRM-0233','4','1','SUNKING, UNIVERSAL, CHIPS FOR HP 1415 / 2025 BLACK','','pc','B','4010','5010','1510','5040','1530','0','0','0','0','0','0','0','0','0','0','0'), ('PRM-0234','4','1','SUNKING, UNIVERSAL, CHIPS FOR HP 1415 / 2025 CYAN','','pc','B','4010','5010','1510','5040','1530','0','0','0','0','0','0','0','0','0','0','0'), ('PRM-0235','4','1','SUNKING, UNIVERSAL, CHIPS FOR HP 1415 / 2025 YELLOW','','pc','B','4010','5010','1510','5040','1530','0','0','0','0','0','0','0','0','0','0','0'), ('PRM-0236','4','1','SUNKING, UNIVERSAL, CHIPS FOR HP 1415 / 2025 MAGENTA','','pc','B','4010','5010','1510','5040','1530','0','0','0','0','0','0','0','0','0','0','0'), ('PRM-0237','4','1','JINYINDA, JYD-H1415K, CHIPS FOR HP 1415 BLACK','','pc','B','4010','5010','1510','5040','1530','0','0','0','0','0','0','0','0','0','0','0'), ('PRM-0238','4','1','JINYINDA, JYD-H1415C, CHIPS FOR HP 1415 CYAN','','pc','B','4010','5010','1510','5040','1530','0','0','0','0','0','0','0','0','0','0','0'), ('PRM-0239','4','1','JINYINDA, JYD-H1415Y, CHIPS FOR HP 1415 YELLOW','','pc','B','4010','5010','1510','5040','1530','0','0','0','0','0','0','0','0','0','0','0'), ('PRM-0240','4','1','JINYINDA, JYD-H1415M, CHIPS FOR HP 1415 MAGENTA','','pc','B','4010','5010','1510','5040','1530','0','0','0','0','0','0','0','0','0','0','0'), ('PRM-0241','4','1','SUNKING, C525A BLACK, CHIPS FOR FUJI XEROX C525A BLACK','','pc','B','4010','5010','1510','5040','1530','0','0','0','0','0','0','0','0','0','0','0'), ('PRM-0242','4','1','SUNKING, C525A CYAN, CHIPS FOR FUJI XEROX C525A CYAN','','pc','B','4010','5010','1510','5040','1530','0','0','0','0','0','0','0','0','0','0','0'), ('PRM-0243','4','1','SUNKING, C525A YELLOW, CHIPS FOR FUJI XEROX C525A YELLOW','','pc','B','4010','5010','1510','5040','1530','0','0','0','0','0','0','0','0','0','0','0'), ('PRM-0244','4','1','SUNKING, C525A MAGENTA, CHIPS FOR FUJI XEROX C525A MAGENTA','','pc','B','4010','5010','1510','5040','1530','0','0','0','0','0','0','0','0','0','0','0'), ('PRM-0245','4','1','SUNKING, CHIPS FOR FUJI XEROX C525A DRUM KIT','','pc','B','4010','5010','1510','5040','1530','0','0','0','0','0','0','0','0','0','0','0'), ('PRM-0246','4','1','SUNKING, CHIPS FOR SAMSUNG CLP315-409K BLACK','','pc','B','4010','5010','1510','5040','1530','0','0','0','0','0','0','0','0','1','0','0'), ('PRM-0247','4','1','SUNKING, CHIPS FOR SAMSUNG CLP315-409C CYAN','','pc','B','4010','5010','1510','5040','1530','0','0','0','0','0','0','0','0','0','0','0'), ('PRM-0248','4','1','SUNKING, CHIPS FOR SAMSUNG CLP315-409Y YELLOW','','pc','B','4010','5010','1510','5040','1530','0','0','0','0','0','0','0','0','0','0','0'), ('PRM-0249','4','1','SUNKING, CHIPS FOR SAMSUNG CLP315-409M MAGENTA','','pc','B','4010','5010','1510','5040','1530','0','0','0','0','0','0','0','0','0','0','0'), ('PRM-0250','4','1','SUNKING, CHIPS FOR SAMSUNG D104','','pc','B','4010','5010','1510','5040','1530','0','0','0','0','0','0','0','0','0','0','0'), ('PRM-0251','4','1','JINYINDA, JYDT-D104, CHIPS FOR SAMSUNG D104','','pc','B','4010','5010','1510','5040','1530','0','0','0','0','0','0','0','0','0','0','0'), ('PRM-0252','4','1','SUNKING, CHIPS FOR SAMSUNG D105','','pc','B','4010','5010','1510','5040','1530','0','0','0','0','0','0','0','0','0','0','0'), ('PRM-0253','4','1','JINYINDA, JYDT-D105, CHIPS FOR SAMSUNG D105','','pc','B','4010','5010','1510','5040','1530','0','0','0','0','0','0','0','0','0','0','0'), ('PRM-0254','4','1','SUNKING, CHIPS FOR SAMSUNG D209','','pc','B','4010','5010','1510','5040','1530','0','0','0','0','0','0','0','0','1','0','0'), ('PRM-0255','4','1','SUNKING, CHIPS FOR SAMSUNG D108','','pc','B','4010','5010','1510','5040','1530','0','0','0','0','0','0','0','0','0','0','0'), ('PRM-0256','4','1','JINYINDA, JYDT-D108, CHIPS FOR SAMSUNG D108','','pc','B','4010','5010','1510','5040','1530','0','0','0','0','0','0','0','0','0','0','0'), ('PRM-0257','4','1','SUNKING, CHIPS FOR SAMSUNG D560','','pc','B','4010','5010','1510','5040','1530','0','0','0','0','0','0','0','0','0','0','0'), ('PRM-0258','4','1','JINYINDA, JYD-SF560R, CHIPS FOR SAMSUNG D560','','pc','B','4010','5010','1510','5040','1530','0','0','0','0','0','0','0','0','0','0','0'), ('PRM-0259','4','1','SUNKING, CHIPS FOR SAMSUNG ML-2851','','pc','B','4010','5010','1510','5040','1530','0','0','0','0','0','0','0','0','0','0','0'), ('PRM-0260','4','1','SUNKING, CHIPS FOR SAMSUNG ML-3050','','pc','B','4010','5010','1510','5040','1530','0','0','0','0','0','0','0','0','0','0','0'), ('PRM-0261','4','1','SUNKING, CHIPS FOR SAMSUNG 85A','','pc','B','4010','5010','1510','5040','1530','0','0','0','0','0','0','0','0','0','0','0'), ('PRM-0262','4','1','SUNKING, CHIPS FOR SAMSUNG SCX4200','','pc','B','4010','5010','1510','5040','1530','0','0','0','0','0','0','0','0','0','0','0'), ('PRM-0263','4','1','JINYINDA, JYD-SF4200D3, CHIPS FOR SAMSUNG SCX4200','','pc','B','4010','5010','1510','5040','1530','0','0','0','0','0','0','0','0','0','0','0'), ('PRM-0264','4','1','SUNKING, CHIPS FOR SAMSUNG SCX4725','','pc','B','4010','5010','1510','5040','1530','0','0','0','0','0','0','0','0','0','0','0'), ('PRM-0265','4','1','JINYINDA, JYD-SF4725, CHIPS FOR SAMSUNG SCX4725A','','pc','B','4010','5010','1510','5040','1530','0','0','0','0','0','0','0','0','0','0','0');
INSERT INTO `0_stock_master` VALUES ('PRM-0266','4','1','SUNKING, CHIPS FOR FUJI XEROX 3119','','pc','B','4010','5010','1510','5040','1530','0','0','0','0','0','0','0','0','0','0','0'), ('PRM-0267','4','1','JINYINDA, JYD-X3119, CHIPS FOR FUJI XEROX 3119','','pc','B','4010','5010','1510','5040','1530','0','0','0','0','0','0','0','0','0','0','0'), ('PRM-0268','4','1','SUNKING, CHIP RESETTER FOR SAMSUNG D209, D105, SCX4300, D108','','pc','B','4010','5010','1510','5040','1530','0','0','0','0','0','0','0','0','0','0','0'), ('PRM-0269','4','1','SCC, HP1012MDR, MAG ROLLER SLEEVE FOR HP 12A, FX9','','pc','B','4010','5010','1510','5040','1530','0','0','0','0','45','0','0','0','0','0','0'), ('PRM-0270','4','1','SCC, 4KMDR-OS, MAG ROLLER SLEEVE FOR HP 27X, 61X, 96A, 11A, 10A, 51A, 55A','','pc','B','4010','5010','1510','5040','1530','0','0','0','0','0','0','0','0','0','0','0'), ('PRM-0271','4','1','SCC, HP12MDR-OS, MAG ROLLER SLEEVE FOR HP 15A, 13A, 24A','','pc','B','4010','5010','1510','5040','1530','0','0','0','0','0','0','0','0','0','0','0'), ('PRM-0272','4','1','HP1320MDR-OS, MAG ROLLER SLEEVE FOR HP 49A, 53A, 05A','','pc','B','4010','5010','1510','5040','1530','0','0','0','0','0','0','0','0','0','0','0'), ('PRM-0273','4','1','SCC, 5KMDR-OS, MAG ROLLER SLEEVE FOR HP 29X','','pc','B','4010','5010','1510','5040','1530','0','0','0','0','0','0','0','0','0','0','0'), ('PRM-0274','4','1','SCC, HP43MDR-OS, MAG ROLLER SLEEVE FOR HP 38A, 39A, 42A, 45A','','pc','B','4010','5010','1510','5040','1530','0','0','0','0','0','0','0','0','0','0','0'), ('PRM-0275','4','1','SCC, EXMDR-2-OS, MAG ROLLER SLEEVE FOR HP 98A','','pc','B','4010','5010','1510','5040','1530','0','0','0','0','0','0','0','0','0','0','0'), ('PRM-0276','4','1','SCC, AXMDR-OS-5, MAG ROLLER SLEEVE FOR HP 06A, AX, 92A, FX3','','pc','B','4010','5010','1510','5040','1530','0','0','0','0','0','0','0','0','0','0','0'), ('PRM-0277','4','1','SCC, WXMDR-OS, MAG ROLLER SLEEVE FOR HP 09A / WX','','pc','B','4010','5010','1510','5040','1530','0','0','0','0','0','0','0','0','0','0','0'), ('PRM-0278','4','1','SCC, 81MDR-OS, MAG ROLLER SLEEVE FOR HP 82X','','pc','B','4010','5010','1510','5040','1530','0','0','0','0','0','0','0','0','0','0','0'), ('PRM-0279','4','1','SCC, HP1505MDR-OS, MAG ROLLER SLEEVE FOR HP 35A, 36A, 85A, 78A','','pc','B','4010','5010','1510','5040','1530','0','0','0','0','0','0','0','0','0','0','0'), ('PRM-0280','4','1','HP, HP OEM, MAG ROLLER W/ MAGNET FOR HP35A, 36A, 85A, 78A','','pc','B','4010','5010','1510','5040','1530','0','0','0','0','0','0','0','0','1','0','0'), ('PRM-0281','4','1','SCC, HP52MDR-OS, MAG ROLLER SLEEVE FOR HP16A','','pc','B','4010','5010','1510','5040','1530','0','0','0','0','0','0','0','0','0','0','0'), ('PRM-0282','4','1','SCC, SAM1750DEVRL, DEVELOPER ROLLER FOR SAMSUNG D109, SCX4200, SF-650, X3119, ML1750','','pc','B','4010','5010','1510','5040','1530','0','0','0','0','0','0','0','0','0','0','0'), ('PRM-0283','4','1','SCC, B2040DEVRL-3, DEVELOPER ROLLER FOR BROTHER TN-2025, TN-3145','','pc','B','4010','5010','1510','5040','1530','0','0','0','0','0','0','0','0','0','0','0'), ('PRM-0284','4','1','SCC, HP26DEVRLOS2-5, DEVELOPER ROLLER FOR HP Q6000A TO 03A','','pc','B','4010','5010','1510','5040','1530','0','0','0','0','0','0','0','0','0','0','0'), ('PRM-0285','4','1','UNINET, P/N:5142, DEVELOPER ROLLER FOR TN-4100','','pc','B','4010','5010','1510','5040','1530','0','0','0','0','0','0','0','0','0','0','0'), ('PRM-0286','4','1','HUIWEI, MAG ROLLER WITH MAGNET &amp; BUSHINGS FOR HP27X, 61X, 96A, 11A, 10A, 51A','','pc','B','4010','5010','1510','5040','1530','0','0','0','0','0','0','0','0','0','0','0'), ('PRM-0287','4','1','HUIWEI, MAG ROLLER WITH MAGNET &amp; BUSHINGS FOR HP38A, 39A, 42A, 45A','','pc','B','4010','5010','1510','5040','1530','0','0','0','0','0','0','0','0','0','0','0'), ('PRM-0288','4','1','HUIWEI, MAG ROLLER WITH MAGNET &amp; BUSHINGS FOR EP62X (FOR USE IN HUIWEI EMPTY EP62X AS 29X)','','pc','B','4010','5010','1510','5040','1530','0','0','0','0','0','0','0','0','0','0','0'), ('PRM-0289','4','1','SCC, HP12PCR-OS, SOFT, PCR FOR AX, VX, 15A, 12A, 92A, 24A, 49A, 13A, 53A, FX3, FX9, 05A, 03A','','pc','B','4010','5010','1510','5040','1530','0','0','0','0','0','0','0','0','1','0','0'), ('PRM-0290','4','1','SCC, NVRTABPCR-H120S, PCR FOR AX, VX, 15A, 12A, 92A, 24A, 49A, 13A, 53A, FX3, FX9, 05A, 03A','','pc','B','4010','5010','1510','5040','1530','0','0','0','0','45','0','0','0','0','0','0'), ('PRM-0291','4','1','SCC, NVRTABPCR-4KOS, PCR FOR 96A, 10A, 11A, 51A, 27X, 61X, 38A, 42A, 39A, 45A, 55A','','pc','B','4010','5010','1510','5040','1530','0','0','0','0','0','0','0','0','0','0','0'), ('PRM-0292','4','1','SCC, 9KPCR-OS, SOFT, PCR FOR 29X, 82X, 43X','','pc','B','4010','5010','1510','5040','1530','0','0','0','0','0','0','0','0','0','0','0'), ('PRM-0293','4','1','SCC, WXPCR, PCR FOR 09A','','pc','B','4010','5010','1510','5040','1530','0','0','0','0','0','0','0','0','0','0','0'), ('PRM-0294','4','1','SCC, EXPCR, PCR FOR 98A','','pc','B','4010','5010','1510','5040','1530','0','0','0','0','0','0','0','0','0','0','0'), ('PRM-0295','4','1','SCC, HP1505PCR-OS, PCR FOR 35A, 36A, 85A, 78A','','pc','B','4010','5010','1510','5040','1530','0','0','0','0','0','0','0','0','0','0','0'), ('PRM-0296','4','1','HP, HP OEM, PCR FOR 35A, 36A, 85A, 78A','','pc','B','4010','5010','1510','5040','1530','0','0','0','0','0','0','0','0','0','0','0'), ('PRM-0297','4','1','SCC, HP52PCR-OS, PCR FOR 16A','','pc','B','4010','5010','1510','5040','1530','0','0','0','0','0','0','0','0','0','0','0'), ('PRM-0298','4','1','SCC, SAM1610PCR-OS, PCR FOR SAMSUNG ML-1610, ML-2010, D108, SCX-4521, SCX-4725, FUJI-XEROX X3124, PE220','','pc','B','4010','5010','1510','5040','1530','0','0','0','0','0','0','0','0','0','0','0'), ('PRM-0299','4','1','SCC, HP26PCR-OS, PCR FOR HP 2600, 1215, 2025','','pc','B','4010','5010','1510','5040','1530','0','0','0','0','0','0','0','0','0','0','0'), ('PRM-0300','4','1','SCC, BULKKPOW, KYNAR PADDING POWDER (8OZ BOTTLE)','','pc','M','4010','5010','1510','5040','1530','0','0','0','0','0','0','0','0','0','0','0'), ('PRM-0301','4','1','LSERLAND, METHUSELAH PADDING POWDER, 250GRAMS/BOTTLE','','pc','M','4010','5010','1510','5040','1530','0','0','0','0','0','0','0','0','0','0','0'), ('PRM-0302','4','1','SCC, ADHCAULK, ADHESIVE CAULK','','pc','M','4010','5010','1510','5040','1530','0','0','0','0','0','0','0','0','0','0','0'), ('PRM-0303','4','1','SCC, LFSWAB, LINT FREE FOAM TIP SWAB, 50PCS/PACK','','pc','M','4010','5010','1510','5040','1530','0','0','0','0','0','0','0','0','0','0','0'), ('PRM-0304','4','1','SCC, LFCCLOTH, LINT FREE CLEANING CLOTH, 100PCS/PACK','','pc','M','4010','5010','1510','5040','1530','0','0','0','0','0','0','0','0','0','0','0'), ('PRM-0305','4','1','SCC, CONLUBE, CONDUCTIVE CARTRIDGE LUBRICANT','','pc','M','4010','5010','1510','5040','1530','0','0','0','0','0','0','0','0','0','0','0'), ('PRM-0306','4','1','KASITE, CARTRIDGE LUBRICANT FOR GEARS, 1000G','','pc','B','4010','5010','1510','5040','1530','0','0','0','0','0','0','0','0','1','0','0'), ('PRM-0307','4','1','SCC, LUBE105, LUBRIPLATE 105 CARTRIDGE LUBRICANT','','pc','B','4010','5010','1510','5040','1530','0','0','0','0','0','0','0','0','0','0','0'), ('PRM-0308','4','1','SCC, CTLWIPE, CTL REPLENISHMENT WIPES, 27SHEETS/PACK','','pc','M','4010','5010','1510','5040','1530','0','0','0','0','0','0','0','0','0','0','0'), ('PRM-0309','4','1','SCC, TONERVAC220, 3M TONER VACUUM 220V','','pc','M','4010','5010','1510','5040','1530','0','0','0','0','0','0','0','0','0','0','0'), ('PRM-0310','4','1','SCC, TVACFILTER, 3M TONER VACUUM FILTER','','pc','M','4010','5010','1510','5040','1530','0','0','0','0','0','0','0','0','0','0','0'), ('PRM-0311','4','1','SCC, TVACFILTERHEPA, 3M TONER VACUUM HEPA FILTER','','pc','M','4010','5010','1510','5040','1530','0','0','0','0','0','0','0','0','0','0','0'), ('PRM-0312','4','1','SCC, HP41SHCLIP, LOCKING CLIP FOR HP 27X, 61X','','pc','M','4010','5010','1510','5040','1530','0','0','0','0','0','0','0','0','0','0','0'), ('PRM-0313','4','1','SCC, CS4K-500, SHORT, LOCKING RAIL FOR HP 27X, 61X','','pc','B','4010','5010','1510','5040','1530','0','0','0','0','0','0','0','0','1','0','0'), ('PRM-0314','4','1','SCC, CS4K-550, LONG, LOCKING RAIL FOR HP 27X','','pc','B','4010','5010','1510','5040','1530','0','0','0','0','0','0','0','0','0','0','0'), ('PRM-0315','4','1','SCC, HP1012MRB-L, LONG, MAG ROLLER BUSHING FOR HP 12A, FX9','','pc','B','4010','5010','1510','5040','1530','0','0','0','0','0','0','0','0','0','0','0'), ('PRM-0316','4','1','SCC, HP1012MRB-S, SHORT, MAG ROLLER BUSHING FOR HP 12A, FX9','','pc','B','4010','5010','1510','5040','1530','0','0','0','0','0','0','0','0','0','0','0'), ('PRM-0317','4','1','SCC, HP1012MRCON, MAG ROLLER CONTACT JOURNAL FOR HP 12A, FX9','','pc','B','4010','5010','1510','5040','1530','0','0','0','0','0','0','0','0','0','0','0'), ('PRM-0318','4','1','SCC, HP1515SHPROT-2, SHIP PROTECTOR FOR HP 1215, 2025','','pc','B','4010','5010','1510','5040','1530','0','0','0','0','0','0','0','0','0','0','0'), ('PRM-0319','4','1','SCC, B2170HYFGR, FLAG GEAR FOR BROTHER TN-2150','','pc','B','4010','5010','1510','5040','1530','0','0','0','0','0','0','0','0','0','0','0'), ('PRM-0320','4','1','SCC, B2040FGR, FLAG GEAR FOR BROTHER TN-2050','','pc','B','4010','5010','1510','5040','1530','0','0','0','0','0','0','0','0','0','0','0'), ('PRM-0321','4','1','SCC, B1650SHPROT, SHIPPING PROTECTOR FOR TN-3145, TN-3185, TN-3290, TN-4100','','pc','B','4010','5010','1510','5040','1530','0','0','0','0','0','0','0','0','0','0','0'), ('PRM-0322','4','1','SCC, B3040FGR, FLAG GEAR FOR BROTHER TN-240','','pc','B','4010','5010','1510','5040','1530','0','0','0','0','0','0','0','0','0','0','0'), ('PRM-0323','4','1','SCC, SAM409SHPROT, SHIPPING PROTECTOR FOR SAMSUNG CLP 315/409','','pc','B','4010','5010','1510','5040','1530','0','0','0','0','0','0','0','0','0','0','0'), ('PRM-0324','4','1','SCC, B2040SHPROT, SHIPPING PROTECTOR FOR BROTHER TN-2025, TN-2150','','pc','B','4010','5010','1510','5040','1530','0','0','0','0','0','0','0','0','0','0','0'), ('PRM-0325','4','1','SCC, HP43DBHSFOAM, DOCTOR BLADE HOUSING SEALING FOAM, FOAM FOR HP 38A, 42A, 39A, 45A','','pc','B','4010','5010','1510','5040','1530','0','0','0','0','0','0','0','0','0','0','0'), ('PRM-0326','4','1','SCC, HP43DBHEFOAM, DOCTOR BLADE HOUSING END FOAM, FOAM FOR HP 38A, 42A, 39A, 45A','','pc','B','4010','5010','1510','5040','1530','0','0','0','0','0','0','0','0','0','0','0'), ('PRM-0327','4','1','SCC, HP43MRMAGEFM, MAG ROLLER MAGNET END FOAM, FOAM FOR HP 38A, 42A, 39A, 45A','','pc','B','4010','5010','1510','5040','1530','0','0','0','0','0','0','0','0','0','0','0'), ('PRM-0328','4','1','SCC, WXDBEFOAM, DOCTOR BLADE END FOAM, FOAM FOR HP 09A, 38A, 42A, 39A, 45A','','pc','B','4010','5010','1510','5040','1530','0','0','0','0','0','0','0','0','0','0','0'), ('PRM-0329','4','1','SCC, HP43SCEFOAM-C, SEALING CHANNEL CLOSE, FOAM FOR HP 38A, 42A, 39A, 45A','','pc','B','4010','5010','1510','5040','1530','0','0','0','0','0','0','0','0','0','0','0'), ('PRM-0330','4','1','SCC, HP43SCEFOAM-O, SEALING CHANEEL OPEN, FOAM FOR HP 38A, 42A, 39A, 45A','','pc','B','4010','5010','1510','5040','1530','0','0','0','0','0','0','0','0','0','0','0'), ('PRM-0331','4','1','SCC, 4KMRSFOAM, MAG ROLLER SEALING FOAM, FOAM FOR HP 96A, 10A, 11A, 51A, 27X, 61X','','pc','B','4010','5010','1510','5040','1530','0','0','0','0','0','0','0','0','1','0','0'), ('PRM-0332','4','1','SCC, LJ4DBEFOAM, DOCTOR BLADE END FOAM, FOAM FOR HP 98A, 96A, 10A, 11A, 51A, 27X, 61X, 29X','','pc','B','4010','5010','1510','5040','1530','0','0','0','0','0','0','0','0','0','0','0'), ('PRM-0333','4','1','SCC, 4KSCRFOAM, SEALING CHANNEL RAIL FOAM, FOAM FOR HP 96A, 10A, 11A, 51A, 27X, 61X','','pc','B','4010','5010','1510','5040','1530','0','0','0','0','0','0','0','0','0','0','0'), ('PRM-0334','4','1','4KSCEFM-O, SEALING CHANNEL END FOAM OPEN, FOAM FOR HP 96A, 10A, 11A, 51A, 27X, 61X','','pc','B','4010','5010','1510','5040','1530','0','0','0','0','0','0','0','0','0','0','0'), ('PRM-0335','4','1','SCC, 4KSCEFM-C, SEALING CHANNEL END FOAM CLOSE, FOAM FOR HP 96A, 10A, 11A, 51A, 27X, 61X','','pc','B','4010','5010','1510','5040','1530','0','0','0','0','0','0','0','0','0','0','0'), ('PRM-0336','4','1','SCC, HP43MRSBLD-1T, FOR MAG ROLLER, 25PCS/PACK, SEALING BLADE FOR HP 38A, 42A, 39A, 45A','','pc','M','4010','5010','1510','5040','1530','0','0','0','0','0','0','0','0','0','0','0'), ('PRM-0337','4','1','SCC, LJ4MRSBLD-1T, FOR MAG ROLLER, 25PCS/PACK, SEALING BLADE FOR HP 98A, 96A, 10A, 11A, 51A, 27X, 61X','','pc','B','4010','5010','1510','5040','1530','0','0','0','0','0','0','0','0','1','0','0'), ('PRM-0338','4','1','SCC, 5KMRSBLD-3T, FOR MAG ROLLER, 25PCS/PACK, SEALING BLADE FOR HP 29X','','pc','B','4010','5010','1510','5040','1530','0','0','0','0','0','0','0','0','1','0','0'), ('PRM-0339','4','1','SCC, HP1515RECBLD-1T, 25PCS/PACK, RECOVERY BLADE FOR HP CLJ 1515, 2025, 1525','','pc','B','4010','5010','1510','5040','1530','0','0','0','0','0','0','0','0','0','0','0'), ('PRM-0340','4','1','SCC, 4KWBEFELT, 100PCS/PACK, WIPER BLADE END FELT FOR HP 27X, 61X, 96A, 11A, 10A, 51A, 38A, 39A, 42A, 45A, 55A, ','','pc','B','4010','5010','1510','5040','1530','0','0','0','0','0','0','0','0','0','0','0'), ('PRM-0341','4','1','SCC, HP1515DBSPACER, DOCTOR BLADE SPACER FOR USE WITH HP CP1515 CARTRIDGES','','pc','B','4010','5010','1510','5040','1530','0','0','0','0','0','0','0','0','0','0','0'), ('PRM-0342','4','1','SCC, H1515CONVEPLT, CONVERSION END PLATE KIT FOR USE CE320A TO 23A','','pc','B','4010','5010','1510','5040','1530','0','0','0','0','0','0','0','0','0','0','0'), ('PRM-0343','4','1','SCC, D3100TAPESEAL, SEALING TAPE FOR USE IN FUJI XEROX C525A','','pc','B','4010','5010','1510','5040','1530','0','0','0','0','0','0','0','0','0','0','0'), ('PRM-0344','4','1','SCC, 5KMRGRCON, MAG ROLLER DRIVE GEAR CONTACT FOR USE IN 29X, EP62X','','pc','B','4010','5010','1510','5040','1530','0','0','0','0','0','0','0','0','0','0','0'), ('PRM-0345','4','1','HUIWEI, CONVERSION KIT, 35A TO 36A, WASTE BIN + OPC HOLDER','','pc','B','4010','5010','1510','5040','1530','0','0','0','0','0','0','0','0','0','0','0'), ('PRM-0346','4','1','HUIWEI, 12A TO FX9, END PLATES LEFT &amp; RIGHT + OPC DRUM HOLDER, CONVERSION KIT FOR CANON FX10, FX9','','pc','B','4010','5010','1510','5040','1530','0','0','0','0','0','0','0','0','0','0','0'), ('PRM-0347','4','1','HUIWEI, UNIVERSAL, EMPTY CARTRIDGE FOR 38A, 39A, 45A','','pc','B','4010','5010','1510','5040','1530','0','0','0','0','0','0','0','0','0','0','0'), ('PRM-0348','4','1','HUIWEI, DEDICATED, EMPTY CARTRIDGE FOR 45A, 39A','','pc','B','4010','5010','1510','5040','1530','0','0','0','0','0','0','0','0','0','0','0'), ('PRM-0349','4','1','HUIWEI, EMPTY CARTRIDGE FOR 10A','','pc','B','4010','5010','1510','5040','1530','0','0','0','0','0','0','0','0','0','0','0'), ('PRM-0350','4','1','HUIWEI, EMPTY CARTRIDGE FOR EP62X, 29X','','pc','B','4010','5010','1510','5040','1530','0','0','0','0','0','0','0','0','0','0','0'), ('PRM-0351','4','1','HUIWEI, CONVERSION KIT, 36A TO 78A, OPC HOLDER WITH END CAP','','pc','B','4010','5010','1510','5040','1530','0','0','0','0','0','0','0','0','0','0','0'), ('PRM-0352','4','1','HUIWEI, CT201114 BLACK, EMPTY CARTRIDGE FOR XEROX C1110B PRINTER','','pc','B','4010','5010','1510','5040','1530','0','0','0','0','0','0','0','0','0','0','0'), ('PRM-0353','4','1','HUIWEI, CT201115 CYAN, EMPTY CARTRIDGE FOR XEROX C1110B PRINTER','','pc','B','4010','5010','1510','5040','1530','0','0','0','0','0','0','0','0','0','0','0'), ('PRM-0354','4','1','HUIWEI, CT201116 MAGENTA, EMPTY CARTRIDGE FOR XEROX C1110B PRINTER','','pc','B','4010','5010','1510','5040','1530','0','0','0','0','0','0','0','0','0','0','0'), ('PRM-0355','4','1','HUIWEI, CT201117 YELLOW, EMPTY CARTRIDGE FOR XEROX C1110B PRINTER','','pc','B','4010','5010','1510','5040','1530','0','0','0','0','0','0','0','0','1','0','0'), ('PRM-0356','4','1','HUIWEI, SHIPPING PROTECTOR FOR BROTHER TN-240B/C/Y/M','','pc','M','4010','5010','1510','5040','1530','0','0','0','0','0','0','0','0','0','0','0'), ('PRM-0357','4','1','HUIWEI, SHIPPING PROTECTOR FOR BROTHER TN-3145, TN-3185, TN-3290, TN-4100','','pc','B','4010','5010','1510','5040','1530','0','0','0','0','0','0','0','0','0','0','0'), ('PRM-0358','4','1','HUIWEI, UNIVERSAL, SHIPPING PROTECTOR FOR HP1515, 2025, 1525','','pc','B','4010','5010','1510','5040','1530','0','0','0','0','0','0','0','0','0','0','0'), ('PRM-0359','4','1','HUIWEI, PROTECTIVE CAP FOR SAMSUNG D104','','pc','B','4010','5010','1510','5040','1530','0','0','0','0','0','0','0','0','0','0','0'), ('PRM-0360','4','1','HUIWEI, RF1-20, 63mA, 250V, CARTRIDGE FUSE FOR SAMSUNG 2010, SCX-4521 AND FUJI XEROX P3124','','pc','B','4010','5010','1510','5040','1530','0','0','0','0','0','0','0','0','0','0','0'), ('PRM-0361','4','1','HUIWEI, LONG, FOR DOCTOR BLADE, FOAM STRIP FOR SAMSUNG','','pc','B','4010','5010','1510','5040','1530','0','0','0','0','0','0','0','0','0','0','0'), ('PRM-0362','4','1','SKYSHEEN, SSBG-Q5949A, BLACK, AIRBAG FOR 03A, 15A, 13A, 24A, 49A, 53A, 6000A TO 03A, SAMSUNG ML1610, 2010, D108, D109, D209, 05A','','pc','B','4010','5010','1510','5040','1530','0','0','0','0','0','0','0','0','1','0','0'), ('PRM-0363','4','1','SKYSHEEN, SSBG-6511X, BLACK, AIRBAG FOR 11A, 51A, 51X, 27X, 61X, 10A, 96A','','pc','M','4010','5010','1510','5040','1530','0','0','0','0','0','0','0','0','0','0','0'), ('PRM-0364','4','1','SKYSHEEN, SSBG-Q2612A, BLACK, AIRBAG FOR 12A, 35A, 36A, FX9','','pc','B','4010','5010','1510','5040','1530','0','0','0','0','0','0','0','0','1','0','0'), ('PRM-0365','4','1','SKYSHEEN, STCH-Q5945A, TRANSPARENT, AIRBAG FOR 38A, 42A, 39A, 45A','','pc','B','4010','5010','1510','5040','1530','0','0','0','0','0','0','0','0','0','0','0');
INSERT INTO `0_stock_master` VALUES ('PRM-0366','4','1','HOMYELL, H007, BLACK, SEALABLE, 23CM x 40CM, AIRBAG FOR 12A, 35A, 36A, 85A, 78A, FX9, OPT540A TO 43A, OPT530A TO 33A, C1110B TO M, 92A, 06A, FX3','','pc','B','4010','5010','1510','5040','1530','0','0','0','0','45','0','0','0','1','0','0'), ('PRM-0367','4','1','HOMYELL, H002, BLACK, SEALABLE, 28CM x 42CM, AIRBAG FOR 03A, 15A, 24A, 49A, 53A, 6000A TO 03A, SAMSUNG ML1610, 2010, D108, D109, D209, 05A','','pc','M','4010','5010','1510','5040','1530','0','0','0','0','0','0','0','0','0','0','0'), ('PRM-0368','4','1','HOMYELL, H012, BLACK, SEALABLE, 39CM x 50CM, AIRBAG FOR 96A, 11A, 10A, 51A, 51X, 27X, 61X, 98A','','pc','M','4010','5010','1510','5040','1530','0','0','0','0','0','0','0','0','0','0','0'), ('PRM-0369','4','1','HOMYELL, H015, BLACK, SEALABLE, 46CM x 62CM, AIRBAG FOR 38A, 42A, 39A, 45A, 82A, 09A, 64A','','pc','M','4010','5010','1510','5040','1530','0','0','0','0','0','0','0','0','0','0','0'), ('PRM-0370','4','1','HOMYELL, H016, BLACK, SEALABLE, 38CM x 61CM, AIRBAG FOR 29X, 16A','','pc','M','4010','5010','1510','5040','1530','0','0','0','0','0','0','0','0','0','0','0'), ('PRM-0371','4','1','STARBOX, EXTRA SMALL, BOX FOR 12A, 35A, 36A, 78A, FX9, OPT540A TO 43A, OPT530A TO 33A, C1110B TO M, 92A, 06A, FX3','','pc','M','4010','5010','1510','5040','1530','0','0','0','0','0','0','0','0','0','0','0'), ('PRM-0372','4','1','STARBOX, SMALL, BOX FOR 03A, 05A, 15A, 13A, 24A, 49A, 53A, SAM 4300, ML1610, 2010, 1640, 6000A TO 03A','','pc','M','4010','5010','1510','5040','1530','0','0','0','0','0','0','0','0','0','0','0'), ('PRM-0373','4','1','STARBOX, MEDIUM, BOX FOR 98A, 96A, 27X, 61X, 11A, 10A, 51A','','pc','M','4010','5010','1510','5040','1530','0','0','0','0','0','0','0','0','0','0','0'), ('PRM-0374','4','1','STARBOX, EXTRA LARGE, BOX FOR 09A, 29X, 82X, 16A, 38A, 42A, 45A, 39A, 64A','','pc','M','4010','5010','1510','5040','1530','0','0','0','0','0','0','0','0','0','0','0'), ('PRM-0375','4','1','SCC, WBLADE-EX, WIPER BLADE FOR HP 98A','','pc','B','4010','5010','1510','5040','1530','0','0','0','0','0','0','0','0','0','0','0'), ('PRM-0376','4','1','SCC, WXBLADE, WIPER BLADE FOR HP 09A','','pc','B','4010','5010','1510','5040','1530','0','0','0','0','0','0','0','0','0','0','0'), ('PRM-0377','4','1','SCC, HP1012BLADE, WIPER BLADE FOR HP 12A, 15A, 24A, 13A, FX9','','pc','B','4010','5010','1510','5040','1530','0','0','0','0','45','0','0','0','0','0','0'), ('PRM-0378','4','1','SCC, HP1320BLADE2, WIPER BLADE FOR HP 49A, 53A','','pc','B','4010','5010','1510','5040','1530','0','0','0','0','0','0','0','0','0','0','0'), ('PRM-0379','4','1','SCC, HP21BLADE, WIPER BLADE FOR HP 96A','','pc','B','4010','5010','1510','5040','1530','0','0','0','0','0','0','0','0','0','0','0'), ('PRM-100','4','1','SCC, 81-1100B-OS, TONER BOTTLE FOR HP 82X (1100G/BOTTLE)','','pc','B','4010','5010','1510','5040','1530','0','0','0','0','0','0','0','0','0','0','0'), ('PRM-101','4','1','SCC, TRHP41-500B-OS, TONER BOTTLE FOR HP 61X (500G/BOTTLE)','','pc','B','4010','5010','1510','5040','1530','0','0','0','0','0','0','0','0','0','0','0'), ('PRP-0001','3','1','BSH-2600-PL, Bushing, Left, Pressure Roller','for HP2600','pc','B','4010','5010','1510','5040','1530','0','0','0','0','0','0','0','0','1','0','3'), ('PRP-0002','3','1','BSH-P1008-LOW, Bushing, Pressure Roller','for HP P1006','pc','B','4010','5010','1510','5040','1530','0','0','0','0','0','0','0','0','0','0','0'), ('PRP-0003','3','1','RA0-1094-000, Bushing, Pressure Roller','for HP 1100/1200/1220/1300','pc','B','4010','5010','1510','5040','1530','0','0','0','0','0','0','0','0','0','0','0'), ('PRP-0004','3','1','RA0-1095-000, Bushing, Pressure Roller','for HP 1100/1200/1300','pc','B','4010','5010','1510','5040','1530','0','0','0','0','0','0','0','0','0','0','0'), ('PRP-0005','3','1','BSH-1010-P, Bushing, Pressure Roller','for HP 1010/1020/1022/3015/3020/3030','pc','B','4010','5010','1510','5040','1530','0','0','0','0','0','0','0','0','0','0','0'), ('PRP-0006','3','1','RB2-2973-000, Bushing, Pressure Roller','for HP 2100/2200','pc','B','4010','5010','1510','5040','1530','0','0','0','0','0','0','0','0','0','0','0'), ('PRP-0007','3','1','RG9-1542-000, TRANSFER ROLLER, HP 5100','','pc','B','4010','5010','1510','5040','1530','0','0','0','0','0','0','0','0','0','0','0'), ('PRP-0008','3','1','RG9-2660-HE, HEATING ELEMENT, (220v), HP 4000/4050','','pc','B','4010','5010','1510','5040','1530','0','0','0','0','0','0','0','0','0','0','0'), ('PRP-0009','3','1','RH7-4054-000, HEATING LAMP, (115V, 750W), HP 4+/5','','pc','B','4010','5010','1510','5040','1530','0','0','0','0','0','0','0','0','0','0','0'), ('PRP-0010','3','1','RH7-4055-000, HEATING LAMP (240V, 750W), HP 4+/5','','pc','B','4010','5010','1510','5040','1530','0','0','0','0','0','0','0','0','0','0','0'), ('PRP-0011','3','1','RH7-4074-000, HEATING LAMP, (240V, 500W), HP 5SI/8000','','pc','B','4010','5010','1510','5040','1530','0','0','0','0','0','0','0','0','0','0','0'), ('PRP-0012','3','1','RH7-4128-000, HEATING LAMP, UPPER (220V, 600W), HP 8100/8150','','pc','B','4010','5010','1510','5040','1530','0','0','0','0','0','0','0','0','0','0','0'), ('PRP-0013','3','1','RH7-4129-000, HEATING LAMP, LOWER (220V, 450W), HP 8100/8150','','pc','B','4010','5010','1510','5040','1530','0','0','0','0','0','0','0','0','0','0','0'), ('PRP-0014','3','1','RH7-7150-000, THERMISTOR, HP 4200','','pc','B','4010','5010','1510','5040','1530','0','0','0','0','0','0','0','0','0','0','0'), ('PRP-0015','3','1','RL1-0007-000, SEPARATION PAD, HP 4200/4345','','pc','B','4010','5010','1510','5040','1530','0','0','0','0','0','0','0','0','0','0','0'), ('PRP-0016','3','1','RL1-0019-000, PICK-UP ROLLER TRAY 1, HP 4200/4300/4345','','pc','B','4010','5010','1510','5040','1530','0','0','0','0','0','0','0','0','0','0','0'), ('PRP-0017','3','1','RL1-0024-FM3, FUSER FILM SLEEVE, HP 4250/4300','','pc','B','4010','5010','1510','5040','1530','0','0','0','0','0','0','0','0','0','0','0'), ('PRP-0018','3','1','RL1-0266-000, PICK-UP ROLLER, HP 1010/1020/1022','','pc','B','4010','5010','1510','5040','1530','0','0','0','0','0','0','0','0','0','0','0'), ('PRP-0019','3','1','RL1-0540-000, PICK-UP ROLLER TRAY 2 HP 1160/1320/P2015','','pc','B','4010','5010','1510','5040','1530','0','0','0','0','0','0','0','0','0','0','0'), ('PRP-0020','3','1','RL1-0542-000, PICK-UP ROLLER TRAY 2, HP 2400/2420','','pc','B','4010','5010','1510','5040','1530','0','0','0','0','0','0','0','0','0','0','0'), ('PRP-0021','3','1','RL1-0568-000, PICK-UP ROLLER MP TRAY, HP 2400/2420/P3005','','pc','B','4010','5010','1510','5040','1530','0','0','0','0','0','0','0','0','0','0','0'), ('PRP-0022','3','1','RL1-1370-000, PICK-UP ROLLER, HP P3005','','pc','B','4010','5010','1510','5040','1530','0','0','0','0','0','0','0','0','0','0','0'), ('PRP-0023','3','1','RL1-1497-000, PICK-UP ROLLER, HP P1505','','pc','B','4010','5010','1510','5040','1530','0','0','0','0','0','0','0','0','0','0','0'), ('PRP-0024','3','1','RM1-0005-000, DROP DOWN TRAY 1 ASSEMBLY, HP 4200','','pc','B','4010','5010','1510','5040','1530','0','0','0','0','0','0','0','0','0','0','0'), ('PRP-0025','3','1','RM1-0013-FM3, FUSER FILM SLEEVE, HP 4200','','pc','B','4010','5010','1510','5040','1530','0','0','0','0','0','0','0','0','0','0','0'), ('PRP-0026','3','1','RM1-0014-HE, HEATING ELEMENT (220V), HP 4200','','pc','B','4010','5010','1510','5040','1530','0','0','0','0','0','0','0','0','0','0','0'), ('PRP-0027','3','1','RM1-0036-000, PICK-UP ROLLER TRAY 2, HP 4200/4250/4345','','pc','B','4010','5010','1510','5040','1530','0','0','0','0','0','0','0','0','0','0','0'), ('PRP-0028','3','1','RM1-0037-000, PICK-UP ROLLER TRAY 2, HP 4200/4250/4345','','pc','B','4010','5010','1510','5040','1530','0','0','0','0','0','0','0','0','0','0','0'), ('PRP-0029','3','1','RM1-0043-060, SWING PLATE KIT ASSEMBLY, HP 4200','','pc','B','4010','5010','1510','5040','1530','0','0','0','0','0','0','0','0','0','0','0'), ('PRP-0030','3','1','RM1-0102-HE, HEATING ELEMENT (220V), HP 4300','','pc','B','4010','5010','1510','5040','1530','0','0','0','0','0','0','0','0','0','0','0'), ('PRP-0031','3','1','RM1-0354-FM3, FUSER FILM SLEEVE, HP 2300','','pc','B','4010','5010','1510','5040','1530','0','0','0','0','0','0','0','0','0','0','0'), ('PRP-0032','3','1','RM1-0355-HE, HEATING ELEMENT (220V), HP 2300','','pc','B','4010','5010','1510','5040','1530','0','0','0','0','0','0','0','0','0','0','0'), ('PRP-0033','3','1','RM1-0550-000, ROLLER TRANSFER ASSEMBLY','','pc','B','4010','5010','1510','5040','1530','0','0','0','0','0','0','0','0','0','0','0'), ('PRP-0034','3','1','RM1-0561-HE, HEATING ELEMENT (220V), HP 1300','','pc','B','4010','5010','1510','5040','1530','0','0','0','0','0','0','0','0','0','0','0'), ('PRP-0035','3','1','RM1-0648-000, SEPARATION PAD ASSEMBLY, HP 1010/1015/1020','','pc','B','4010','5010','1510','5040','1530','0','0','0','0','0','0','0','0','0','0','0'), ('PRP-0036','3','1','RM1-0649-FM3, FUSER FILM SLEEVE, HP 1010/1020','','pc','B','4010','5010','1510','5040','1530','0','0','0','0','0','0','0','0','0','0','0'), ('PRP-0037','3','1','RM1-0655-HE, HEATING ELEMENT (220V), HP 1010/1020/3015/3030','','pc','B','4010','5010','1510','5040','1530','0','0','0','0','0','0','0','0','0','0','0'), ('PRP-0038','3','1','RM1-0658-000, TRANSFER ROLLER ASSEMBLY, HP 1010','','pc','B','4010','5010','1510','5040','1530','0','0','0','0','0','0','0','0','0','0','0'), ('PRP-0039','3','1','RM1-0731-000, PICK-UP ROLLER, HP 3500/3700/5200','','pc','B','4010','5010','1510','5040','1530','0','0','0','0','0','0','0','0','0','0','0'), ('PRP-0040','3','1','RM1-1083-HE, HEATING ELEMENT (220V), HP 4250','','pc','B','4010','5010','1510','5040','1530','0','0','0','0','0','0','0','0','0','0','0'), ('PRP-0041','3','1','RM1-1110-000, TRANSFER ROLLER, HP 4250','','pc','B','4010','5010','1510','5040','1530','0','0','0','0','0','0','0','0','0','0','0'), ('PRP-0042','3','1','RM1-1289-FM3, FUSER FILM SLEEVE, HP 1160/1320','','pc','B','4010','5010','1510','5040','1530','0','0','0','0','0','0','0','0','0','0','0'), ('PRP-0043','3','1','RM1-1298-000, SEPARATION PAD ASSEMBLY','','pc','B','4010','5010','1510','5040','1530','0','0','0','0','0','0','0','0','0','0','0'), ('PRP-0044','3','1','RM1-1298-PAD, SEPARATION PAD ONLY, HP 1160/1320/2400/2420','','pc','B','4010','5010','1510','5040','1530','0','0','0','0','0','0','0','0','0','0','0'), ('PRP-0045','3','1','RM1-1471-000, TRANSFER ROLLER','','pc','B','4010','5010','1510','5040','1530','0','0','0','0','0','0','0','0','0','0','0'), ('PRP-0046','3','1','RM1-1491-FM3, FUSER FILM SLEEVE, HP 2400','','pc','B','4010','5010','1510','5040','1530','0','0','0','0','0','0','0','0','0','0','0'), ('PRP-0047','3','1','RM1-2048-PAD, SEPARATION PAD, HP 1022/3050','','pc','B','4010','5010','1510','5040','1530','0','0','0','0','0','0','0','0','0','0','0'), ('PRP-0048','3','1','RM1-2050-HE, HEATING ELEMENT (220V), HP 1022/3050','','pc','B','4010','5010','1510','5040','1530','0','0','0','0','0','0','0','0','0','0','0'), ('PRP-0049','3','1','RM1-2462-000, SEPARATION PAD TRAY 1, HP 5200','','pc','B','4010','5010','1510','5040','1530','0','0','0','0','0','0','0','0','0','0','0'), ('PRP-0050','3','1','RM1-2522-FM3, FUSER FILM SLEEVE, HP 5000/5100/5200','','pc','B','4010','5010','1510','5040','1530','0','0','0','0','0','0','0','0','0','0','0'), ('PRP-0051','3','1','RM1-2546-000, SEPARATION PAD TRAY 2, HP 5200','','pc','B','4010','5010','1510','5040','1530','0','0','0','0','0','0','0','0','0','0','0'), ('PRP-0052','3','1','RM1-3740-FM3, FUSER FILM SLEEVE, HP P3005','','pc','B','4010','5010','1510','5040','1530','0','0','0','0','0','0','0','0','0','0','0'), ('PRP-0053','3','1','RM1-3741-HE, HEATING ELEMENT (220V), HP P3005','','pc','B','4010','5010','1510','5040','1530','0','0','0','0','0','0','0','0','0','0','0'), ('PRP-0054','3','1','RM1-4208-FM3, METAL FUSER FILM SLEEVE, HP P1505','','pc','B','4010','5010','1510','5040','1530','0','0','0','0','0','0','0','0','0','0','0'), ('PRP-0055','3','1','RM1-4247-FM3, FUSER FILM SLEEVE, HP P2015','','pc','B','4010','5010','1510','5040','1530','0','0','0','0','0','0','0','0','0','0','0'), ('PRP-0056','3','1','RM1-4279-000, TRANSFER ROLLER, HP P2015','','pc','B','4010','5010','1510','5040','1530','0','0','0','0','0','0','0','0','0','0','0'), ('PRP-0057','3','1','RS5-0228-000, GEAR (25T), HP 4/4+/5','','pc','B','4010','5010','1510','5040','1530','0','0','0','0','0','0','0','0','0','0','0'), ('PRP-0058','3','1','RC1-5568-000, LEVER, RIGHT TENSION, HP 1022','','pc','B','4010','5010','1510','5040','1530','0','0','0','0','0','0','0','0','0','0','0'), ('PRP-0059','3','1','RC1-7440-000, GUIDE, UPPER DELIVERY, HP 5200','','pc','B','4010','5010','1510','5040','1530','0','0','0','0','0','0','0','0','0','0','0'), ('PRP-0060','3','1','RC2-0429-000, EXIT GUIDE, FUSER LOWER, HP P2015','','pc','B','4010','5010','1510','5040','1530','0','0','0','0','0','0','0','0','0','0','0'), ('PRP-0061','3','1','RF0-1002-000, FUSER PRESSURE ROLLER, HP 1000/1200','1300','pc','B','4010','5010','1510','5040','1530','0','0','0','0','0','0','0','0','0','0','0'), ('PRP-0062','3','1','RF0-1008-000, PICK-UP ROLLER MP TRAY, HP 1000/1200','1300','pc','B','4010','5010','1510','5040','1530','0','0','0','0','0','0','0','0','0','0','0'), ('PRP-0063','3','1','RF0-1014-000, SEPARATION PAD, HP 1000/1200/1300','','pc','B','4010','5010','1510','5040','1530','0','0','0','0','0','0','0','0','0','0','0'), ('PRP-0064','3','1','RF5-0343-000, SEPARATION PAD, HP 4/4+/5/5P/6/6P','','pc','B','4010','5010','1510','5040','1530','0','0','0','0','0','0','0','0','0','0','0'), ('PRP-0065','3','1','RF5-0350-000, FIXING COUPLER, HP 4/4+/5','','pc','B','4010','5010','1510','5040','1530','0','0','0','0','0','0','0','0','0','0','0'), ('PRP-0066','3','1','RF5-1455-000, SEPARATION PAD, HP 5SI/8000','','pc','B','4010','5010','1510','5040','1530','0','0','0','0','0','0','0','0','0','0','0'), ('PRP-0067','3','1','RF5-1516-000, FUSER PRESSURE ROLLER, HP 5L','','pc','B','4010','5010','1510','5040','1530','0','0','0','0','0','0','0','0','0','0','0'), ('PRP-0068','3','1','RF5-1834-000, FEED/SEPARATION ROLLER, HP 5SI/8000','8100/8150','pc','B','4010','5010','1510','5040','1530','0','0','0','0','0','0','0','0','0','0','0'), ('PRP-0069','3','1','RF5-1835-000, PICK-UP ROLLER, HP 5SI/8000/8100','8150/8500','pc','B','4010','5010','1510','5040','1530','0','0','0','0','0','0','0','0','0','0','0'), ('PRP-0070','3','1','RF5-1885-000, FEED/SEPARATION ROLLER, HP 4000/4050','','pc','B','4010','5010','1510','5040','1530','0','0','0','0','0','0','0','0','0','0','0'), ('PRP-0071','3','1','RF5-2400-000, SEPARATION PAD TRAY 1, HP 5000','','pc','B','4010','5010','1510','5040','1530','0','0','0','0','0','0','0','0','0','0','0'), ('PRP-0072','3','1','RF5-2409-CLN, SWING (14T) GEAR/METAL BRACKET','','pc','B','4010','5010','1510','5040','1530','0','0','0','0','0','0','0','0','0','0','0'), ('PRP-0073','3','1','RF5-2490-000, FEED/SEPARATION ROLLER, HP 4000/4050','','pc','B','4010','5010','1510','5040','1530','0','0','0','0','0','0','0','0','0','0','0'), ('PRP-0074','3','1','RF5-2601-000, FUSER PRESSURE ROLLER, HP 2100','','pc','B','4010','5010','1510','5040','1530','0','0','0','0','0','0','0','0','0','0','0'), ('PRP-0075','3','1','RF5-2703-000, SEPARATION PAD, HP 8100/8150','','pc','B','4010','5010','1510','5040','1530','0','0','0','0','0','0','0','0','0','0','0'), ('PRP-0076','3','1','RF5-2708-000, PICK-UP ROLLER TRAY 2, HP 8100/8150','8500','pc','B','4010','5010','1510','5040','1530','0','0','0','0','0','0','0','0','0','0','0'), ('PRP-0077','3','1','RF5-2823-000, FUSER PRESSURE ROLLER, HP 1100/3200','','pc','B','4010','5010','1510','5040','1530','0','0','0','0','0','0','0','0','0','0','0'), ('PRP-0078','3','1','RF5-2886-000, SEPARATION ARM, HP 1100/3200','','pc','B','4010','5010','1510','5040','1530','0','0','0','0','0','0','0','0','0','0','0'), ('PRP-0079','3','1','RF5-3086-000, SEPARATION PAD TRAY 1, HP 4100','','pc','B','4010','5010','1510','5040','1530','0','0','0','0','0','0','0','0','0','0','0'), ('PRP-0080','3','1','RF5-3116-000, ARM PAPER SENSOR T1, HP 4100','','pc','B','4010','5010','1510','5040','1530','0','0','0','0','0','0','0','0','0','0','0'), ('PRP-0081','3','1','RF5-3272-000, SEPARATION PAD ASSEMBLY TRAY 1, HP','2200','pc','B','4010','5010','1510','5040','1530','0','0','0','0','0','0','0','0','0','0','0'), ('PRP-0082','3','1','RF5-3739-000, PICK-UP ROLLER TRAY 2, HP 4600/4650/','5500','pc','B','4010','5010','1510','5040','1530','0','0','0','0','0','0','0','0','0','0','0'), ('PRP-0083','3','1','RF5-3750-000, SEPARATION PAD, HP 4600/4650','','pc','B','4010','5010','1510','5040','1530','0','0','0','0','0','0','0','0','0','0','0'), ('PRP-0084','3','1','RF5-4119-000, SEPARATION PAD TRAY 1, HP 5100','','pc','B','4010','5010','1510','5040','1530','0','0','0','0','0','0','0','0','0','0','0');
INSERT INTO `0_stock_master` VALUES ('PRP-0085','3','1','RF5-4120-000, SEPARATION PAD TRAY 2, HP 5100','','pc','B','4010','5010','1510','5040','1530','0','0','0','0','0','0','0','0','0','0','0'), ('PRP-0086','3','1','RF5-4258-000, SEPARATION PAD TRAY 2, HP 2300/2500','2820','pc','B','4010','5010','1510','5040','1530','0','0','0','0','0','0','0','0','0','0','0'), ('PRP-0087','3','1','RF9-1394-000, TRANSFER ROLLER W/ GEAR, HP 8100','8150','pc','B','4010','5010','1510','5040','1530','0','0','0','0','0','0','0','0','0','0','0'), ('PRP-0088','3','1','RG5-2661-FM3, FUSER FILM SLEEVE, HP 4000/4050','','pc','B','4010','5010','1510','5040','1530','0','0','0','0','0','0','0','0','0','0','0'), ('PRP-0089','3','1','RG5-3579-000, TRANSFER ROLLER W/ GEAR, HP 5000','','pc','B','4010','5010','1510','5040','1530','0','0','0','0','0','0','0','0','0','0','0'), ('PRP-0090','3','1','RG5-3718-000, PICK-UP ROLLER MP TRAY, HP 4000/4050','4100','pc','B','4010','5010','1510','5040','1530','0','0','0','0','0','0','0','0','0','0','0'), ('PRP-0091','3','1','RG5-4128-000, PICK-UP ASSEMBLY MP TRAY, HP 2100','2200','pc','B','4010','5010','1510','5040','1530','0','0','0','0','0','0','0','0','0','0','0'), ('PRP-0092','3','1','RG5-4132-FM3, FUSER FILM SLEEVE, HP 2100','','pc','B','4010','5010','1510','5040','1530','0','0','0','0','0','0','0','0','0','0','0'), ('PRP-0093','3','1','RG5-4132-HE, HEATING ELEMENT (110V), HP 2100','','pc','B','4010','5010','1510','5040','1530','0','0','0','0','0','0','0','0','0','0','0'), ('PRP-0094','3','1','RG5-4133-HE, HEATING ELEMENT (220V), HP 2100','','pc','B','4010','5010','1510','5040','1530','0','0','0','0','0','0','0','0','0','0','0'), ('PRP-0095','3','1','RG5-4589-FM3, FUSER FILM SLEEVE, HP 1100','','pc','B','4010','5010','1510','5040','1530','0','0','0','0','0','0','0','0','0','0','0'), ('PRP-0096','3','1','RG5-4657-000, TRANSFER ROLLER W/ GEAR','','pc','B','4010','5010','1510','5040','1530','0','0','0','0','0','0','0','0','0','0','0'), ('PRP-0097','3','1','RG5-4950-HE, HEATING ELEMENT (220V), HP 1100/3200','','pc','B','4010','5010','1510','5040','1530','0','0','0','0','0','0','0','0','0','0','0'), ('PRP-0098','3','1','RG5-5068-FM3, FUSER FILM SLEEVE, HP 4100','','pc','B','4010','5010','1510','5040','1530','0','0','0','0','0','0','0','0','0','0','0'), ('PRP-0099','3','1','RG5-5069-HE, HEATING ELEMENT (220V), HP 4100','','pc','B','4010','5010','1510','5040','1530','0','0','0','0','0','0','0','0','0','0','0'), ('PRP-0100','3','1','RG5-5281-000, SEPARATION PAD, HP 4000/4100','','pc','B','4010','5010','1510','5040','1530','0','0','0','0','0','0','0','0','0','0','0'), ('PRP-0101','3','1','RG5-5560-FM3, FUSER FILM SLEEVE, HP 2200','','pc','B','4010','5010','1510','5040','1530','0','0','0','0','0','0','0','0','0','0','0'), ('PRP-0102','3','1','RG5-5570-HE, HEATING ELEMENT (220V), HP 2200','','pc','B','4010','5010','1510','5040','1530','0','0','0','0','0','0','0','0','0','0','0'), ('PRP-0103','3','1','RG5-7061-HE, HEATING ELEMENT (220V), HP 5100','','pc','B','4010','5010','1510','5040','1530','0','0','0','0','0','0','0','0','0','0','0'), ('PRP-0104','3','1','RG9-1483-000, TRANSFER ROLLER, HP 1000/1200','','pc','B','4010','5010','1510','5040','1530','0','0','0','0','0','0','0','0','0','0','0'), ('PRP-0105','3','1','RG9-1485-000, SEPARATION PAD W/ SPRING TRAY 2, HP ','5000','pc','B','4010','5010','1510','5040','1530','0','0','0','0','0','0','0','0','0','0','0'), ('PRP-0106','3','1','RG9-1493-FM3, FUSER FILM SLEEVE, HP 1000/1200','','pc','B','4010','5010','1510','5040','1530','0','0','0','0','0','0','0','0','0','0','0'), ('PRP-0107','3','1','RG9-1494-HE, HEATING ELEMENT (220V), HP 1200','','pc','B','4010','5010','1510','5040','1530','0','0','0','0','0','0','0','0','0','0','0'), ('PRP-0108','3','1','RG9-1529-000, PICK-UP ROLLER TRAY 1, HP 4600/4650','5500','pc','B','4010','5010','1510','5040','1530','0','0','0','0','0','0','0','0','0','0','0'), ('PRP-0109','3','1','2A806010, PICK-UP ROLLER, KM-1500','','pc','B','4010','5010','1510','5040','1530','0','0','0','0','0','0','0','0','0','0','0'), ('PRP-0110','3','1','2A820160, GEAR, UPPER ROLLER (33T), KM-1500','','pc','B','4010','5010','1510','5040','1530','0','0','0','0','0','0','0','0','0','0','0'), ('PRP-0111','3','1','2A820360, UPPER PICKER FINGER, KM-1500','','pc','B','4010','5010','1510','5040','1530','0','0','0','0','0','0','0','0','0','0','0'), ('PRP-0112','3','1','2BY20010, UPPER FUSER ROLLER, KM-1500','','pc','B','4010','5010','1510','5040','1530','0','0','0','0','0','0','0','0','0','0','0'), ('PRP-0113','3','1','2DC20060, LOWER PRESSURE ROLLER, KM-1500','','pc','B','4010','5010','1510','5040','1530','0','0','0','0','0','0','0','0','0','0','0'), ('PRP-0114','3','1','2FM14060, TRANSFER ROLLER, KM-1500','','pc','B','4010','5010','1510','5040','1530','0','0','0','0','0','0','0','0','0','0','0'), ('PRP-0115','3','1','2FM68320, SEPARATION PAD UNIT, KM-1500','','pc','B','4010','5010','1510','5040','1530','0','0','0','0','0','0','0','0','0','0','0'), ('PRP-0116','3','1','5851-2766, SWING PLATE KIT, HP 4200','','pc','B','4010','5010','1510','5040','1530','0','0','0','0','0','0','0','0','0','0','0'), ('PRP-0117','3','1','5EZPB2412120702, HEATER LAMP, KM-1500','','pc','B','4010','5010','1510','5040','1530','0','0','0','0','0','0','0','0','0','0','0'), ('PRP-0118','3','1','ARM-4200-T1, ARM TRAY 1, HP 4200/4250/4300','','pc','B','4010','5010','1510','5040','1530','0','0','0','0','0','0','0','0','0','0','0'), ('PRP-0119','3','1','BIN-1320-ASM, LOWER TOP BIN ROLLER ASSEMBLY, HP 1320','','pc','B','4010','5010','1510','5040','1530','0','0','0','0','0','0','0','0','0','0','0'), ('PRP-0120','3','1','BSH-1320-PL, BUSHING PRESSURE ROLLER LEFT, HP 1320','','pc','B','4010','5010','1510','5040','1530','0','0','0','0','0','0','0','0','0','0','0'), ('PRP-0121','3','1','BSH-1320-PR, BUSHING PRESSURE ROLLER RIGHT, HP 1320','','pc','B','4010','5010','1510','5040','1530','0','0','0','0','0','0','0','0','0','0','0'), ('PRP-0122','3','1','BSH-2400-PL, BUSHING, PRESSURE ROLLER LEFT, HP 2400/2420','','pc','B','4010','5010','1510','5040','1530','0','0','0','0','0','0','0','0','0','0','0'), ('PRP-0123','3','1','BSH-2400-PR, BUSHING, PRESSURE ROLLER RIGHT, HP 2400/2420','','pc','B','4010','5010','1510','5040','1530','0','0','0','0','0','0','0','0','0','0','0'), ('PRP-0124','3','1','BSH-2600-PR, BUSHING, PRESSURE ROLLER, RIGHT HP CLJ 1600/2600','','pc','B','4010','5010','1510','5040','1530','0','0','0','0','0','0','0','0','0','0','0'), ('PRP-0125','3','1','BSH-4100-PL, BUSHING, PRESSURE ROLLER, LEFT HP LJ 4100','','pc','B','4010','5010','1510','5040','1530','0','0','0','0','0','0','0','0','0','0','0'), ('PRP-0126','3','1','BSH-4100-PR, BUSHING, PRESSURE ROLLER, RIGHT HP LJ 4100','','pc','B','4010','5010','1510','5040','1530','0','0','0','0','0','0','0','0','0','0','0'), ('PRP-0127','3','1','BSH-4200-LFT, BUSHING, PRESSURE ROLLER, LEFT HP LJ 4200','','pc','B','4010','5010','1510','5040','1530','0','0','0','0','0','0','0','0','0','0','0'), ('PRP-0128','3','1','BSH-4200-RGT, BUSHING, PRESSURE ROLLER, RIGHT HP LJ 4200','','pc','B','4010','5010','1510','5040','1530','0','0','0','0','0','0','0','0','0','0','0'), ('PRP-0129','3','1','BSH-4250-PL, BUSHING, PRESSURE ROLLER, LEFT HP LJ 4250','','pc','B','4010','5010','1510','5040','1530','0','0','0','0','0','0','0','0','0','0','0'), ('PRP-0130','3','1','BSH-4250-PR, BUSHING, PRESSURE ROLLER, RIGHT HP LJ 4250','','pc','B','4010','5010','1510','5040','1530','0','0','0','0','0','0','0','0','0','0','0'), ('PRP-0131','3','1','BSH-P3005-DL, BUSHING, DELIVERY ROLLER, LEFT HP LJ P3005','','pc','B','4010','5010','1510','5040','1530','0','0','0','0','0','0','0','0','0','0','0'), ('PRP-0132','3','1','BSH-P3005-DR, BUSHING, DELIVERY ROLLER, RIGHT HP LJ P3005','','pc','B','4010','5010','1510','5040','1530','0','0','0','0','0','0','0','0','0','0','0'), ('PRP-0133','3','1','BSH-P3005-PL, BUSHING, PRESSURE ROLLER, LEFT HP LJ P3005','','pc','B','4010','5010','1510','5040','1530','0','0','0','0','0','0','0','0','0','0','0'), ('PRP-0134','3','1','BSH-P3005-PR, BUSHING, PRESSURE ROLLER, RIGHT HP LJ P3005','','pc','B','4010','5010','1510','5040','1530','0','0','0','0','0','0','0','0','0','0','0'), ('PRP-0135','3','1','BSH-SM1510-UL, BUSHING, HOT ROLLER, LEFT SAMSUNG ML-1610/1640','','pc','B','4010','5010','1510','5040','1530','0','0','0','0','0','0','0','0','0','0','0'), ('PRP-0136','3','1','BSH-SM1510-UR, BUSHING, HOT ROLLER, RIGHT SAMSUNG ML-1610/1640','','pc','B','4010','5010','1510','5040','1530','0','0','0','0','0','0','0','0','0','0','0'), ('PRP-0137','3','1','CLAW-SM1610, CLAW, SAMSUNG ML 1610/1640','','pc','B','4010','5010','1510','5040','1530','0','0','0','0','0','0','0','0','0','0','0'), ('PRP-0138','3','1','DK-100-DRUM, DRUM KM1500','','pc','B','4010','5010','1510','5040','1530','0','0','0','0','0','0','0','0','0','0','0'), ('PRP-0139','3','1','DK-100-BLADE, DRUM CLEANING BLADE KM1500','','pc','B','4010','5010','1510','5040','1530','0','0','0','0','0','0','0','0','0','0','0'), ('PRP-0140','3','1','DR-2300-UP, DELIVERY ROLLER, UPPER GUIDE HP LJ 2300','','pc','B','4010','5010','1510','5040','1530','0','0','0','0','0','0','0','0','0','0','0'), ('PRP-0141','3','1','FILM2600, FUSER FILM SLEEVE, HP CLJ 1600/2600','','pc','B','4010','5010','1510','5040','1530','0','0','0','0','0','0','0','0','0','0','0'), ('PRP-0142','3','1','FLG-2600-LOW, SENSOR FLAG, LOWER GUIDE, HP LJ 2600','','pc','B','4010','5010','1510','5040','1530','0','0','0','0','0','0','0','0','0','0','0'), ('PRP-0143','3','1','FLNG-4200-L, FLANGE, FUSER, LEFT HP LJ 4200','','pc','B','4010','5010','1510','5040','1530','0','0','0','0','0','0','0','0','0','0','0'), ('PRP-0144','3','1','FLNG-4200-R, FLANGE, FUSER, RIGHT HP LJ 4200','','pc','B','4010','5010','1510','5040','1530','0','0','0','0','0','0','0','0','0','0','0'), ('PRP-0145','3','1','GD-4250-UP, GUIDE, UPPER ENTRANCE HP LJ 4250','','pc','B','4010','5010','1510','5040','1530','0','0','0','0','0','0','0','0','0','0','0'), ('PRP-0146','3','1','GR-4250-14G, GEAR, FUSER (14T), GREEN HP LJ 4250','','pc','B','4010','5010','1510','5040','1530','0','0','0','0','0','0','0','0','0','0','0'), ('PRP-0147','3','1','GRS-1.0, GREASE','','pc','B','4010','5010','1510','5040','1530','0','0','0','0','0','0','0','0','0','0','0'), ('PRP-0148','3','1','HE-1320-220V, HEATING ELEMENT (220V), HP LJ 1320','','pc','B','4010','5010','1510','5040','1530','0','0','0','0','0','0','0','0','0','0','0'), ('PRP-0149','3','1','HE-2400-220V, HEATING ELEMENT (220V), HP LJ 2400','','pc','B','4010','5010','1510','5040','1530','0','0','0','0','0','0','0','0','0','0','0'), ('PRP-0150','3','1','HE-5200-220V, HEATING ELEMENT (220V), HP LJ 5200','','pc','B','4010','5010','1510','5040','1530','0','0','0','0','0','0','0','0','0','0','0'), ('PRP-0151','3','1','HE-P2015-220V, HEATING ELEMENT (220V), HP LJ P2015','','pc','B','4010','5010','1510','5040','1530','0','0','0','0','0','0','0','0','0','0','0'), ('PRP-0152','3','1','JC61-01169A, SEPARATION PAD, SAMSUNG ML 1610/1640','','pc','B','4010','5010','1510','5040','1530','0','0','0','0','0','0','0','0','0','0','0'), ('PRP-0153','3','1','JC66-00807A, GEAR, FUSER DELIVERY ROLLER, SAMSUNG ML 1610/1640','','pc','B','4010','5010','1510','5040','1530','0','0','0','0','0','0','0','0','0','0','0'), ('PRP-0154','3','1','LPM-SM1610-220V, HEATING LAMP (230V, 600W) SAMSUNG ML 1610/1640','','pc','B','4010','5010','1510','5040','1530','0','0','0','0','0','0','0','0','0','0','0'), ('PRP-0155','3','1','LPR-1010, FUSER PRESSURE ROLLER HP LJ 1010/1020','','pc','B','4010','5010','1510','5040','1530','0','0','0','0','0','0','0','0','0','0','0'), ('PRP-0156','3','1','LPR-1022, PRESSURE ROLLER, HP LJ 1022','','pc','B','4010','5010','1510','5040','1530','0','0','0','0','0','0','0','0','0','0','0'), ('PRP-0157','3','1','LPR-1320, FUSER PRESSURE ROLLER, HP LJ 1320','','pc','B','4010','5010','1510','5040','1530','0','0','0','0','0','0','0','0','0','0','0'), ('PRP-0158','3','1','LPR-2400, FUSER PRESSURE ROLLER, HP LJ 2400','','pc','B','4010','5010','1510','5040','1530','0','0','0','0','0','0','0','0','0','0','0'), ('PRP-0159','3','1','LPR-2600, PRESSURE ROLLER, HP LJ 2600/1600','','pc','B','4010','5010','1510','5040','1530','0','0','0','0','0','0','0','0','0','0','0'), ('PRP-0160','3','1','LPR-3020, PRESSURE ROLLER, HP LJ 3015/3020/3030','','pc','B','4010','5010','1510','5040','1530','0','0','0','0','0','0','0','0','0','0','0'), ('PRP-0161','3','1','LPR-4250, PRESSURE ROLLER, HP LJ 4250','','pc','B','4010','5010','1510','5040','1530','0','0','0','0','0','0','0','0','0','0','0'), ('PRP-0162','3','1','LPR-5200, PRESSURE ROLLER, HP LJ 5200','','pc','B','4010','5010','1510','5040','1530','0','0','0','0','0','0','0','0','0','0','0'), ('PRP-0163','3','1','LPR-P1505, PRESSURE ROLLER, HP LJ P1505','','pc','B','4010','5010','1510','5040','1530','0','0','0','0','0','0','0','0','0','0','0'), ('PRP-0164','3','1','LPR-P3005, PRESSURE ROLLER, HP LJ P3005','','pc','B','4010','5010','1510','5040','1530','0','0','0','0','0','0','0','0','0','0','0'), ('PRP-0165','3','1','LPR-SM1510, LOWER PRESSURE ROLLER, SAMSUNG ML-1610/1640','','pc','B','4010','5010','1510','5040','1530','0','0','0','0','0','0','0','0','0','0','0'), ('PRP-0166','3','1','LVR-4200-ASM, LEVER ASM, FUSER RIGHT HOLDING, HP LJ 4200','','pc','B','4010','5010','1510','5040','1530','0','0','0','0','0','0','0','0','0','0','0'), ('PRP-0167','3','1','LVR-4200-LFT, LEVER, FUSER HOLDING, LEFT, HP LJ 4200/4300/4345','','pc','B','4010','5010','1510','5040','1530','0','0','0','0','0','0','0','0','0','0','0'), ('PRP-0168','3','1','LVR-4200-RGT, LEVER, FUSER HOLDING, RIGHT, HP LJ 4200/4300/4345','','pc','B','4010','5010','1510','5040','1530','0','0','0','0','0','0','0','0','0','0','0'), ('PRP-0169','3','1','LVR-4250-LFT, LEVER, FUSER HOLDING, LEFT HP LJ 4250','','pc','B','4010','5010','1510','5040','1530','0','0','0','0','0','0','0','0','0','0','0'), ('PRP-0170','3','1','LVR-4250-RGT, LEVER, FUSER HOLDING, RIGHT HP LJ 4250','','pc','B','4010','5010','1510','5040','1530','0','0','0','0','0','0','0','0','0','0','0'), ('PRP-0171','3','1','PUR-SM1610, PICK-UP ROLLER, SAMSUNG ML 1610/1640','','pc','B','4010','5010','1510','5040','1530','0','0','0','0','0','0','0','0','0','0','0'), ('PRP-0172','3','1','RA0-1088-000, GEAR (29T)','','pc','B','4010','5010','1510','5040','1530','0','0','0','0','0','0','0','0','0','0','0'), ('PRP-0173','3','1','RA0-1089-000, GEAR (17T), FUSER HP LJ 1000 / 1200 / 1300','','pc','B','4010','5010','1510','5040','1530','0','0','0','0','0','0','0','0','0','0','0'), ('PRP-0174','3','1','RA0-1198-000, ROLLER, FEED HP LJ 1200/1300','','pc','B','4010','5010','1510','5040','1530','0','0','0','0','0','0','0','0','0','0','0'), ('PRP-0175','3','1','RA0-1104-000, BUSHING, FACE-UP ROLLER, HP LJ 1000/1200','','pc','B','4010','5010','1510','5040','1530','0','0','0','0','0','0','0','0','0','0','0'), ('PRP-0176','3','1','RB1-2126-000, PICK-UP ROLLER, MP TRAY, HP LJ 4','','pc','B','4010','5010','1510','5040','1530','0','0','0','0','0','0','0','0','0','0','0'), ('PRP-0177','3','1','RB1-2127-000, MP TRAY PICK-UP ROLLER, HP LJ 4/4+','','pc','B','4010','5010','1510','5040','1530','0','0','0','0','0','0','0','0','0','0','0'), ('PRP-0178','3','1','RB1-2205-000, MP TRAY PICK-UP ROLLER, HP LJ 5/5P/6P','','pc','B','4010','5010','1510','5040','1530','0','0','0','0','0','0','0','0','0','0','0'), ('PRP-0179','3','1','RB1-2632-000, LOW CASSETTE PICK UP ROLLER, HP LJ 4','','pc','B','4010','5010','1510','5040','1530','0','0','0','0','0','0','0','0','0','0','0'), ('PRP-0180','3','1','RB1-2650-000, LOW CASSETTE PICK-UP ROLLER, HP LJ 4+','','pc','B','4010','5010','1510','5040','1530','0','0','0','0','0','0','0','0','0','0','0'), ('PRP-0181','3','1','RB1-3477-000, PICK-UP ROLLER, MP TRAY, HP LJ 4+','','pc','B','4010','5010','1510','5040','1530','0','0','0','0','0','0','0','0','0','0','0'), ('PRP-0182','3','1','RB1-3516-000, UPPER FUSER ROLLER, HP LJ 4+/5','','pc','B','4010','5010','1510','5040','1530','0','0','0','0','0','0','0','0','0','0','0'), ('PRP-0183','3','1','RB1-3517-000, FUSER PRESSURE ROLLER, HP LJ 4+/5','','pc','B','4010','5010','1510','5040','1530','0','0','0','0','0','0','0','0','0','0','0'), ('PRP-0184','3','1','RB1-6134-030CN, TRAY SENSOR ARM, HP LJ 5000/5100','','pc','B','4010','5010','1510','5040','1530','0','0','0','0','0','0','0','0','0','0','0');
INSERT INTO `0_stock_master` VALUES ('PRP-0185','3','1','RB1-6610-000, BUSHING, HEAT ROLLER, HP LJ 8100/8150','','pc','B','4010','5010','1510','5040','1530','0','0','0','0','0','0','0','0','0','0','0'), ('PRP-0186','3','1','RB1-6644-000, WASHER HP LJ 5SI/8000/8100/8150','','pc','B','4010','5010','1510','5040','1530','0','0','0','0','0','0','0','0','0','0','0'), ('PRP-0187','3','1','RB1-6730-000, MP TRAY PICK-UP ROLLER, HP LJ 5SI/8000','','pc','B','4010','5010','1510','5040','1530','0','0','0','0','0','0','0','0','0','0','0'), ('PRP-0188','3','1','RB1-7911-000, PICK-UP ROLLER, MP TRAY HP LJ 5','','pc','B','4010','5010','1510','5040','1530','0','0','0','0','0','0','0','0','0','0','0'), ('PRP-0189','3','1','RB1-7983-000, LOW CASSETTE, PICK-UP ROLLER, HP LJ 5','','pc','B','4010','5010','1510','5040','1530','0','0','0','0','0','0','0','0','0','0','0'), ('PRP-0190','3','1','RB1-8668-000, FEED GUIDE DRIVE BELT / TIMING BELT','','pc','B','4010','5010','1510','5040','1530','0','0','0','0','0','0','0','0','0','0','0'), ('PRP-0191','3','1','RB1-8787-000, ARM, TRAY PAPER HP LJ 4000/4050/4100','','pc','B','4010','5010','1510','5040','1530','0','0','0','0','0','0','0','0','0','0','0'), ('PRP-0192','3','1','RB1-8788-000, COVER, SENSOR LEVER HP LJ 4000/4100','','pc','B','4010','5010','1510','5040','1530','0','0','0','0','0','0','0','0','0','0','0'), ('PRP-0193','3','1','RB1-8794-000, FUSER PRESSURE ROLLER, HP LJ 4000/4050','','pc','B','4010','5010','1510','5040','1530','0','0','0','0','0','0','0','0','0','0','0'), ('PRP-0194','3','1','RB1-8796-000, RUBBER GEAR, PRESSURE ROLLER HP LJ 4000/4050','','pc','B','4010','5010','1510','5040','1530','0','0','0','0','0','0','0','0','0','0','0'), ('PRP-0195','3','1','RB1-8865-000, PICK-UP ROLLER (D ROLLER, 500 SHEETS)','','pc','B','4010','5010','1510','5040','1530','0','0','0','0','0','0','0','0','0','0','0'), ('PRP-0196','3','1','RB1-8877-000, COUPLER, PICK-UP ROLLER HP LJ 4000/4100/5000/5100','','pc','B','4010','5010','1510','5040','1530','0','0','0','0','0','0','0','0','0','0','0'), ('PRP-0197','3','1','RB1-8957-000, PICK-UP ROLLER, HP LJ 4000/4050/4100','','pc','B','4010','5010','1510','5040','1530','0','0','0','0','0','0','0','0','0','0','0'), ('PRP-0198','3','1','RB1-9210-000, FUSER PRESSURE ROLLER, HP LJ 6P','','pc','B','4010','5010','1510','5040','1530','0','0','0','0','0','0','0','0','0','0','0'), ('PRP-0199','3','1','RB1-9526-000, PICK-UP ROLLER, MP TRAY HP LJ 8100/8150/8500','','pc','B','4010','5010','1510','5040','1530','0','0','0','0','0','0','0','0','0','0','0'), ('PRP-0200','3','1','RB2-1634-000, PICK-UP ROLLER, HP LJ 5L/6L','','pc','B','4010','5010','1510','5040','1530','0','0','0','0','0','0','0','0','0','0','0'), ('PRP-0201','3','1','RB2-1820-000, PICK-UP ROLLER, TRAY1 HP LJ 5000/5100','','pc','B','4010','5010','1510','5040','1530','0','0','0','0','0','0','0','0','0','0','0'), ('PRP-0202','3','1','RB2-1821-000, PICK-UP ROLLER, TRAY2 HP LJ 5000/5100','','pc','B','4010','5010','1510','5040','1530','0','0','0','0','0','0','0','0','0','0','0'), ('PRP-0203','3','1','RB2-1919-000, FUSER PRESSURE ROLLER, HP LJ 5000/5100','','pc','B','4010','5010','1510','5040','1530','0','0','0','0','0','0','0','0','0','0','0'), ('PRP-0204','3','1','RB2-1940-000, LEVER SENSOR, HP LJ 5000','','pc','B','4010','5010','1510','5040','1530','0','0','0','0','0','0','0','0','0','0','0'), ('PRP-0205','3','1','RB2-2387-000, ARM, TRAY PAPER, RETAINING HP LJ 4000','','pc','B','4010','5010','1510','5040','1530','0','0','0','0','0','0','0','0','0','0','0'), ('PRP-0206','3','1','RB2-2835-000, SEPARATION PAD TRAY 1, HP LJ 2100','','pc','B','4010','5010','1510','5040','1530','0','0','0','0','0','0','0','0','0','0','0'), ('PRP-0207','3','1','RB2-2836-000, LEVER, PAPER SENSOR, HP LJ 2100/2200/2300','','pc','B','4010','5010','1510','5040','1530','0','0','0','0','0','0','0','0','0','0','0'), ('PRP-0208','3','1','RB2-2850-000, BUSHING, DELIVERY ROLLER, HP LJ 2100/2200/2300','','pc','B','4010','5010','1510','5040','1530','0','0','0','0','0','0','0','0','0','0','0'), ('PRP-0209','3','1','RB2-2891-000, PICK-UP ROLLER TRAY 2/3, HP LJ 2100/2300','','pc','B','4010','5010','1510','5040','1530','0','0','0','0','0','0','0','0','0','0','0'), ('PRP-0210','3','1','RB2-2900-000, PICK-UP ROLLER, MP TRAY, HP LJ 2100/2200','','pc','B','4010','5010','1510','5040','1530','0','0','0','0','0','0','0','0','0','0','0'), ('PRP-0211','3','1','RB2-2978-000, SPRING COMPRESSION, HP LJ 2100/2200/2300','','pc','B','4010','5010','1510','5040','1530','0','0','0','0','0','0','0','0','0','0','0'), ('PRP-0212','3','1','RB2-3008-000, SEPARATION PAD TRAY 2, HP LJ 2100','','pc','B','4010','5010','1510','5040','1530','0','0','0','0','0','0','0','0','0','0','0'), ('PRP-0213','3','1','RB2-3009-000, ARM LOCK, HP LJ 2100/2200','','pc','B','4010','5010','1510','5040','1530','0','0','0','0','0','0','0','0','0','0','0'), ('PRP-0214','3','1','RB2-3521-000, UPPER FUSER ROLLER, HP LJ 8100/8150','','pc','B','4010','5010','1510','5040','1530','0','0','0','0','0','0','0','0','0','0','0'), ('PRP-0215','3','1','RB2-3522-000, PRESSURE ROLLER, HP LJ 1100/3200','','pc','B','4010','5010','1510','5040','1530','0','0','0','0','0','0','0','0','0','0','0'), ('PRP-0216','3','1','RB2-3533-000, BUSHING, PRESSURE ROLLER, HP LJ 8100/8150','','pc','B','4010','5010','1510','5040','1530','0','0','0','0','0','0','0','0','0','0','0'), ('PRP-0217','3','1','RB2-3956-000, BUSHING, PRESSURE ROLLER, LEFT HP LJ 1100','','pc','B','4010','5010','1510','5040','1530','0','0','0','0','0','0','0','0','0','0','0'), ('PRP-0218','3','1','RB2-3957-000, BUSHING, PRESSURE ROLLER, RIGHT HP LJ 1100','','pc','B','4010','5010','1510','5040','1530','0','0','0','0','0','0','0','0','0','0','0'), ('PRP-0219','3','1','RB2-4026-000, PICK-UP ROLLER, HP LJ 1100/3200','','pc','B','4010','5010','1510','5040','1530','0','0','0','0','0','0','0','0','0','0','0'), ('PRP-0220','3','1','RB2-4919-000, FUSER PRESSURE ROLLER, HP LJ 4100','','pc','B','4010','5010','1510','5040','1530','0','0','0','0','0','0','0','0','0','0','0'), ('PRP-0221','3','1','RB2-4931-000, LEVER, LEFT HOLDING','','pc','B','4010','5010','1510','5040','1530','0','0','0','0','0','0','0','0','0','0','0'), ('PRP-0222','3','1','RB2-4931-000, LEVER, RIGHT HOLDING','','pc','B','4010','5010','1510','5040','1530','0','0','0','0','0','0','0','0','0','0','0'), ('PRP-0223','3','1','RB2-4936-000, CAM DEFLECTOR, HP LJ 4100','','pc','B','4010','5010','1510','5040','1530','0','0','0','0','0','0','0','0','0','0','0'), ('PRP-0224','3','1','RB2-5034-000, FLAG, PAPER SENSOR HP LJ 4100','','pc','B','4010','5010','1510','5040','1530','0','0','0','0','0','0','0','0','0','0','0'), ('PRP-0225','3','1','RB2-5921-000, PRESSURE ROLLER, HP LJ 9000','','pc','B','4010','5010','1510','5040','1530','0','0','0','0','0','0','0','0','0','0','0'), ('PRP-0226','3','1','RB2-5948-000, UPPER FUSER ROLLER, HP LJ 9000','','pc','B','4010','5010','1510','5040','1530','0','0','0','0','0','0','0','0','0','0','0'), ('PRP-0227','3','1','RB2-6254-000, SEPARATION PAD HOLDER, TRAY 1, HP LJ 2200','','pc','B','4010','5010','1510','5040','1530','0','0','0','0','0','0','0','0','0','0','0'), ('PRP-0228','3','1','RB2-6304-000, PICK-UP ROLLER, TRAY 2, HP LJ 2200/2300','','pc','B','4010','5010','1510','5040','1530','0','0','0','0','0','0','0','0','0','0','0'), ('PRP-0229','3','1','RB2-6348-000, SEPARATION PAD TRAY 1, HP LJ 2100/2200','','pc','B','4010','5010','1510','5040','1530','0','0','0','0','0','0','0','0','0','0','0'), ('PRP-0230','3','1','RB2-6349-000, SEPARATION PAD TRAY 2, HP LJ 2100/2200','','pc','B','4010','5010','1510','5040','1530','0','0','0','0','0','0','0','0','0','0','0'), ('PRP-0231','3','1','RB2-6368-000, FUSER PRESSURE ROLLER, HP LJ 2200','','pc','B','4010','5010','1510','5040','1530','0','0','0','0','0','0','0','0','0','0','0'), ('PRP-0232','3','1','RB2-8363-000, PICK-UP ROLLER, HP LJ 4600','','pc','B','4010','5010','1510','5040','1530','0','0','0','0','0','0','0','0','0','0','0'), ('PRP-0233','3','1','RB2-8365-000, ROLLER, PAPER FEED HP LJ 4600','','pc','B','4010','5010','1510','5040','1530','0','0','0','0','0','0','0','0','0','0','0'), ('PRP-0234','3','1','RC1-0062-ASM, GUIDE ASSEMBLY, DELIVERY HP LJ 4200','','pc','B','4010','5010','1510','5040','1530','0','0','0','0','0','0','0','0','0','0','0'), ('PRP-0235','3','1','RC1-0070-000, FUSER PRESSURE ROLLER, HP LJ 4200/4300','','pc','B','4010','5010','1510','5040','1530','0','0','0','0','0','0','0','0','0','0','0'), ('PRP-0236','3','1','RC1-0072-000, GUIDE, LOWER ENTRANCE, HP LJ 4200/4300','','pc','B','4010','5010','1510','5040','1530','0','0','0','0','0','0','0','0','0','0','0'), ('PRP-0237','3','1','RC1-0080-000, FACE-UP ROLLER, HP LJ 4250','','pc','B','4010','5010','1510','5040','1530','0','0','0','0','0','0','0','0','0','0','0'), ('PRP-0238','3','1','RC1-0325-000, COVER, SENSOR LEVER, HP LJ 4200/4250/4300','','pc','B','4010','5010','1510','5040','1530','0','0','0','0','0','0','0','0','0','0','0'), ('PRP-0239','3','1','RC1-0325-KIT, SENSOR COVER KIT, HP LJ 4200/4250/4300','','pc','B','4010','5010','1510','5040','1530','0','0','0','0','0','0','0','0','0','0','0'), ('PRP-0240','3','1','RC1-0939-000, SEPARATION PAD TRAY 1, HP LJ 2300/2400/P3005','','pc','B','4010','5010','1510','5040','1530','0','0','0','0','0','0','0','0','0','0','0'), ('PRP-0241','3','1','RC1-0945-000, PICK-UP ROLLER, HP LJ 2300','','pc','B','4010','5010','1510','5040','1530','0','0','0','0','0','0','0','0','0','0','0'), ('PRP-0242','3','1','RC1-0954-000, SEPARATION PAD TRAY 2, HP LJ 2300/2500/3500','','pc','B','4010','5010','1510','5040','1530','0','0','0','0','0','0','0','0','0','0','0'), ('PRP-0243','3','1','RC1-0974-000, GUIDE, ENTRANCE, HP LJ 2300','','pc','B','4010','5010','1510','5040','1530','0','0','0','0','0','0','0','0','0','0','0'), ('PRP-0244','3','1','RC1-0988-000, BUSHING, PRESSURE ROLLER, HP LJ 2300','','pc','B','4010','5010','1510','5040','1530','0','0','0','0','0','0','0','0','0','0','0'), ('PRP-0245','3','1','RC1-0991-000, FUSER PRESSURE ROLLER, HP LJ 2300','','pc','B','4010','5010','1510','5040','1530','0','0','0','0','0','0','0','0','0','0','0'), ('PRP-0246','3','1','RC1-1790-000, PICK-UP GEAR (28T), HP LJ 1300','','pc','B','4010','5010','1510','5040','1530','0','0','0','0','0','0','0','0','0','0','0'), ('PRP-0247','3','1','RC1-2038-000, SEPARATION PAD ONLY, HP LJ 1010/1020','','pc','B','4010','5010','1510','5040','1530','0','0','0','0','0','0','0','0','0','0','0'), ('PRP-0248','3','1','RC1-2095-000, GUIDE, FUSER EXIT, HP LJ 1010/1020','','pc','B','4010','5010','1510','5040','1530','0','0','0','0','0','0','0','0','0','0','0'), ('PRP-0249','3','1','RC1-3329-ASM, GUIDE ASSY., DELIVERY, HP LJ 4250','','pc','B','4010','5010','1510','5040','1530','0','0','0','0','0','0','0','0','0','0','0'), ('PRP-0250','3','1','RC1-3609-000, BUSHING, PRESSURE ROLLER, RIGHT, HP LJ 1320/1160','','pc','B','4010','5010','1510','5040','1530','0','0','0','0','0','0','0','0','0','0','0'), ('PRP-0251','3','1','RC1-3616-000, LEVER, FUSER HOLDING, RIGHT, HP LJ 1320/1160/P2015','','pc','B','4010','5010','1510','5040','1530','0','0','0','0','0','0','0','0','0','0','0'), ('PRP-0252','3','1','RC1-3617-000, LEVER, FUSER HOLDING, LEFT, HP LJ 1320/1160/P2015','','pc','B','4010','5010','1510','5040','1530','0','0','0','0','0','0','0','0','0','0','0'), ('PRP-0253','3','1','RC1-5059-000, SENSOR FLAG, ENTRANCE GUIDE, HP LJ 2600','','pc','B','4010','5010','1510','5040','1530','0','0','0','0','0','0','0','0','0','0','0'), ('PRP-0254','3','1','RC1-5060-000, GUIDE, UPPER PAPER DELIVERY, HP LJ 2600','','pc','B','4010','5010','1510','5040','1530','0','0','0','0','0','0','0','0','0','0','0'), ('PRP-0255','3','1','RC1-5567-000, LEVER, LEFT TENSION, HP LJ 1022','','pc','B','4010','5010','1510','5040','1530','0','0','0','0','0','0','0','0','0','0','0'), ('PRP-0256','3','1','RS5-0229-000, GEAR (23T) HP LJ 4/4+/5','','pc','B','4010','5010','1510','5040','1530','0','0','0','0','0','0','0','0','0','0','0'), ('PRP-0257','3','1','RS5-0231-000, FUSER GEAR(19T), HP LJ 5P/6P','','pc','B','4010','5010','1510','5040','1530','0','0','0','0','0','0','0','0','0','0','0'), ('PRP-0258','3','1','RS5-0237-000, GEAR(17T/23T), HP LJ 4/4+','','pc','B','4010','5010','1510','5040','1530','0','0','0','0','0','0','0','0','0','0','0'), ('PRP-0259','3','1','RS5-0388-000, FUSER GEAR, HEAT ROLLER(42T), HP LJ 4+/5','','pc','B','4010','5010','1510','5040','1530','0','0','0','0','0','0','0','0','0','0','0'), ('PRP-0260','3','1','RS5-0636-000, FUSER GEAR(16T), HP LJ 5P/6P','','pc','B','4010','5010','1510','5040','1530','0','0','0','0','0','0','0','0','0','0','0'), ('PRP-0261','3','1','RS5-0637-000, FUSER GEAR, PRESSURE ROLLER(24T), HP LJ 5P/6P','','pc','B','4010','5010','1510','5040','1530','0','0','0','0','0','0','0','0','0','0','0'), ('PRP-0262','3','1','RS5-0978-6P, FUSER GEAR(17T/16T), HP LJ 6P','','pc','B','4010','5010','1510','5040','1530','0','0','0','0','0','0','0','0','0','0','0'), ('PRP-0263','3','1','RS5-1296-000, BUSHING, DELIVERY ROLLER, HP LJ 4000/4050','','pc','B','4010','5010','1510','5040','1530','0','0','0','0','0','0','0','0','0','0','0'), ('PRP-0264','3','1','RS5-1297-000, BUSHING, PRESSURE ROLLER, HP LJ 4000/4050','','pc','B','4010','5010','1510','5040','1530','0','0','0','0','0','0','0','0','0','0','0'), ('PRP-0265','3','1','RS5-1310-000, BUSHING, PRESSURE ROLLER, HP LJ 4000/4050','','pc','B','4010','5010','1510','5040','1530','0','0','0','0','0','0','0','0','0','0','0'), ('PRP-0266','3','1','RS5-1389-000, BUSHING, PRESSURE ROLLER, HP LJ 5000/5100','','pc','B','4010','5010','1510','5040','1530','0','0','0','0','0','0','0','0','0','0','0'), ('PRP-0267','3','1','RS6-0923-000, FUSER GEAR(29T), HP LJ 2200/2300','','pc','B','4010','5010','1510','5040','1530','0','0','0','0','0','0','0','0','0','0','0'), ('PRP-0268','3','1','RS6-2022-000, SPRING TRANSFER ROLLER, HP LJ 2200','','pc','B','4010','5010','1510','5040','1530','0','0','0','0','0','0','0','0','0','0','0'), ('PRP-0269','3','1','RU5-0185-000, FUSER GEAR (29T), HP LJ 1010/1020/3015/3050','','pc','B','4010','5010','1510','5040','1530','0','0','0','0','0','0','0','0','0','0','0'), ('PRP-0270','3','1','RU5-0331-000, FUSER GEAR (29T), HP LJ 1320/1160/2400','','pc','B','4010','5010','1510','5040','1530','0','0','0','0','0','0','0','0','0','0','0'), ('PRP-0271','3','1','RU5-0377-000, GEAR (21T), HP LJ 2400','','pc','B','4010','5010','1510','5040','1530','0','0','0','0','0','0','0','0','0','0','0'), ('PRP-0272','3','1','RU5-0378-000, GEAR (20T), HP LJ 2400','','pc','B','4010','5010','1510','5040','1530','0','0','0','0','0','0','0','0','0','0','0'), ('PRP-0273','3','1','RU5-0433-000, GEAR (30T), PRESSURE ROLLER, HP LJ 2600','','pc','B','4010','5010','1510','5040','1530','0','0','0','0','0','0','0','0','0','0','0'), ('PRP-0274','3','1','RU5-0523-000, GEAR (37T), PRESSURE ROLLER','','pc','B','4010','5010','1510','5040','1530','0','0','0','0','0','0','0','0','0','0','0'), ('PRP-0275','3','1','RU5-0556-000, GEAR (29T), FUSER, HP LJ 5200','','pc','B','4010','5010','1510','5040','1530','0','0','0','0','0','0','0','0','0','0','0'), ('PRP-0276','3','1','RU5-0577-000, GEAR (31T), FUSER DRIVE, HP LJ 5200','','pc','B','4010','5010','1510','5040','1530','0','0','0','0','0','0','0','0','0','0','0'), ('PRP-0277','3','1','RY7-1100-000, SEPARATION SPACER KIT, HP LJ 1100','','pc','B','4010','5010','1510','5040','1530','0','0','0','0','0','0','0','0','0','0','0'), ('PRP-0278','3','1','RY7-5077-000, SEPARATION PAD KIT, HP LJ 5L/6L','','pc','B','4010','5010','1510','5040','1530','0','0','0','0','0','0','0','0','0','0','0'), ('PRP-0279','3','1','SNR-2400-FUSER, SENSOR, DELIVERY, HP LJ 2400','','pc','B','4010','5010','1510','5040','1530','0','0','0','0','0','0','0','0','0','0','0'), ('PRP-0280','3','1','SPR-2400-SNR, SPRING, SENSOR, HP LJ 2400','','pc','B','4010','5010','1510','5040','1530','0','0','0','0','0','0','0','0','0','0','0'), ('PRP-0281','3','1','SPR-2400-UDR, SPRING, UPPER DELIVERY ROLLER, HP LJ 2400','','pc','B','4010','5010','1510','5040','1530','0','0','0','0','0','0','0','0','0','0','0'), ('PRP-0282','3','1','SPR-4100-USG, SPRING, UPPER SEPARATION GUIDE','','pc','B','4010','5010','1510','5040','1530','0','0','0','0','0','0','0','0','0','0','0'), ('PRP-0283','3','1','UFR-SM1510, UPPER PRESSURE ROLLER, SAMSUNG ML 1610/1640','','pc','B','4010','5010','1510','5040','1530','0','0','0','0','0','0','0','0','0','0','0'), ('PRT-0001','2','1','CANON LBP-2900 LASER PRINTER ','','unit','B','4010','5010','1510','5040','1530','0','0','0','0','10','0','0','0','0','1','3');
INSERT INTO `0_stock_master` VALUES ('PRT-0002','2','1','HP P1102 LASERJET PRINTER ','','unit','B','4010','5010','1510','5040','1530','0','0','0','0','10','0','0','0','0','1','3'), ('PRT-0003','2','1',' HP 2300 LASERJET PRINTER ','','pc','B','4010','5010','1510','5040','1530','0','0','0','0','0','0','0','0','0','0','0'), ('PRT-0004','2','1','HP 5000 LASERJET PRINTER ','','unit','B','4010','5010','1510','5040','1530','0','0','0','0','0','0','0','0','0','0','0'), ('PRT-0005','2','1','HP 4000 LASERJET PRINTER ','','unit','B','4010','5010','1510','5040','1530','0','0','0','0','0','0','0','0','0','0','0'), ('PRT-0006','2','1','HP 2300N LASERJET PRINTER ','','unit','B','4010','5010','1510','5040','1530','0','0','0','0','0','0','0','0','0','0','0'), ('PRT-0007','2','1','HP 5000N LASERJET PRINTER ','','unit','B','4010','5010','1510','5040','1530','0','0','0','0','0','0','0','0','0','0','0'), ('PRT-0008','2','1','HP 4000N LASERJET PRINTER ','','unit','B','4010','5010','1510','5040','1530','0','0','0','0','0','0','0','0','0','0','0'), ('PRT-0009','2','1',' HP M1212NF LASERJET PRINTER','','unit','B','4010','5010','1510','5040','1530','0','0','0','0','0','0','0','0','0','0','0'), ('PRT-0010','2','1','HP M1132 LASERJET PRINTER ','','unit','B','4010','5010','1510','5040','1530','0','0','0','0','0','0','0','0','0','0','0'), ('PRT-0011','2','1','HP 1010 LASERJET PRINTER ','','unit','B','4010','5010','1510','5040','1530','0','0','0','0','0','0','0','0','0','0','0'), ('PRT-0012','2','1','HP 1020 LASERJET PRINTER ','','unit','B','4010','5010','1510','5040','1530','0','0','0','0','0','0','0','0','0','0','0'), ('TNR-0001','1','1','OPTIMUM, OPT-12A, TONER CARTRIDGE','','pc','M','4010','5010','1510','5040','1530','0','0','0','0','284.37','0','0','0','0','1','3'), ('TNR-0002','1','1','OPTIMUM, OPT-35A, TONER CARTRIDGE','','pc','M','4010','5010','1510','5040','1530','0','0','0','0','0','0','0','0','0','0','0'), ('TNR-0003','1','1','OPTIMUM, OPT-D105L, TONER CARTRIDGE','','pc','M','4010','5010','1510','5040','1530','0','0','0','0','0','0','0','0','0','0','0'), ('TNR-0004','1','1','OPTIMUM, OPT-TN2150, TONER CARTRIDGE ','','pc','M','4010','5010','1510','5040','1530','0','0','0','0','0','0','0','0','0','0','0'), ('TNR-0005','1','1','OPTIMUM, OPT-D209L, TONER CARTRIDGE ','','pc','M','4010','5010','1510','5040','1530','0','0','0','0','0','0','0','0','0','0','0'), ('TNR-0006','1','1','OPTIMUM, OPT-85AO, TONER CARTRIDGE ','','pc','M','4010','5010','1510','5040','1530','0','0','0','0','0','0','0','0','0','0','0'), ('TNR-0010','1','1','OPTIMUM, OPT-D104, TONER CARTRIDGE ','','pc','M','4010','5010','1510','5040','1530','0','0','0','0','0','0','0','0','0','0','0'), ('TNR-0011','1','1','OPTIMUM, OPT-98A, TONER CARTRIDGE ','','pc','M','4010','5010','1510','5040','1530','0','0','0','0','0','0','0','0','0','0','0'), ('TNR-0012','1','1','OPTIMUM, OPT-92A, TONER CARTRIDGE ','','pc','M','4010','5010','1510','5040','1530','0','0','0','0','0','0','0','0','0','0','0'), ('TNR-0013','1','1','OPTIMUM, OPT-15A, TONER CARTRIDGE ','','pc','M','4010','5010','1510','5040','1530','0','0','0','0','0','0','0','0','0','0','0'), ('TNR-0014','1','1','OPTIMUM, OPT-96A, TONER CARTRIDGE ','','pc','M','4010','5010','1510','5040','1530','0','0','0','0','0','0','0','0','0','0','0'), ('TNR-0015','1','1','OPTIMUM, OPT-27X, TONER CARTRIDGE ','','pc','M','4010','5010','1510','5040','1530','0','0','0','0','0','0','0','0','0','0','0'), ('TNR-0016','1','1','OPTIMUM, OPT-29X, TONER CARTRIDGE ','','pc','M','4010','5010','1510','5040','1530','0','0','0','0','0','0','0','0','0','0','0'), ('TNR-0017','1','1','OPTIMUM, OPT-61X, TONER CARTRIDGE ','','pc','M','4010','5010','1510','5040','1530','0','0','0','0','0','0','0','0','0','0','0'), ('TNR-0018','1','1','OPTIMUM, OPT-13A, TONER CARTRIDGE ','','pc','M','4010','5010','1510','5040','1530','0','0','0','0','0','0','0','0','0','0','0'), ('TNR-0019','1','1','OPTIMUM, OPT-24A, TONER CARTRIDGE ','','pc','M','4010','5010','1510','5040','1530','0','0','0','0','0','0','0','0','0','0','0'), ('TNR-0020','1','1','OPTIMUM, OPT-49A, TONER CARTRIDGE ','','pc','M','4010','5010','1510','5040','1530','0','0','0','0','0','0','0','0','0','0','0'), ('TNR-0021','1','1','OPTIMUM, OPT-38A, TONER CARTRIDGE ','','pc','M','4010','5010','1510','5040','1530','0','0','0','0','0','0','0','0','0','0','0'), ('TNR-0022','1','1','OPTIMUM, OPT-42A, TONER CARTRIDGE ','','pc','M','4010','5010','1510','5040','1530','0','0','0','0','0','0','0','0','0','0','0'), ('TNR-0023','1','1','OPTIMUM, OPT-45A, TONER CARTRIDGE ','','pc','M','4010','5010','1510','5040','1530','0','0','0','0','0','0','0','0','0','0','0'), ('TNR-0024','1','1','OPTIMUM, OPT-39A, TONER CARTRIDGE ','','pc','M','4010','5010','1510','5040','1530','0','0','0','0','0','0','0','0','0','0','0'), ('TNR-0025','1','1','OPTIMUM, OPT-11A, TONER CARTRIDGE ','','pc','M','4010','5010','1510','5040','1530','0','0','0','0','0','0','0','0','0','0','0'), ('TNR-0026','1','1','OPTIMUM, OPT-10A, TONER CARTRIDGE ','','pc','M','4010','5010','1510','5040','1530','0','0','0','0','0','0','0','0','0','0','0'), ('TNR-0027','1','1','OPTIMUM, OPT-16A, TONER CARTRIDGE ','','pc','M','4010','5010','1510','5040','1530','0','0','0','0','0','0','0','0','0','0','0'), ('TNR-0028','1','1','OPTIMUM, OPT-53A, TONER CARTRIDGE ','','pc','M','4010','5010','1510','5040','1530','0','0','0','0','0','0','0','0','0','0','0'), ('TNR-0029','1','1','OPTIMUM, OPT-51A, TONER CARTRIDGE ','','pc','M','4010','5010','1510','5040','1530','0','0','0','0','0','0','0','0','0','0','0'), ('TNR-0030','1','1','OPTIMUM, OPT-FX9, TONER CARTRIDGE ','','pc','M','4010','5010','1510','5040','1530','0','0','0','0','0','0','0','0','0','0','0'), ('TNR-0031','1','1','OPTIMUM, OPT-36A, TONER CARTRIDGE ','','pc','M','4010','5010','1510','5040','1530','0','0','0','0','0','0','0','0','0','0','0'), ('TNR-0032','1','1','OPTIMUM, OPT-85A, TONER CARTRIDGE ','','pc','M','4010','5010','1510','5040','1530','0','0','0','0','0','0','0','0','0','0','0'), ('TNR-0033','1','1','OPTIMUM, OPT-78A, TONER CARTRIDGE ','','pc','M','4010','5010','1510','5040','1530','0','0','0','0','0','0','0','0','0','0','0'), ('TNR-0034','1','1','OPTIMUM, OPT-ML2010, TONER CARTRIDGE ','','pc','M','4010','5010','1510','5040','1530','0','0','0','0','0','0','0','0','0','0','0'), ('TNR-0035','1','1','OPTIMUM, OPT-ML1610, TONER CARTRIDGE ','','pc','M','4010','5010','1510','5040','1530','0','0','0','0','0','0','0','0','0','0','0'), ('TNR-0036','1','1','OPTIMUM, OPT-D108, TONER CARTRIDGE ','','pc','M','4010','5010','1510','5040','1530','0','0','0','0','0','0','0','0','0','0','0'), ('TNR-0037','1','1','OPTIMUM, OPT-SCX4521, TONER CARTRIDGE ','','pc','M','4010','5010','1510','5040','1530','0','0','0','0','0','0','0','0','0','0','0'), ('TNR-0038','1','1','OPTIMUM, OPT-D109, TONER CARTRIDGE ','','pc','M','4010','5010','1510','5040','1530','0','0','0','0','0','0','0','0','0','0','0'), ('TNR-0039','1','1','OPTIMUM, OPT-SCX4200, TONER CARTRIDGE ','','pc','M','4010','5010','1510','5040','1530','0','0','0','0','0','0','0','0','0','0','0'), ('TNR-0040','1','1','OPTIMUM, OPT-PE220, TONER CARTRIDGE ','','pc','M','4010','5010','1510','5040','1530','0','0','0','0','0','0','0','0','0','0','0'), ('TNR-0041','1','1','OPTIMUM, OPT-X3124, TONER CARTRIDGE ','','pc','M','4010','5010','1510','5040','1530','0','0','0','0','0','0','0','0','0','0','0'), ('TNR-0042','1','1','OPTIMUM, OPT-TK100, TONER CARTRIDGE ','','pc','M','4010','5010','1510','5040','1530','0','0','0','0','0','0','0','0','0','0','0'), ('TNR-0043','1','1','OPTIMUM, OPT-TK410, TONER CARTRIDGE ','','pc','M','4010','5010','1510','5040','1530','0','0','0','0','0','0','0','0','0','0','0'), ('TNR-0044','1','1','OPTIMUM, OPT-05A, TONER CARTRIDGE','','pc','M','4010','5010','1510','5040','1530','0','0','0','0','0','0','0','0','0','0','0'), ('TNR-0045','1','1','OPTIMUM, OPT-55A, TONER CARTRIDGE ','','pc','M','4010','5010','1510','5040','1530','0','0','0','0','0','0','0','0','0','0','0'), ('TNR-0046','1','1','OPTIMUM, OPT-TN2130, TONER CARTRIDGE ','','pc','M','4010','5010','1510','5040','1530','0','0','0','0','0','0','0','0','0','0','0'), ('TNR-0047','1','1','OPTIMUM, OPT-SCX4725, TONER CARTRIDGE ','','pc','M','4010','5010','1510','5040','1530','0','0','0','0','0','0','0','0','0','0','0'), ('TNR-0048','1','1','OPTIMUM, OPT-6000A - BLACK, TONER CARTRIDGE','','pc','M','4010','5010','1510','5040','1530','0','0','0','0','0','0','0','0','0','0','0'), ('TNR-0049','1','1','OPTIMUM, OPT-6001A - CYAN, TONER CARTRIDGE','','pc','M','4010','5010','1510','5040','1530','0','0','0','0','0','0','0','0','0','0','0'), ('TNR-0050','1','1','OPTIMUM, OPT-541A - CYAN, TONER CARTRIDGE','','pc','M','4010','5010','1510','5040','1530','0','0','0','0','0','0','0','0','0','0','0'), ('TNR-0051','1','1','OPTIMUM, OPT-6002A - YELLOW, TONER CARTRIDGE','','pc','M','4010','5010','1510','5040','1530','0','0','0','0','0','0','0','0','0','0','0'), ('TNR-0052','1','1','OPTIMUM, OPT-6003A - MAGENTA, TONER CARTRIDGE','','pc','M','4010','5010','1510','5040','1530','0','0','0','0','0','0','0','0','0','0','0'), ('TNR-0053','1','1','OPTIMUM, OPT-540A - BLACK, TONER CARTRIDGE','','pc','M','4010','5010','1510','5040','1530','0','0','0','0','0','0','0','0','0','0','0'), ('TNR-0054','1','1','OPTIMUM, OPT-542A - YELLOW, TONER CARTRIDGE','','pc','M','4010','5010','1510','5040','1530','0','0','0','0','0','0','0','0','0','0','0'), ('TNR-0055','1','1','OPTIMUM, OPT-543A - MAGENTA, TONER CARTRIDGE','','pc','M','4010','5010','1510','5040','1530','0','0','0','0','0','0','0','0','0','0','0'), ('TNR-0056','1','1','OPTIMUM, OPT-530A - BLACK, TONER CARTRIDGE','','pc','M','4010','5010','1510','5040','1530','0','0','0','0','0','0','0','0','0','0','0'), ('TNR-0057','1','1','OPTIMUM, OPT-531A - CYAN, TONER CARTRIDGE','','pc','M','4010','5010','1510','5040','1530','0','0','0','0','0','0','0','0','0','0','0'), ('TNR-0058','1','1','OPTIMUM, OPT-532A - YELLOW, TONER CARTRIDGE','','pc','M','4010','5010','1510','5040','1530','0','0','0','0','0','0','0','0','0','0','0'), ('TNR-0059','1','1','OPTIMUM, OPT-533A - MAGENTA, TONER CARTRIDGE','','pc','M','4010','5010','1510','5040','1530','0','0','0','0','0','0','0','0','0','0','0'), ('TNR-0060','1','1','OPTIMUM, OPT-C1110K - BLACK, TONER CARTRIDGE','','pc','M','4010','5010','1510','5040','1530','0','0','0','0','0','0','0','0','0','0','0'), ('TNR-0061','1','1','OPTIMUM, OPT-C1110C - CYAN, TONER CARTRIDGE','','pc','M','4010','5010','1510','5040','1530','0','0','0','0','0','0','0','0','0','0','0'), ('TNR-0062','1','1','OPTIMUM, OPT-C1110Y - YELLOW, TONER CARTRIDGE','','pc','M','4010','5010','1510','5040','1530','0','0','0','0','0','0','0','0','0','0','0'), ('TNR-0063','1','1','OPTIMUM, OPT-C1110M - MAGENTA, TONER CARTRIDGE','','pc','M','4010','5010','1510','5040','1530','0','0','0','0','0','0','0','0','0','0','0'), ('TNR-0064','1','1','OPTIMUM, OPT-320A - BLACK, TONER CARTRIDGE','','pc','M','4010','5010','1510','5040','1530','0','0','0','0','0','0','0','0','0','0','0'), ('TNR-0065','1','1','OPTIMUM, OPT-321A - CYAN, TONER CARTRIDGE','','pc','M','4010','5010','1510','5040','1530','0','0','0','0','0','0','0','0','0','0','0'), ('TNR-0066','1','1','OPTIMUM, OPT-322A - YELLOW, TONER CARTRIDGE','','pc','M','4010','5010','1510','5040','1530','0','0','0','0','0','0','0','0','0','0','0'), ('TNR-0067','1','1','OPTIMUM, OPT-323A - MAGENTA, TONER CARTRIDGE','','pc','M','4010','5010','1510','5040','1530','0','0','0','0','0','0','0','0','0','0','0'), ('TNR-0068','1','1','OPTIMUM, OPT-06A, TONER CARTRIDGE','','pc','M','4010','5010','1510','5040','1530','0','0','0','0','0','0','0','0','0','0','0'), ('TNR-0069','1','1','OPTIMUM, OPT-09A, TONER CARTRIDGE','','pc','M','4010','5010','1510','5040','1530','0','0','0','0','0','0','0','0','0','0','0'), ('TNR-007','1','1','OPTIMUM, OPT-TN2025, TONER CARTRIDGE ','','pc','M','4010','5010','1510','5040','1530','0','0','0','0','0','0','0','0','0','0','0'), ('TNR-0070','1','1','OPTIMUM, OPT-EP22, TONER CARTRIDGE','','pc','M','4010','5010','1510','5040','1530','0','0','0','0','0','0','0','0','0','0','0'), ('TNR-0071','1','1','OPTIMUM, OPT-82X, TONER CARTRIDGE','','pc','M','4010','5010','1510','5040','1530','0','0','0','0','0','0','0','0','0','0','0'), ('TNR-0072','1','1','OPTIMUM, OPT-CRG303, TONER CARTRIDGE','','pc','M','4010','5010','1510','5040','1530','0','0','0','0','0','0','0','0','0','0','0'), ('TNR-0073','1','1','OPTIMUM, OPT-CRG310, TONER CARTRIDGE','','pc','M','4010','5010','1510','5040','1530','0','0','0','0','0','0','0','0','0','0','0'), ('TNR-0074','1','1','OPTIMUM, OPT-CRG315, TONER CARTRIDGE','','pc','M','4010','5010','1510','5040','1530','0','0','0','0','0','0','0','0','0','0','0'), ('TNR-0075','1','1','OPTIMUM, OPT-FX3, TONER CARTRIDGE','','pc','M','4010','5010','1510','5040','1530','0','0','0','0','0','0','0','0','0','0','0'), ('TNR-0076','1','1','OPTIMUM, OPT-CRG312, TONER CARTRIDGE','','pc','M','4010','5010','1510','5040','1530','0','0','0','0','0','0','0','0','0','0','0'), ('TNR-0077','1','1','OPTIMUM, OPT-CRG313, TONER CARTRIDGE','','pc','M','4010','5010','1510','5040','1530','0','0','0','0','0','0','0','0','0','0','0'), ('TNR-0078','1','1','OPTIMUM, OPT-CRG309, TONER CARTRIDGE','','pc','M','4010','5010','1510','5040','1530','0','0','0','0','0','0','0','0','0','0','0'), ('TNR-0079','1','1','OPTIMUM, OPT-64A, TONER CARTRIDGE','','pc','M','4010','5010','1510','5040','1530','0','0','0','0','0','0','0','0','0','0','0'), ('TNR-008','1','1','OPTIMUM, OPT-NPG25, TONER CARTRIDGE ','','pc','M','4010','5010','1510','5040','1530','0','0','0','0','0','0','0','0','0','0','0'), ('TNR-0080','1','1','OPTIMUM, OPT-43X, TONER CARTRIDGE','','pc','M','4010','5010','1510','5040','1530','0','0','0','0','0','0','0','0','0','0','0'), ('TNR-0081','1','1','OPTIMUM, OPT-SF560, TONER CARTRIDGE','','pc','M','4010','5010','1510','5040','1530','0','0','0','0','0','0','0','0','0','0','0'), ('TNR-0082','1','1','OPTIMUM, OPT-ML1640, TONER CARTRIDGE','','pc','M','4010','5010','1510','5040','1530','0','0','0','0','0','0','0','0','0','0','0'), ('TNR-0083','1','1','OPTIMUM, OPT-X3116, TONER CARTRIDGE','','pc','M','4010','5010','1510','5040','1530','0','0','0','0','0','0','0','0','0','0','0'), ('TNR-0084','1','1','OPTIMUM, OPT-74A, TONER CARTRIDGE','','pc','M','4010','5010','1510','5040','1530','0','0','0','0','0','0','0','0','0','0','0'), ('TNR-0085','1','1','OPTIMUM, OPT-ML3050B, TONER CARTRIDGE','','pc','M','4010','5010','1510','5040','1530','0','0','0','0','0','0','0','0','0','0','0'), ('TNR-0086','1','1','OPTIMUM, OPT-ML2850B, TONER CARTRIDGE','','pc','M','4010','5010','1510','5040','1530','0','0','0','0','0','0','0','0','0','0','0'), ('TNR-0087','1','1','OPTIMUM, OPT-00A, TONER CARTRIDGE','','pc','M','4010','5010','1510','5040','1530','0','0','0','0','0','0','0','0','0','0','0'), ('TNR-0088','1','1','OPTIMUM, OPT-SCX4216, TONER CARTRIDGE','','pc','M','4010','5010','1510','5040','1530','0','0','0','0','0','0','0','0','0','0','0'), ('TNR-0089','1','1','OPTIMUM, OPT-ML1710, TONER CARTRIDGE','','pc','M','4010','5010','1510','5040','1530','0','0','0','0','0','0','0','0','0','0','0'), ('TNR-009','1','1','OPTIMUM, OPT-NPG28, TONER CARTRIDGE ','','pc','M','4010','5010','1510','5040','1530','0','0','0','0','0','0','0','0','0','0','0');
INSERT INTO `0_stock_master` VALUES ('TNR-0090','1','1','OPTIMUM, OPT-D203A, TONER CARTRIDGE','','pc','M','4010','5010','1510','5040','1530','0','0','0','0','0','0','0','0','0','0','0'), ('TNR-0091','1','1','OPTIMUM, OPT-X3200, TONER CARTRIDGE','','pc','M','4010','5010','1510','5040','1530','0','0','0','0','0','0','0','0','0','0','0'), ('TNR-0092','1','1','OPTIMUM, OPT-X3119, TONER CARTRIDGE','','pc','M','4010','5010','1510','5040','1530','0','0','0','0','0','0','0','0','0','0','0'), ('TNR-0093','1','1','OPTIMUM, OPT-03A, TONER CARTRIDGE','','pc','M','4010','5010','1510','5040','1530','0','0','0','0','0','0','0','0','0','0','0'), ('TNR-0094','1','1','OPTIMUM, OPT-DR2025, TONER CARTRIDGE','','pc','M','4010','5010','1510','5040','1530','0','0','0','0','0','0','0','0','0','0','0'), ('TNR-0095','1','1','OPTIMUM, OPT-X525Y - YELLOW, TONER CARTRIDGE','','pc','M','4010','5010','1510','5040','1530','0','0','0','0','0','0','0','0','0','0','0'), ('TNR-0096','1','1','OPTIMUM, OPT-TN3145, TONER CARTRIDGE','','pc','M','4010','5010','1510','5040','1530','0','0','0','0','0','0','0','0','0','0','0'), ('TNR-0097','1','1','OPTIMUM, OPT-TN3185, TONER CARTRIDGE','','pc','M','4010','5010','1510','5040','1530','0','0','0','0','0','0','0','0','0','0','0'), ('TNR-0098','1','1','OPTIMUM, OPT-TN3290, TONER CARTRIDGE','','pc','M','4010','5010','1510','5040','1530','0','0','0','0','0','0','0','0','0','0','0'), ('TNR-0099','1','1','OPTIMUM, OPT-TN3030, TONER CARTRIDGE','','pc','M','4010','5010','1510','5040','1530','0','0','0','0','0','0','0','0','0','0','0'), ('TNR-0100','1','1','OPTIMUM, OPT-TN4100, TONER CARTRIDGE','','pc','M','4010','5010','1510','5040','1530','0','0','0','0','0','0','0','0','0','0','0'), ('TNR-0101','1','1','OPTIMUM, OPT-TK135, TONER CARTRIDGE','','pc','M','4010','5010','1510','5040','1530','0','0','0','0','0','0','0','0','0','0','0'), ('TNR-0102','1','1','OPTIMUM, OPT-409K - BLACK, TONER CARTRIDGE','','pc','M','4010','5010','1510','5040','1530','0','0','0','0','0','0','0','0','0','0','0'), ('TNR-0103','1','1','OPTIMUM, OPT-409C - CYAN, TONER CARTRIDGE','','pc','M','4010','5010','1510','5040','1530','0','0','0','0','0','0','0','0','0','0','0'), ('TNR-0104','1','1','OPTIMUM, OPT-409Y - YELLOW, TONER CARTRIDGE','','pc','M','4010','5010','1510','5040','1530','0','0','0','0','0','0','0','0','0','0','0'), ('TNR-0105','1','1','OPTIMUM, OPT-409M - MAGENTA, TONER CARTRIDGE','','pc','M','4010','5010','1510','5040','1530','0','0','0','0','0','0','0','0','0','0','0'), ('TNR-0106','1','1','OPTIMUM, OPT-TN240BK - BLACK, TONER CARTRIDGE','','pc','M','4010','5010','1510','5040','1530','0','0','0','0','0','0','0','0','0','0','0'), ('TNR-0107','1','1','OPTIMUM, OPT-TN240C - CYAN, TONER CARTRIDGE','','pc','M','4010','5010','1510','5040','1530','0','0','0','0','0','0','0','0','0','0','0'), ('TNR-0108','1','1','OPTIMUM, OPT-TN240M - MAGENTA, TONER CARTRIDGE','','pc','M','4010','5010','1510','5040','1530','0','0','0','0','0','0','0','0','0','0','0'), ('TNR-0109','1','1','OPTIMUM, OPT-TN240Y - YELLOW, TONER CARTRIDGE','','pc','M','4010','5010','1510','5040','1530','0','0','0','0','0','0','0','0','0','0','0'), ('TNR-0110','1','1','OPTIMUM, OPT-X525K - BLACK, TONER CARTRIDGE','','pc','M','4010','5010','1510','5040','1530','0','0','0','0','0','0','0','0','0','0','0'), ('TNR-0111','1','1','OPTIMUM, OPT-X525C - CYAN, TONER CARTRIDGE','','pc','M','4010','5010','1510','5040','1530','0','0','0','0','0','0','0','0','0','0','0'), ('TNR-0112','1','1','OPTIMUM, OPT-X525M - MAGENTA, TONER CARTRIDGE','','pc','M','4010','5010','1510','5040','1530','0','0','0','0','0','0','0','0','0','0','0');
INSERT INTO `0_stock_master_12` VALUES ('1111111','1','1','qwwwwwwwkkkkk','','kg','B','4010','5010','1510','5040','1530','0','0','0','0','10','0','0','0','0','1','0'), ('CON-0001','1','1','OPT-12A, Optimum Toner Cartridge','','pc','M','4010','5010','1510','5040','1530','0','0','0','0','30000','0','0','0','0','0','0'), ('CON-0002','1','1','OPT-35A, Optimum Toner Cartridge','','pc','M','4010','5010','1510','5040','1530','0','0','0','0','1150000','0','0','0','0','0','0'), ('CON-0003','1','1','OPT-D105, Optimum Toner Cartridge','','pc','M','4010','5010','1510','5040','1530','0','0','0','0','0','0','0','0','0','0','0'), ('CON-0004','1','1','OPT-TN2150, Optimum Toner Cartridge','','pc','M','4010','5010','1510','5040','1530','0','0','0','0','0','0','0','0','0','0','0'), ('CON-0005','1','1','OPT-D209, Optimum Toner Cartridge','','pc','M','4010','5010','1510','5040','1530','0','0','0','0','0','0','0','0','0','0','0'), ('CON-0006','1','1','OPT-85AO, Optimum Toner Cartridge','','pc','M','4010','5010','1510','5040','1530','0','0','0','0','0','0','0','0','0','0','0'), ('CON-0007','1','1','OPT-TN2025, Optimum Toner Cartridge','','pc','M','4010','5010','1510','5040','1530','0','0','0','0','0','0','0','0','0','0','0'), ('CON-0008','1','1','OPT-NPG25, Optimum Toner Cartridge','','pc','M','4010','5010','1510','5040','1530','0','0','0','0','0','0','0','0','0','0','0'), ('CON-0009','1','1','OPT-NPG28, Optimum Toner Cartridge','','pc','M','4010','5010','1510','5040','1530','0','0','0','0','0','0','0','0','0','0','0'), ('CON-0010','1','1','OPT-D104, Optimum Toner Cartridge','','pc','M','4010','5010','1510','5040','1530','0','0','0','0','0','0','0','0','0','0','0'), ('MNFC-001','1','1','manufactered','','pc','M','4010','5010','1510','5040','1530','0','0','0','0','1150000','0','0','0','0','0','1'), ('PRP-0001','3','1','BSH-2600-PL, Bushing, Left, Pressure Roller','for HP2600','pc','B','4010','5010','1510','5040','1530','0','0','0','0','0','0','0','0','0','0','0'), ('PRP-0002','3','1','BSH-P1008-LOW, Bushing, Pressure Roller','for HP P1006','pc','B','4010','5010','1510','5040','1530','0','0','0','0','0','0','0','0','0','0','0'), ('PRP-0003','3','1','RA0-1094-000, Bushing, Pressure Roller','for HP 1100/1200/1220/1300','pc','B','4010','5010','1510','5040','1530','0','0','0','0','0','0','0','0','0','0','0'), ('PRP-0004','3','1','RA0-1095-000, Bushing, Pressure Roller','for HP 1100/1200/1300','pc','B','4010','5010','1510','5040','1530','0','0','0','0','0','0','0','0','0','0','0'), ('PRP-0005','3','1','BSH-1010-P, Bushing, Pressure Roller','for HP 1010/1020/1022/3015/3020/3030','pc','B','4010','5010','1510','5040','1530','0','0','0','0','0','0','0','0','0','0','0'), ('PRP-0006','3','1','RB2-2973-000, Bushing, Pressure Roller','for HP 2100/2200','pc','B','4010','5010','1510','5040','1530','0','0','0','0','0','0','0','0','0','0','0'), ('PRT-0001','2','1','LBP-2900, Canon Laser Printer','','unit','B','4010','5010','1510','5040','1530','0','0','0','10000','10000','0','0','0','0','0','0'), ('PRT-0002','2','2','P1102, HP LaserJet Printer','','unit','B','4010','5010','1510','5040','1530','0','0','0','0','10000','0','0','0','0','0','0'), ('PRT-0003','2','1','2300, HP LaserJet Printer','','pc','B','4010','5010','1510','5040','1530','0','0','0','0','10000','0','0','0','0','0','0'), ('PRT-0004','2','1','5000, HP LaserJet Printer','','unit','B','4010','5010','1510','5040','1530','0','0','0','0','0','0','0','0','0','0','0'), ('PRT-0005','2','1','4000, HP LaserJet Printer','','unit','B','4010','5010','1510','5040','1530','0','0','0','0','0','0','0','0','0','0','0'), ('PRT-0006','2','1','2300N, HP LaserJet Printer','','unit','B','4010','5010','1510','5040','1530','0','0','0','0','0','0','0','0','0','0','0'), ('PRT-0007','2','1','5000N, HP LaserJet Printer','','unit','B','4010','5010','1510','5040','1530','0','0','0','0','0','0','0','0','0','0','0'), ('PRT-0008','2','1','4000N, HP LaserJet Printer','','unit','B','4010','5010','1510','5040','1530','0','0','0','0','0','0','0','0','0','0','0'), ('PRT-0009','2','1','M1212NF, HP LaserJet Printer','','unit','B','4010','5010','1510','5040','1530','0','0','0','0','0','0','0','0','0','0','0'), ('PRT-0010','2','1','M1132, HP LaserJet Printer','','unit','B','4010','5010','1510','5040','1530','0','0','0','0','0','0','0','0','0','0','0');
INSERT INTO `0_stock_moves` VALUES ('1','1','EMP-0008','17','BCD','2011-12-20','1','0','1','100','0','45','1'), ('2','1','EMP-0008','29','BCD','2011-12-20','0','0','','-1','0','0','1'), ('3','1','TNR-0001','29','BCD','2011-12-20','0','0','','1','0','0','1'), ('4','1','PRM-0032','25','CEB','2011-12-21','4','10','','1','0','10','1'), ('5','2','PRM-0029','25','CEB','2011-12-21','4','10','','5','0','10','1'), ('6','3','PRM-0029','25','CEB','2011-12-21','4','10','','5','0','10','1'), ('7','4','PRT-0002','25','CEB','2011-12-21','4','10','','2','0','10','1'), ('8','1','PRT-0002','13','CEB','2011-12-21','0','12','1','-1','0','10','1'), ('9','2','EMP-0008','29','BCD','2011-12-21','0','0','','-5','0','0','1'), ('10','2','TNR-0001','29','BCD','2011-12-21','0','0','','5','0','0','1'), ('11','3','EMP-0008','29','BCD','2011-12-21','0','0','','-1','0','0','1'), ('12','3','TNR-0001','29','BCD','2011-12-21','0','0','','1','0','0','1'), ('14','1','PRT-0002','16','CEB','2011-12-21','1','0','1','-1','0','0','1'), ('15','1','PRT-0002','16','BCD','2011-12-21','1','0','1','1','0','0','1');
INSERT INTO `0_suppliers` VALUES ('4','sample1','sample1','','','','','','','','','','','','PHP','11','0','0','1','0','5010','2100','5060','','0');
INSERT INTO `0_supp_allocations` VALUES ('1','10','2011-12-21','1','22','1','20');
INSERT INTO `0_supp_invoice_items` VALUES ('1','1','20','0','1','3','PRM-0032','SCC, HP1012DBLADE, DOCTOR BLADE FOR HP 12A, 15A, 24A, 13A, FX9','1','10','1.0714','');
INSERT INTO `0_supp_trans` VALUES ('1','20','4','1','1','2011-12-21','2012-01-05','8.93','0','1.07','1','10','0'), ('1','22','4','1','','2011-12-21','2011-12-21','-8','0','0','1','10','-2');
INSERT INTO `0_sup_status` VALUES ('1','Repaired'), ('2','Beyond Repair'), ('3','Others');
INSERT INTO `0_sup_type` VALUES ('1','In-House'), ('2','Field');
INSERT INTO `0_sup_warranty` VALUES ('1','Cont SUP'), ('2','Under Warranty');
INSERT INTO `0_sys_types` VALUES ('0','0','1'), ('1','0','1'), ('2','0','1'), ('4','0','1'), ('10','0','1'), ('11','0','1'), ('12','0','1'), ('13','0','2'), ('16','0','2'), ('17','0','2'), ('18','0','5'), ('20','0','2'), ('21','0','1'), ('22','0','2'), ('25','0','5'), ('26','0','4'), ('28','0','4'), ('29','0','4'), ('30','0','2'), ('32','0','1'), ('35','0','1'), ('40','0','1'), ('45','0','2'), ('50','0','1'), ('166','0','2');
INSERT INTO `0_tags` VALUES ('1','1','test','test','0');
INSERT INTO `0_tax_groups` VALUES ('1','Tax','0','0'), ('2','Tax Exempt','0','0'), ('3','group 1','0','0');
INSERT INTO `0_tax_group_items` VALUES ('1','1','5'), ('3','1','12'), ('3','2','2');
INSERT INTO `0_tax_types` VALUES ('1','12','2150','2145','VAT','0'), ('2','-2','1060','2500','Expanded Withholding Tax - Services','0'), ('3','-1','1065','2501','Expanded Withholding Tax - Goods','0');
INSERT INTO `0_toner_cartridge` VALUES ('1','Optinum Toner Cartridge'), ('2','Non - Optinum Toner Cartridge'), ('3','Others');
INSERT INTO `0_trans_tax_details` VALUES ('1','20','1','2011-12-21','1','12','1','1','8.9286','1.071432','1'), ('2','13','1','2011-12-21','1','12','1','1','10.7143','1.285716','1');
INSERT INTO `0_users` VALUES ('1','admin','5f4dcc3b5aa765d61d8327deb882cf99','Administrator','2','','adm@adm.com','en_GB','0','0','0','0','modern226','Letter','2','2','4','1','1','0','0','2011-12-22 03:01:02','30','1','1','','1','0','orders','0','CEB','1'), ('2','prodriguez','5f4dcc3b5aa765d61d8327deb882cf99','Policarpio Rodriguez','10','','','en_GB','0','0','0','0','elegant226','Letter','2','2','4','1','1','0','0','2011-12-15 06:57:01','10','1','1','','1','0','orders','0','BCD','0'), ('3','ruelmangubat','d9764be40e414b5b4d1a682207ff8205','Ruel A. Mangubat','10','032.340.2168','ruel.needink@gmail.com','en_GB','0','0','0','0','elegant226','Letter','2','2','4','1','1','0','0','2011-09-11 09:31:03','10','1','1','','1','0','orders','0','CEB','1'), ('4','roymangubat','84d43b4f6e0a1d6dfc7613415a3d3f8e','Roy A. Mangubat','10','032.340.4946','roy.needink@gmail.com','en_GB','0','0','0','0','elegant226','Letter','2','2','4','1','1','0','0','2011-09-09 07:45:44','10','1','1','','1','0','orders','0','CEB','1'), ('5','rexmangubat','fa400d16f1efa31c3fba7d4148d9941f','Rex A. Mangubat','10','032.340.4946','rex.needink@gmail.com','en_GB','0','0','0','0','elegant226','Letter','2','2','4','1','1','0','0',NULL,'10','1','1','','1','0','orders','0','CEB','1'), ('6','jasongimena','8e815040974c06ea772ac5a66e9ca3ea','Jason M. Gimena','10','032.340.4946','jason.needink@gmail.com','en_GB','0','0','0','0','elegant226','Letter','2','2','4','1','1','0','0',NULL,'10','1','1','','1','0','orders','0','CEB','1'), ('7','vanessamangubat','d778bbd9f8ee3f11dfb77ba29cea9285','Vanessa L. Mangubat','10','032.340.4946','van.needink@gmail.com','en_GB','0','0','0','0','elegant226','Letter','2','2','4','1','1','0','0','2011-09-09 08:34:56','10','1','1','','1','0','orders','0','CEB','1'), ('8','narlitadoong','696d1a33755ed949f82f5ef908d8c84a','Narlita B. Doong','9','032.340.4946','nally.needink@gmail.com','en_GB','0','0','0','0','elegant226','Letter','2','2','4','1','1','0','0','2011-09-10 06:03:33','10','1','1','','1','0','orders','0','CEB','1');
INSERT INTO `0_workcentres` VALUES ('1','Default','','0');
INSERT INTO `0_workorders` VALUES ('1','1','BCD','1','TNR-0001','2011-12-20','2','2012-01-09','2011-12-20','1','1','1','0','1'), ('2','2','BCD','5','TNR-0001','2011-12-21','2','2012-01-10','2011-12-21','5','1','1','0','2'), ('3','3','BCD','2','TNR-0001','2011-12-21','2','2012-01-10','2011-12-21','1','0','1','0','3');
INSERT INTO `0_wo_forms` VALUES ('1','0','26','1'), ('2','0','28','1'), ('3','0','29','1'), ('4','1','26','1'), ('5','1','28','1'), ('6','1','29','1'), ('7','2','26','4'), ('8','2','28','4'), ('9','2','29','4'), ('10','3','26','1'), ('11','3','28','1'), ('12','3','29','1'), ('13','4','26','1'), ('14','4','28','1'), ('15','4','29','1'), ('16','5','26','1'), ('17','5','28','1'), ('18','5','29','1');
INSERT INTO `0_wo_form_trans_type` VALUES ('26','Work Order'), ('28','Work Order Issue'), ('29','Work Order Production');
INSERT INTO `0_wo_issues` VALUES ('1','1','1','2011-12-20','BCD','1','1'), ('2','2','2','2011-12-21','BCD','1','2'), ('3','3','3','2011-12-21','BCD','1','3');
INSERT INTO `0_wo_manufacture` VALUES ('1','1','1','1','2011-12-20','1'), ('2','2','2','5','2011-12-21','2'), ('3','3','3','1','2011-12-21','3');
INSERT INTO `0_wo_requirements` VALUES ('1','1','EMP-0008','1','1','0','BCD','1'), ('2','2','EMP-0008','1','1','0','BCD','5'), ('3','3','EMP-0008','1','1','0','BCD','1');
